Michelle Joy Abel-Shoup,605 Lake Hogan Farm Rd,Chapel Hill NC 27516
Maria & Jospeh Acciarito,211 Turtleback Crossing Dr,Chapel Hill NC 27516
Mark & Thomas Acuff, Elizabeth,103 Hogan Ridge Ct,Chapel Hill NC 27516
Allen D. Aldridge Jr. ,204 Commons Way Dr,Chapel Hill NC 27516
Alexander & Joshua Altman, Paul,1009 Brendan Ct,Chapel Hill NC 27516
John P. Anderson Jr.,113 Hogan Woods Cir,Chapel Hill NC 27516
Amy & John Andres,222 Lake Manor Rd,Chapel Hill NC 27516
Douglas A. Asbury,8216 S Hound Ct,Chapel Hill NC 27516
Elaine & Richard Baiardi,201 Lake Hogan Farm Rd,Chapel Hill NC 27516
Christina K. Balderson,109 North Fields Cir,Chapel Hill NC 27516
Janice M. Baptiste,114 Jones Creek Pl,Chapel Hill NC 27516
Jill & Brandon Barham,207 Towne Ridge Ln,Chapel Hill NC 27516
Kaye & Terry Barker,1608 Skye Dr,Chapel Hill NC 27516
Patricia & Glenn Barth,607 Lake Hogan Farm Rd,Chapel Hill NC 27516
Mary & James Beadle,124 N Fields Cir,Chapel Hill NC 27516
Michael A. Beale,107 Teagan Ct,Chapel Hill NC 27516
Barry A. Bernstein,1001 Camden Ln,Chapel Hill NC 27516
Erin A. Berry,1803 Claymore Rd,Chapel Hill NC 27516
Todd R. Bolon,106 Painted Turtle Ln,Chapel Hill NC 27516
John & Connor Bradfield,126 Shadow Ridge Pl,Chapel Hill NC 27516
Ritchie W. Buckner Jr.,306 Jewell Dr,Chapel Hill NC 27516
Alena M. Callimanis,1004 Camden Ln,Chapel Hill NC 27516
Catherine T. Calvert,1215 Tallyho Trl,Chapel Hill NC 27516
Linda D. Caracci,1702 Homestead Rd,Chapel Hill NC 27516
Price L. Carter,102 Hogan Woods Cir,Chapel Hill NC 27516
Gregory O. & Gragory T. Chandler,2007 S Hawick Ct,Chapel Hill NC 27516
Gary M. Chapel,1004 Staffield Ln,Chapel Hill NC 27516
Jennifer & Bhishamutt Chera,209 Hogan Woods Cir,Chapel Hill NC 27516
Charles M. Christian II,200 Towne Ridge Ln,Chapel Hill NC 27516
Sandra K. Clark,1102 Tallyho Trl,Chapel Hill NC 27516
Janet A. Clayton,300 Lake Manor Rd,Chapel Hill NC 27516
Rosalie & John Cody,208 Lake Manor Rd,Chapel Hill NC 27516
Shari L. Cole,216 Towne Ridge Ln,Chapel Hill NC 27516
Patricia A. Cornell,6011 Meadow Run Ct,Chapel Hill NC 27516
Sue F. Coutret,8116 Reynard Rd,Chapel Hill NC 27516
David M. Cozzens,132 N Fields Cir,Chapel Hill NC 27516
John P. Craig,110 Shadow Ridge Pl,Chapel Hill NC 27516
Elisabeth H. Crummett,2008 S Hawick Ct,Chapel Hill NC 27516
Janice & Alice Cruz,144 North Fields Cir,Chapel Hill NC 27516
Benjamin G. Cutrell,301 Hogan Woods Cir,Chapel Hill NC 27516
Felipe Deguzman,103 Painted Turtle Ln,Chapel Hill NC 27516
John & Erich Dehart,100 South Fields Cir,Chapel Hill NC 27516
Randal J. Dejong,1605 Claymore Rd,Chapel Hill NC 27516
Cynthia J. Denu-Ciocca,104 Lake Ridge Pl,Chapel Hill NC 27516
Marc R. Desormeau,8400 Sterling Bridge Rd,Chapel Hill NC 27516
Kimberly & Raymond Dicecco,112 Jones Creek Pl,Chapel Hill NC 27516
Cheryl L. Doble,115 Shadow Ridge Pl,Chapel Hill NC 27516
Kim D. Elderkin,1220 Tallyho Trl,Chapel Hill NC 27516
L. J. Elliott,3000 Staffield Ln,Chapel Hill NC 27516
Leah C. Engel,212 Commons Way Dr,Chapel Hill NC 27516
Glenn M. Estacio,112 Shadow Ridge Pl,Chapel Hill NC 27516
John A. Ferr,126 N Fields Cir,Chapel Hill NC 27516
Howard J. Forrest,6000 Meadow Run Ct,Chapel Hill NC 27516
Brad Fox,105 Painted Turtle Ln,Chapel Hill NC 27516
Carolyn & John Gallagher,8320 Loch Laven Ln,Chapel Hill NC 27516
Nicholas L. Gallo,3002 Staffield Ln,Chapel Hill NC 27516
Donna B. Gilleskie,308 Hogan Woods Cir,Chapel Hill NC 27516
Sara & Michael Gillmer,237 Towne Ridge Ln,Chapel Hill NC 27516
Thomas P. Girman,107 Turtleback Crossing Dr,Chapel Hill NC 27516
Thomas S. Golding,136 Shadow Ridge Pl,Chapel Hill NC 27516
Robin R. Gonzalez,123 Shadow Ridge Pl,Chapel Hill NC 27516
Janine & John Govert,123 Lake Hogan Farm Rd,Chapel Hill NC 27516
Janet & Donald Guthmiller,409 Hogan Woods Cir,Chapel Hill NC 27516
Jenifer W. Gwaltney,700 Long Meadows Rd,Chapel Hill NC 27516
Donna & Michael Hamilton,2005 S Hawick Ct,Chapel Hill NC 27516
Jeanine & Anne Hamner,128 South Fields Cir,Chapel Hill NC 27516
Joel E. Hand,1807 Claymore Rd,Chapel Hill NC 27516
Sophia & Gunnar Hanson, Sonia,1003 Camden Ln,Chapel Hill NC 27516
John A. Harris,204 Towne Ridge Ln,Chapel Hill NC 27516
Paul W. Harris,219 Towne Ridge Ln,Chapel Hill NC 27516
Thomas J. Harris,104 Jones Creek Pl,Chapel Hill NC 27516
John H. Hastings Jr. ,113 South Fields Cir,Chapel Hill NC 27516
Lisa & John Haus,109 Shadow Ridge Pl,Chapel Hill NC 27516
Donnie D. Haye,107 Lake Manor Rd,Chapel Hill NC 27516
Mary A. Heine,303 Long Meadows Rd,Chapel Hill NC 27516
Theodore F. Heiser,8316 Loch Laven Ln,Chapel Hill NC 27516
John D. Hewitt,114 North Fields Cir,Chapel Hill NC 27516
Jeffrey A. Hinchman,148 North Fields Cir,Chapel Hill NC 27516
Betty & Melvin Hochhalter,1001 Gloucester Ct,Chapel Hill NC 27516
Keith L. Hodge Jr.,217 Towne Ridge Ln,Chapel Hill NC 27516
Marilyn & Thomas Holleran,101 South Fields Cir,Chapel Hill NC 27516
David E. Hume,8409 Inverness Way,Chapel Hill NC 27516
Charles J. Iachetta,124 Shadow Ridge Pl,Chapel Hill NC 27516
Barbara & Glenn Jackson,204 Lake Manor Rd,Chapel Hill NC 27516
Jennifer & Robert Johnson,403 Lake Hogan Farm Rd,Chapel Hill NC 27516
Ronald W. Johnson,103 Commons Way Dr,Chapel Hill NC 27516
Gene A. Jonson,6011 Meadow Run Ct,Chapel Hill NC 27516
Mary & Charles Jordan,1003 Staffield Ln,Chapel Hill NC 27516
Josephine & Kyle Kalkowski,8102 Lair Ct,Chapel Hill NC 27516
Neal G. Kaplan,1215 Tallyho Trl,Chapel Hill NC 27516
Richard & Tyler Kaufman, Nancy, Caroline,1010 Camden Ln,Chapel Hill NC 27516
Nancy E. Keefe,918 Tallyho Trl,Chapel Hill NC 27516
Sarah E. Kingan,1204 Tallyho Trl,Chapel Hill NC 27516
Amanda & George Kircher,301 Lake Hogan Farm Rd,Chapel Hill NC 27516
Nancy S. Kuenzli,307 Hogan Woods Cir,Chapel Hill NC 27516
Marcia & Richard Kuhn,209 Commons Way Dr,Chapel Hill NC 27516
Jeffrey S. Linker,1803 Claymore Rd,Chapel Hill NC 27516
Sarah & Theodore Lotchin,111 Hogan Ridge Ct,Chapel Hill NC 27516
Kimberly D. Lucas,111 Turtleback Crossing Dr,Chapel Hill NC 27516
Derek M. Ludwig,107 North Fields Cir,Chapel Hill NC 27516
Christian T. Lundblad,2002 S Hawick Ct,Chapel Hill NC 27516
Cynthia L. Lutz,106 South Fields Cir,Chapel Hill NC 27516
Roberta L. Manning,217 Towne Ridge Ln,Chapel Hill NC 27516
Duane A. Martin,209 Towne Ridge Ln,Chapel Hill NC 27516
Jeffrey R. Mateer,2008 Whitmore Cir,Chapel Hill NC 27516
James M. Mazzola,1003 Brendan Ct,Chapel Hill NC 27516
Theresa C. McCaffrey,214 Turtleback Crossing Dr,Chapel Hill NC 27516
Walter & Justin McDonald,102 Commons Way Dr,Chapel Hill NC 27516
Donald & Owen McDonnell,1002 Gloucester Ct,Chapel Hill NC 27516
Rebecca & Michael McIntosh,103 Shadow Ridge Pl,Chapel Hill NC 27516
Ila M. McMillan,8009 Rogers Rd,Chapel Hill NC 27516
Virginia & James Mergner,401 Hogan Woods Cir,Chapel Hill NC 27516
Ashley R. Miller,302 Hogan Woods Cir,Chapel Hill NC 27516
Laura E. Minton,8202 Reynard Rd,Chapel Hill NC 27516
Mark A. Moffet,105 Lake Manor Rd,Chapel Hill NC 27516
Chelsea & Keith Moody, Elizabeth,2004 Whitmore Cir,Chapel Hill NC 27516
James J. Moran,110 Hogan Glen Ct,Chapel Hill NC 27516
Patrick & Taylor Moran,PO Box 16421,Chapel Hill NC 27516
Taylor & Tiffany Muir, Patricia,8321 Burns Pl,Chapel Hill NC 27516
Matthew J. Mullady,226 Towne Ridge Ln,Chapel Hill NC 27516
Natalie & Russell Mumper,209 Turtleback Crossing Dr,Chapel Hill NC 27516
Anne & Keith Nadolski,303 Lake Hogan Farm Rd,Chapel Hill NC 27516
Erica & David Naftolowitz,918 Tallyho Trl,Chapel Hill NC 27516
David R. Nelson,6010 Meadow Run Ct,Chapel Hill NC 27516
John A. Norton,1610 Skye Dr,Chapel Hill NC 27516
Thomas Lynch Oconnell,201 Dairy Glen Rd,Chapel Hill NC 27516
Joseph & John Palumbo,1000 Gloucester Ct,Chapel Hill NC 27516
Mercedes A. Pannone,104 South Fields Cir,Chapel Hill NC 27516
Anishkumar A Patel,100 Randolph Ct,Chapel Hill NC 27516
Kristy & Daniel Pearman,107 Hogan Ridge Ct,Chapel Hill NC 27516
Samantha J. Peckham,2000 Staffield Ln,Chapel Hill NC 27516
Gregory M. Pecora,2006 S Hawick Ct,Chapel Hill NC 27516
Pearl C. Perdue,119 South Fields Cir,Chapel Hill NC 27516
Mary A. Perez,1114 Tallyho Trl,Chapel Hill NC 27516
Randi L. Pisko,203 Hogan Woods Cir,Chapel Hill NC 27516
Linda & Walter Plunkett,1005 Camden Ln,Chapel Hill NC 27516
Lisa A. Porterfield,305 Hogan Woods Cir,Chapel Hill NC 27516
Terry & Gary Randall,8412 Inverness Way,Chapel Hill NC 27516
Patricia R. Redfoot,111 S Fields Cir,Chapel Hill NC 27516
Tracy & Bradley Redfoot,8505 Sterling Bridge Rd,Chapel Hill NC 27516
Douglas P. Rempfer,116 North Fields Cir,Chapel Hill NC 27516
Larissa & Jeffrey Reuer,135 North Fields Cir,Chapel Hill NC 27516
Melissa & Preston Rich,8319 Burns Pl,Chapel Hill NC 27516
Susan Rieder,217 Towne Ridge Ln,Chapel Hill NC 27516
John I. Ring,8223 Huntsman Ct,Chapel Hill NC 27516
Daniel L. Rockaway,202 Hogan Woods Cir,Chapel Hill NC 27516
Marjorie & Alfred Roller,103 Jones Creek Pl,Chapel Hill NC 27516
Melinda J. Roush,999 Camden Ln,Chapel Hill NC 27516
Heidi G. Rueckel,111 Dairy Ct,Chapel Hill NC 27516
Thomas W. Saxer,101 Hogan Glen Ct,Chapel Hill NC 27516
Jacqueline C. Schorr,122 North Fields Cir,Chapel Hill NC 27516
Hamid R. Shafiei,113 Dairy Ct,Chapel Hill NC 27516
Patricia & James Sheehan,215 Turtleback Crossing Dr,Chapel Hill NC 27516
Edward E. Shelton,200 Dairy Glen Rd,Chapel Hill NC 27516
Denise D. Shortino,103 Lake Ridge Pl,Chapel Hill NC 27516
David L. Shoup,605 Lake Hogan Farm Rd,Chapel Hill NC 27516
Lilian Silveira,1003 Camden Ln,Chapel Hill NC 27516
Vitaliy V. Smirnov,121 North Fields Cir,Chapel Hill NC 27516
Kathleen & Michael Smith,101 Bay View Dr,Chapel Hill NC 27516
Lori & Christian Smith,112 Dairy Ct,Chapel Hill NC 27516
Janine & Craig Sobolewski,1008 Camden Ln,Chapel Hill NC 27516
Brian Joseph Soher,106 Jones Creek Pl,Chapel Hill NC 27516
& Bryan Stoddard, Jan, Jeffrey,903 Tallyho Trl,Chapel Hill NC 27516
Semyon Stompel,121 North Fields Cir,Chapel Hill NC 27516
Stephen R. Stone,100 Painted Turtle Ln,Chapel Hill NC 27516
Joann & Carl Sullivan,211 Lake Manor Rd,Chapel Hill NC 27516
Jeanette F. Talbott,134 South Fields Cir,Chapel Hill NC 27516
Jessica L. Thomas,431 East Roanoke St,Blacksburg Va 24060
Theresa & Steven Thomas,2007 Whitmore Cir,Chapel Hill NC 27516
Peggy J. Tucker,1109 Tallyho Trl,Chapel Hill NC 27516
Rebecca & Philip Vanderwoude,101 Hogan Glen Ct,Chapel Hill NC 27516
Jessica L. Visco,110 Hogan Woods Cir,Chapel Hill NC 27516
John M. Walker,116 Jones Creek Pl,Chapel Hill NC 27516
Michael J. Wallace,100 Shadow Ridge Pl,Chapel Hill NC 27516
Robert S. Walsh,111 Hogan Glen Ct,Chapel Hill NC 27516
Jay A. Watson,103 Whispering Oak Ct,Chapel Hill NC 27516
Diana & Justin Watts,201 Turtleback Crossing Dr,Chapel Hill NC 27516
Ronald & Jordan Weber, Pamela,8317 Loch Laven Ln,Chapel Hill NC 27516
Andrew J. Werden,108 Lake Ridge Pl,Chapel Hill NC 27516
Lynn & Stephen Werk,8107 N Hound Ct,Chapel Hill NC 27516
Lee & Nathan Wilke,201 Commons Way Dr,Chapel Hill NC 27516
Charlotte & Carl Wilkins,124 North Fields Cir,Chapel Hill NC 27516
Kristen L. Williamson,102 Dairy Ct,Chapel Hill NC 27516
Tracy & David Wright,107 Hogan Glen Ct,Chapel Hill NC 27516
Chu T. Yeh,304 Lake Manor Rd,Chapel Hill NC 27516
Mintes Yeh,304 Lake Manor Rd,Chapel Hill NC 27516
Mary J. Young,8221 Huntsman Ct,Chapel Hill NC 27516
Patricia & Michael Young,8402 Sterling Bridge Rd,Chapel Hill NC 27516
Jeffrey J. Yusiewicz,101 Shadow Ridge Pl,Chapel Hill NC 27516
