Aaron J. McHale,8100 Kit Ln,Chapel Hill NC 27516,,
Abby L.weber,8317 Loch Laven Ln,Chapel Hill NC 27516,,
Abigail E. Wallen,1319 Tallyho Trl,Chapel Hill NC 27516,,
Adel F. Hanna,1603 Skye Dr,Chapel Hill NC 27516,,
Alicia L. Carter,305 Lake Hogan Farm Rd,Chapel Hill NC 27516,,
Aliza B. Lurie,122 South Fields Cir,Chapel Hill NC 27516,,
Allen W. Song,8403 Inverness Way,Chapel Hill NC 27516,,
Alyson L. Bradfield,126 Shadow Ridge Pl,Chapel Hill NC 27516,,
Amber E. Vaughn,226 Towne Ridge Ln,Chapel Hill NC 27516,,
Amelia & Kevin Capalbo,107 Painted Turtle Ln,Chapel Hill NC 27516,,
Amy & Gary Drumheller,100 Hogan Woods Cir,Chapel Hill NC 27516,,
Andrew P. Vickers,151 South Fields Cir,Chapel Hill NC 27516,,
Angela & David Peterson,112 Della St,Chapel Hill NC 27516,,
Anthony G. Visco,110 Hogan Woods Cir,Chapel Hill NC 27516,,
Anthony N. Passannante,1601 Claymore Rd,Chapel Hill NC 27516,,
Anthony P. Volpe,1706 Claymore Rd,Chapel Hill NC 27516,,
Ashley E. Sullivan,211 Lake Manor Rd,Chapel Hill NC 27516,,
Asif Ahmad,105 Turtleback Crossing Dr,Chapel Hill NC 27516,,
Barbara & Joseph Coyle,105 Bay View Dr,Chapel Hill NC 27516,,
Barbara R. Moore,232 Towne Ridge Ln,Chapel Hill NC 27516,,
Benita W. Cozzens,132 North Fields Cir,Chapel Hill NC 27516,,
Benjamin F. Dawson,126 South Fields Cir,Chapel Hill NC 27516,,
Betty E. English,3001 Staffield Ln,Chapel Hill NC 27516,,
Blaire F. Byrley,1008 Staffield Ln,Chapel Hill NC 27516,,
Blair E. McConnell,207 Commons Way Dr,Chapel Hill NC 27516,,
Brian C. Glish,1906 N Hawick Ct,Chapel Hill NC 27516,,
Brian H. Halstater,112 Hogan Ridge Ct,Chapel Hill NC 27516,,
Brian P. Hertzberg,8413 Inverness Way,Chapel Hill NC 27516,,
Bruce Dwayne Tucker,8015 Rogers Rd,Chapel Hill NC 27516,,
Cara Brick,110 Bay View Dr,Chapel Hill NC 27516,,
Carly N. Yusiewicz,101 Shadow Ridge Pl,Chapel Hill NC 27516,,
Carole A. Groux,216 Turtleback Crossing Dr,Chapel Hill NC 27516,,
Carol J. Liang,105 Hogan Woods Cir,Chapel Hill NC 27516,,
Charles M. Baucom,127 N Fields Cir,Chapel Hill NC 27516,,
Cheng-Chun Chang,109 Turtleback Crossing Dr,Chapel Hill NC 27516,,
Christine L. Harburg,904 Tallyho Trl,Chapel Hill NC 27516,,
Christopher J. Gallo,3002 Staffield Ln,Chapel Hill NC 27516,,
Christopher W. Olcott,104 Dairy Glen Rd,Chapel Hill NC 27516,,
Chun-Pi Chang,109 Turtleback Crossing Dr,Chapel Hill NC 27516,,
Chuong H. Nguyen,105 Shadow Ridge Pl,Chapel Hill NC 27516,,
Clinton R. Gwaltney,700 Long Meadows Rd,Chapel Hill NC 27516,,
Courtney & David Schile,8216 S Hound Ct,Chapel Hill NC 27516,,
Cynthia Clauss,106 Bay View Dr,Chapel Hill NC 27516,,
Cynthia M. Powell,109 Bay View Dr,Chapel Hill NC 27516,,
Daniel C. Pater,107 Bay View Dr,Chapel Hill NC 27516,,
Daniel L. Kamakura,106 Hogan Woods Cir,Chapel Hill NC 27516,,
Daniel R. Moran,1605 Tallyho Trl,Chapel Hill NC 27516,,
Daniel R. Waugh,6005 Meadow Run Ct,Chapel Hill NC 27516,,
David A. Clemens,115 S Fields Cir,Chapel Hill NC 27516,,
David A. Laubscher,105 Arbor Creek Ct,Chapel Hill NC 27516,,
David C. Nagle,116 South Fields Cir,Chapel Hill NC 27516,,
David W. Stevens,204 Commons Way Dr,Chapel Hill NC 27516,,
Deborah L. McCormick,412 E Winmore Ave,Chapel Hill NC 27516,,
Debra D. Haroon,8103 N Hound Ct,Chapel Hill NC 27516,,
Diane & Edward Beecham,218 Turtleback Crossing Dr,Chapel Hill NC 27516,,
Dion & Tina Graham,219 Turtleback Crossing Dr,Chapel Hill NC 27516,,
Donald F. Godfrey,418 Hogan Woods Cir,Chapel Hill NC 27516,,
Donna L. Parker,108 Hogan Woods Cir,Chapel Hill NC 27516,,
Dorothee R. Thielisch,206 Lake Manor Rd,Chapel Hill NC 27516,,
Drake T. Mailes,8216 S Hound Ct,Chapel Hill NC 27516,,
D Vance & Scott Elderkin,1220 Tallyho Trl,Chapel Hill NC 27516,,
Edward F. Hendershot,213 Turtleback Crossing Dr,Chapel Hill NC 27516,,
Edward G. Cole,216 Towne Ridge Ln,Chapel Hill NC 27516,,
Eldad J. Hadar,105 Lake Ridge Pl,Chapel Hill NC 27516,,
Elena & Joseph Lea,207 Hogan Woods Cir,Chapel Hill NC 27516,,
Elizabeth A. Wallace,100 Shadow Ridge Pl,Chapel Hill NC 27516,,
Elizabeth & John Goode,8119 Reynard Rd,Chapel Hill NC 27516,,
Elizabeth K. O'Connor,229 Towne Ridge Ln,Chapel Hill NC 27516,,
Elizbieta E. Rybicka-Kozlowska,202 Lake Manor Rd,Chapel Hill NC 27516,,
Ellynn Berger,216 Lake Manor Rd,Chapel Hill NC 27516,,
Elzbieta & Tomasz Kozlowski,202 Lake Manor Rd,Chapel Hill NC 27516,,
Fang F. Yin,208 Turtleback Crossing Dr,Chapel Hill NC 27516,,
Gail P. Cox,1512 Tallyho Trl,Chapel Hill NC 27516,,
Gary S. Bernier,107 Dairy Ct,Chapel Hill NC 27516,,
George A. Clark Jr,1102 Tallyho Trl,Chapel Hill NC 27516,,
Graeme N. Dixon,114 Jones Creek Pl,Chapel Hill NC 27516,,
Graham & Raeford Strother,1703 Tallyho Trl,Chapel Hill NC 27516,,
Gregory B. Doble,115 Shadow Ridge Pl,Chapel Hill NC 27516,,
Gregory C. Hoffmeyer,8112 N Hound Ct,Chapel Hill NC 27516,,
Gregory J. Perentis,306 Lake Manor Rd,Chapel Hill NC 27516,,
Gustavo Perez,1114 Tallyho Trl,Chapel Hill NC 27516,,
Hang A. Vu,105 Shadow Ridge Pl,Chapel Hill NC 27516,,
Hong He,1707 Tallyho Trl,Chapel Hill NC 27516,,
Hong Zhou,131 South Fields Cir,Chapel Hill NC 27516,,
Howard L. McLeod,207 Lake Manor Rd,Chapel Hill NC 27516,,
Huiling Li,120 North Fields Cir,Chapel Hill NC 27516,,
Ian J. Davis,603 Lake Hogan Farm Rd,Chapel Hill NC 27516,,
Imran A. Shah,8405 Sterling Bridge Rd,Chapel Hill NC 27516,,
Jacqueline R. Halladay,104 Dairy Glen Rd,Chapel Hill NC 27516,,
Jacquelyn & Scott Soderling,133 North Fields Cir,Chapel Hill NC 27516,,
Jacques A. Elchayeb,208 Commons Way Dr,Chapel Hill NC 27516,,
James R. Gage,2009 Whitmore Cir,Chapel Hill NC 27516,,
Janice & Richard Trusky,314 Hogan Woods Cir,Chapel Hill NC 27516,,
Janine & Richard Rydin,103 Lake Manor Rd,Chapel Hill NC 27516,,
Jan-Ru Wan,8403 Inverness Way,Chapel Hill NC 27516,,
Jason D. Ravenscraft,1907 N Hawick Ct,Chapel Hill NC 27516,,
Jason P. Fine,1606 Claymore Rd,Chapel Hill NC 27516,,
Jean M. Spear,112 Jones Creek Pl,Chapel Hill NC 27516,,
Jeffrey R. Petrella,121 Lake Hogan Farm Rd,Chapel Hill NC 27516,,
Jen J. Yeh,304 Lake Manor Rd,Chapel Hill NC 27516,,
Jennifer B. Baucom,127 North Fields Cir,Chapel Hill NC 27516,,
Jennifer M. Schaaf,154 N Fields Cir,Chapel Hill NC 27516,,
Jerelyn R. Moffet,105 Lake Manor Rd,Chapel Hill NC 27516,,
Joel Levi Altman,1009 Brendan Ct,Chapel Hill NC 27516,,
John A. Van Aalst,114 Hogan Woods Cir,Chapel Hill NC 27516,,
John Franklin Wilkerson,305 Long Meadows Rd,Chapel Hill NC 27516,,
John G. Haus III,109 Shadow Ridge Pl,Chapel Hill NC 27516,,
John H. Bethea III,6001 Meadow Run Ct,Chapel Hill NC 27516,,
John J. Poonnen,103 Randolph Ct,Chapel Hill NC 27516,,
John M. Crowell,1011 Brace Ln,Chapel Hill NC 27516,,
John Pisko,203 Hogan Woods Cir,Chapel Hill NC 27516,,
John R. Horton,118 Jones Creek Pl,Chapel Hill NC 27516,,
John T. Ganzi,111 Towne Ridge Ln,Chapel Hill NC 27516,,
Jon C. Corton,210 Turtleback Crossing Dr,Chapel Hill NC 27516,,
Jon D. Williams,102 Hogan Glen Ct,Chapel Hill NC 27516,,
Jon S. Parker,108 Hogan Woods Cir,Chapel Hill NC 27516,,
Joseph M. Wander,115 Hogan Woods Cir,Chapel Hill NC 27516,,
Joycelyn E. Leigh,227 Towne Ridge Ln,Chapel Hill NC 27516,,
Joyce Y. Mudra,6010 Meadow Run Ct,Chapel Hill NC 27516,,
Judith A. Johnson,1005 Staffield Ln,Chapel Hill NC 27516,,
Kaitlyn & Joe Styres Karen,102 Painted Turtle Ln,Chapel Hill NC 27516,,
Kari & Joel Altman,1009 Brendan Ct,Chapel Hill NC 27516,,
Katherine L. Gaido,407 Hogan Woods Cir,Chapel Hill NC 27516,,
Kathleen A. Stark,602 Lake Hogan Farm Rd,Chapel Hill NC 27516,,
Kathryn & James Jordan,1003 Staffield Ln,Chapel Hill NC 27516,,
Kathy A. Harris,219 Towne Ridge Ln,Chapel Hill NC 27516,,
Katie E. Ploghoft,8212 Huntsman Ct,Chapel Hill NC 27516,,
Kenneth D. Kauffmann,236 Towne Ridge Ln,Chapel Hill NC 27516,,
Kent Jarrod P.,2006 S Hawick Ct,Chapel Hill NC 27516,,
Kimberly D. Whitney,201 Hogan Woods Cir,Chapel Hill NC 27516,,
Kimberly & Ronel Lurie Cynthia,1002 Camden Ln,Chapel Hill NC 27516,,
Kokilaben A. Patel,100 Randolph Ct,Chapel Hill NC 27516,,
Kristin & Matthew Ferriter,8111 N Hound Ct,Chapel Hill NC 27516,,
Kristopher M. Porterfield,305 Hogan Woods Cir,Chapel Hill NC 27516,,
Kurt B. Bell,1601 Skye Dr,Chapel Hill NC 27516,,
Lauren & Marcus McCarthy,8112 Kit Ln,Chapel Hill NC 27516,,
Leah J. Chandler,2007 S Hawick Ct,Chapel Hill NC 27516,,
Leslie& Charles Chamberlain,8100 Lair Ct,Chapel Hill NC 27516,,
Leslie V. Parise,301 Jewell Dr,Chapel Hill NC 27516,,
Lik S. Yam,131 South Fields Cir,Chapel Hill NC 27516,,
Linda & Dianhu Jiang,105 Hogan Woods Cir,Chapel Hill NC 27516,,
Linda & Michael McCluskey,8201 S Hound Ct,Chapel Hill NC 27516,,
Linda & Oleg Moiseenko,117 South Fields Cir,Chapel Hill NC 27516,,
Lindsay M. Warner,1006 Camden Ln,Chapel Hill NC 27516,,
Lindsey S. Nadolski,303 Lake Hogan Farm Rd,Chapel Hill NC 27516,,
Lin Wang,1707 Tallyho Trl,Chapel Hill NC 27516,,
Li Q. Hinchman,148 North Fields Cir,Chapel Hill NC 27516,,
Lisa A. Johnson,103 Commons Way Dr,Chapel Hill NC 27516,,
Lori & Steven McElroy,228 Towne Ridge Ln,Chapel Hill NC 27516,,
Luchang Qin,116 Hogan Ridge Ct,Chapel Hill NC 27516,,
Manuel M. Reyes,110 Towne Ridge Ln,Chapel Hill NC 27516,,
Marcella & Brett Derby Kelly,134 Shadow Ridge Pl,Chapel Hill NC 27516,,
Marie L. Weber,8505 Sterling Bridge Rd,Chapel Hill NC 27516,,
Mario F. Ciocca Jr,104 Lake Ridge Pl,Chapel Hill NC 27516,,
Mark A. Rampel,1600 Skye Dr,Chapel Hill NC 27516,,
Mary L. Carter,102 Hogan Woods Cir,Chapel Hill NC 27516,,
Megan & Alfred Cloutier Kay,609 Lake Hogan Farm Rd,Chapel Hill NC 27516,,
Melanie A. Reynolds,210 Lake Manor Rd,Chapel Hill NC 27516,,
Melinda K. McMaster,3008 Staffield Ln,Chapel Hill NC 27516,,
Michael F. Minozzi II,312 Hogan Woods Cir,Chapel Hill NC 27516,,
Michael S Collins,1607 Claymore Rd,Chapel Hill NC 27516,,
Michael S. Hamden,1612 Homestead Rd,Chapel Hill NC 27516,,
Michael W. Riggsbee Jr,134 N Fields Cir,Chapel Hill NC 27516,,
Michelle S. Kahn,405 Lake Hogan Farm Rd,Chapel Hill NC 27516,,
Mickey A. Herrin Jr,1611 Skye Dr,Chapel Hill NC 27516,,
Miguel A. Nicolelis,1000 Staffield Ln,Chapel Hill NC 27516,,
Millicent & John Wilkerson,305 Long Meadows Rd,Chapel Hill NC 27516,,
Mitzie & John Feltch,1016 Tallyho Trl,Chapel Hill NC 27516,,
Moe Lim,101 Hogan Woods Cir,Chapel Hill NC 27516,,
Mona & Mohamed Mikati,412 Hogan Woods Cir,Chapel Hill NC 27516,,
Myong H. Kim,6007 Meadow Run Ct,Chapel Hill NC 27516,,
Nadine G. Schroeder,107 South Fields Cir,Chapel Hill NC 27516,,
Nancy E. Hornik,138 North Fields Cir,Chapel Hill NC 27516,,
Nancy M. Plevy,217 Turtleback Crossing Dr,Chapel Hill NC 27516,,
Nancy R. Greenberg,129 Shadow Ridge Pl,Chapel Hill NC 27516,,
Nannette & Andrew Martin,209 Towne Ridge Ln,Chapel Hill NC 27516,,
Natalie Susann & Given,1001 Staffield Ln,Chapel Hill NC 27516,,
Nicole & Brian Fravel,100 Redfoot Run Rd,Chapel Hill NC 27516,,
Nicole K. Spooner,115 Jones Creek Pl,Chapel Hill NC 27516,,
Nicole R. Sidell,1616 Homestead Rd,Chapel Hill NC 27516,,
Noel I. Bannout,221 Towne Ridge Ln,Chapel Hill NC 27516,,
Paola D. Martinez,105 Lake Ridge Pl,Chapel Hill NC 27516,,
Patricia L. Heivly,302 Hogan Woods Cir,Chapel Hill NC 27516,,
Patricia & Ronald Bergey,1003 Gloucester Ct,Chapel Hill NC 27516,,
Patrick L. Ogdin,403 Jewell Dr,Chapel Hill NC 27516,,
Patrick M. Sullivan,203 Lake Manor Rd,Chapel Hill NC 27516,,
Paul J. Neville,103 Arbor Creek Ct,Chapel Hill NC 27516,,
Paul M. Steed,214 Lake Manor Rd,Chapel Hill NC 27516,,
Paul N. Parks,507 Lake Hogan Farm Rd,Chapel Hill NC 27516,,
Peter Liu,102 Lake Ridge Pl,Chapel Hill NC 27516,,
Phyllis & James Hunt,102 Arbor Creek Ct,Chapel Hill NC 27516,,
Phyllis L. Arrington,1310 Tallyho Trl,Chapel Hill NC 27516,,
Prasun Dewan,114 Bay View Dr,Chapel Hill NC 27516,,
Rachel & Andrew Ingham,130 North Fields Cir,Chapel Hill NC 27516,,
Rachel A. Tesser,1604 Claymore Rd,Chapel Hill NC 27516,,
Randall K. Heffelfinger,3008 Staffield Ln,Chapel Hill NC 27516,,
Ranitha & Wewage Dep,102 Randolph Ct,Chapel Hill NC 27516,,
Rebecca L. Johnson,1005 Staffield Ln,Chapel Hill NC 27516,,
Regina A. Stoffel,602 Long Meadows Rd,Chapel Hill NC 27516,,
Rita A. Winsor,101 North Fields Cir,Chapel Hill NC 27516,,
Robert A. Blouin,102 Lake Manor Rd,Chapel Hill NC 27516,,
Robert C. Kark,126 North Fields Cir,Chapel Hill NC 27516,,
Robin & Matthew Gonzalez,123 Shadow Ridge Pl,Chapel Hill NC 27516,,
Rodrick L. Hanson,1003 Camden Ln,Chapel Hill NC 27516,,
Rose & George Rubinstein,121 South Fields Cir,Chapel Hill NC 27516,,
Ross M. Young-Wright,1002 Tallyho Trl,Chapel Hill NC 27516,,
Saif & Zeba Khan Sabih,1006 Brendan Ct,Chapel Hill NC 27516,,
Sailash I. Patel,119 Shadow Ridge Pl,Chapel Hill NC 27516,,
Samuel L. Rosenberg,2003 S Hawick Ct,Chapel Hill NC 27516,,
Sandra M. Edgerly,1504 Homestead Rd,Chapel Hill NC 27516,,
Sarah T. Harris,204 Towne Ridge Ln,Chapel Hill NC 27516,,
Sarah T. Tomlin,100 Hogan Ridge Ct,Chapel Hill NC 27516,,
Sara K. Pasquali,403 Jewell Dr,Chapel Hill NC 27516,,
Sarblund A. Haroon,PO Box 17089,Chapel Hill NC 27516,,
Scott W. Feinstein,110 Bay View Dr,Chapel Hill NC 27516,,
Shaocai Yu,123 N Fields Cir,Chapel Hill NC 27516,,
Sherry L. Fontaine,100 Bay View Dr,Chapel Hill NC 27516,,
Shreyas P. Joshi,113 North Fields Cir,Chapel Hill NC 27516,,
Shuqing Zhao,8101 Lair Ct,Chapel Hill NC 27516,,
Sondra & Michael Komada,107 Lake Ridge Pl,Chapel Hill NC 27516,,
Sora C. Yoon,101 Hogan Woods Cir,Chapel Hill NC 27516,,
Stacy J. Parker-Fisher,129 South Fields Cir,Chapel Hill NC 27516,,
Stafford Balderson,109 North Fields Cir,Chapel Hill NC 27516,,
Stephen T. Faley,3006 Staffield Ln,Chapel Hill NC 27516,,
Steven N. Andrawes,401 Lake Hogan Farm Rd,Chapel Hill NC 27516,,
Steven R. Devrieze,8509 Balmoral Pl,Chapel Hill NC 27516,,
Steven T. Clayton,300 Lake Manor Rd,Chapel Hill NC 27516,,
Susan E. Young,233 Towne Ridge Ln,Chapel Hill NC 27516,,
Susan K. Adams,211 Hogan Woods Cir,Chapel Hill NC 27516,,
Susan Shareshian,106 Lake Ridge Pl,Chapel Hill NC 27516,,
Susan S. McDonald,102 Commons Way Dr,Chapel Hill NC 27516,,
Susan W. Walton,101 Dairy Ct,Chapel Hill NC 27516,,
Tanya Smirnov,121 North Fields Cir,Chapel Hill NC 27516,,
Theresa & Eric Hegedus,136 N Fields Cir,Chapel Hill NC 27516,,
Thomas B. Wall,108 Bay View Dr,Chapel Hill NC 27516,,
Thomas D. Nager,8122 Reynard Rd,Chapel Hill NC 27516,,
Thomas J. Mullen,103 Dairy Glen Rd,Chapel Hill NC 27516,,
Tiffany A. Thieken,233 Towne Ridge Ln,Chapel Hill NC 27516,,
Timna M. Understein,408 E Winmore Ave,Chapel Hill NC 27516,,
Tso-Pang Yao,1004 Brendan Ct,Chapel Hill NC 27516,,
Valerie A. Murrah,409 Lake Hogan Farm Rd,Chapel Hill NC 27516,,
Vinod Kurup,103 Arbor Creek Ct,Chapel Hill NC 27516,,
Vivian S. Chen,126 South Fields Cir,Chapel Hill NC 27516,,
William B. O'Neal,102 Bay View Dr,Chapel Hill NC 27516,,
William G. Clemente Sr,130 Shadow Ridge Pl,Chapel Hill NC 27516,,
William Y. Kim,304 Lake Manor Rd,Chapel Hill NC 27516,,
Willy Ledon,8506 Balmoral Pl,Chapel Hill NC 27516,,
Yanling Zhang,112 N Fields Cir,Chapel Hill NC 27516,,
Yelena R. Vasina,100 Hogan Glen Ct,Chapel Hill NC 27516,,
Yue Xiong,104 Hogan Woods Cir,Chapel Hill NC 27516,,
Ziab A. Bannout,131 North Fields Cir,Chapel Hill NC 27516,,
Zuowei Su,120 North Fields Cir,Chapel Hill NC 27516,,
