Alyce J. Henderson,305 Sunset Creek Cir,Chapel Hill NC 27516
Amy & James Hudgens,105 Richland Ct,Chapel Hill NC 27516
Amy N. Farley,103 Richland Ct,Chapel Hill NC 27516
Andrew R. Ginsberg,107 Buckeye Ln,Chapel Hill NC 27516
Andy R. Millager,406 Waterside Dr,Carrboro NC 27510
Angela D. Short,111 Sudbury Ln,Chapel Hill NC 27516
Angela F. Zimmerman,302 Wyndham Dr,Chapel Hill NC 27516
Anne & James Newton, Susan,405 Tramore Dr,Chapel Hill NC 27516
Ashley & Jesse Basnight,204 Cobblestone Dr,Chapel Hill NC 27516
Ashley K. McFarling,106 Cobblestone Dr,Chapel Hill NC 27516
Austin S. Rose,324 Sunset Creek Cir,Chapel Hill NC 27516
Barbara & Albert Segars,102 Ellsworth Pl,Chapel Hill NC 27516
Barbara H. Terry,313 Tripp Farm Rd,Chapel Hill NC 27516
Betsy & Adrian Faulkner,2300 Pathway Dr,Chapel Hill NC 27516
Bonnie N. Gasdaska,213 Stratford Dr,Chapel Hill NC 27516
Brad N. Chazotte,105 Drayton Ct,Chapel Hill NC 27516
Brett P. Dillon,208 Wild Oak Ln,Carrboro NC 27510
Brian C. Woods,1309 Homestead Rd,Chapel Hill NC 27516
Brian D. Sawyer,211 Wild Oak Ln,Carrboro NC 27510
Brian S. Palmer,103 William White Ct,Carrboro NC 27510
Brian S. Stalder,100 Ellsworth Pl,Chapel Hill NC 27516
Brittany S. McLaughlin,511 Cates Farm Rd,Chapel Hill NC 27516
Brooks R. Babcock,305 Tramore Dr,Chapel Hill NC 27516
Bruce & Matthew Lecus, Rhonda,1608 Pathway Dr,Carrboro NC 27510
Byron M. Owen,109 Sudbury Ln,Chapel Hill NC 27516
Carl A. Dean,PO Box 1026,Carrboro NC 27510
Carol A. Haines,303 Wyndham Dr,Chapel Hill NC 27516
Carol & Dean Wilt,104 Wyndham Dr,Chapel Hill NC 27516
Carol & Edward Wilson,104 Suffolk Pl,Chapel Hill NC 27516
Carol H. Rives,2001 Pathway Dr,Chapel Hill NC 27516
Carolyn C. Carpenter,210 Stratford Dr,Chapel Hill NC 27516
Carolyn S. Hogan,413 Homestead Rd,Chapel Hill NC 27516
Celia & Salvador Nares,105 Stratford Dr,Chapel Hill NC 27516
Charlene M. Martin,307 Tripp Farm Rd,Chapel Hill NC 27516
Charles R. Ephland III,105 Buckeye Ln,Chapel Hill NC 27516
Christopher & Andrew Rio, Holly,101 Garden Gate Dr,Chapel Hill NC 27516
Christopher J. Bouldin,305 Wyndham Dr,Chapel Hill NC 27516
Christopher N. Cashin,203 Wyndham Dr,Chapel Hill NC 27516
Cinnamon B. Larson,1549 Pathway Dr,Carrboro NC 27510
Clarence Jr. & Daniel Potter, Valerie Clarence Sr.,2002 Pathway Dr,Chapel Hill NC 27516
Clarence R. McFarling,106 Cobblestone Dr,Chapel Hill NC 27516
Colleen P. Davis,112 Ellsworth Pl,Chapel Hill NC 27516
Constance M. Harrell,104 Sudbury Ln,Chapel Hill NC 27516
Corey D. Cooper,107 Rock Spring Ct,Carrboro NC 27510
Cynthia L. Duffy,103 Stratford Dr,Chapel Hill NC 27516
Daisy & James Vickers,105 Spring Valley Rd,Carrboro NC 27510
Dani & Curtis Schindeler,108 Suffolk Pl,Chapel Hill NC 27516
Darcy J. Jacobbe,100 Michaels Way,Chapel Hill NC 27516
David J. Miller,100 Sunset Creek Cir,Chapel Hill NC 27516
David L. Backus,1415 Homestead Rd,Chapel Hill NC 27516
Dean C. Wendel,100 Sudbury Ln,Chapel Hill NC 27516
Debra & Christopher Arena,113 Sudbury Ln,Chapel Hill NC 27516
Denise F. Jones,201 Cobblestone Dr,Chapel Hill NC 27516
Dennis J. Egan,103 Buck Taylor Trl,Chapel Hill NC 27516
Dennis W. Blue,214 Autumn Dr,Chapel Hill NC 27516
Devon R. Lategan,201 Hanford Rd,Chapel Hill NC 27516
Diana G. Pitchford,107 Rock Spring Ct,Carrboro NC 27510
Don A. Gabriel,211 Robert Hunt Dr,Carrboro NC 27510
Donald L. Rives,2001 Pathway Dr,Chapel Hill NC 27516
Donna & Randall Martin,209 Cobblestone Dr,Chapel Hill NC 27516
Douglas R. Hart,217 Robert Hunt Dr,Carrboro NC 27510
Eileen P. Peterson,2003 Pathway Dr,Chapel Hill NC 27516
Elaine M. Eckel,2208 Pathway Dr,Chapel Hill NC 27516
Elaine M. Esgro-Andreoni,301 Sunset Creek Cir,Chapel Hill NC 27516
Elizabeth & Anthony Ho Tong,502 Cates Farm Rd,Chapel Hill NC 27516
Elva John R. & John S. Small,104 Aberdeen Ct,Carrboro NC 27510
Emily & Daniel Vonallmen,206 Wyndham Dr,Chapel Hill NC 27516
Eric W. Larson,102 William White Ct,Carrboro NC 27510
Erin & Robert Warshany,207 Stratford Dr,Chapel Hill NC 27516
Erle A. Smith,103 Sunset Creek Cir,Chapel Hill NC 27516
Ernest D. Templeton Jr.,117 Stratford Dr,Chapel Hill NC 27516
Evelyn & Jaime Fair,205 Stratford Dr,Chapel Hill NC 27516
Florence M. Bobo,106 Calumet Ct,Carrboro NC 27510
Francesca Allegri,116 Sudbury Ln,Chapel Hill NC 27516
Fulin Chen,113 Stratford Dr,Chapel Hill NC 27516
Gail J. Ellis,102 Canton Ct,Chapel Hill NC 27516
Garry K. Stewman,105 John Martin Ct,Carrboro NC 27510
George L. Chiesa Jr.,100 Hanford Rd,Chapel Hill NC 27516
Glenn D. Sawtelle,422 Waterside Dr,Carrboro NC 27510
Glyn E. Collins,213 Cates Farm Rd,Chapel Hill NC 27516
Gordon T. Cook,100 Robert Hunt Dr,Carrboro NC 27510
Grace & Hugh Jones,602 Robert Hunt Dr,Carrboro NC 27510
Grace L. Oshimura,601 Bolin Creek Dr,Carrboro NC 27510
Grace & Samuel Taylor,513 Cates Farm Rd,Chapel Hill NC 27516
Gregory J. Lane,100 Buck Taylor Trl,Chapel Hill NC 27516
Gregory J. Liebe,106 Ellsworth Pl,Chapel Hill NC 27516
Gregory & Wendolyn Thompson, Candice,203 Farm House Dr,Chapel Hill NC 27516
Heather L. Christie,302 Autumn Dr,Chapel Hill NC 27516
Helen D. Thompson,108 Calumet Ct,Carrboro NC 27510
Helen & Michael Rubinstein,114 Garden Gate Dr,Chapel Hill NC 27516
Henry C. Stieglitz,602 Bolin Creek Dr,Carrboro NC 27510
Hugh F. Holt,100 Stratford Dr,Chapel Hill NC 27516
Inger M. Jansen,108 Ellsworth Pl,Chapel Hill NC 27516
Jacob Christy,104 Yeargen Pl,Chapel Hill NC 27516
Jake A. Gardner Jr.,1604 N Greensboro St,Carrboro NC 27510
James H. Wulforst,307 Autumn Dr,Chapel Hill NC 27516
James J. Kennedy IV,309 Robert Hunt Dr,Carrboro NC 27510
James L. Larson,1549 Pathway Dr,Carrboro NC 27510
James W. Workman,130 Cobblestone Dr,Chapel Hill NC 27516
Jamie T. Campbell,306 Autumn Dr,Chapel Hill NC 27516
Jana M. Glotzer,202 Cates Farm Rd,Chapel Hill NC 27516
Janelle N. Price,601 Robert Hunt Dr,Carrboro NC 27510
Janet K. Gable,401 Cates Farm Rd,Chapel Hill NC 27516
Jan Jones Riggsbee,1228 Hillsborough Rd,Chapel Hill NC 27516
Jeffrey B. Betts,103 Stratford Dr,Chapel Hill NC 27516
Jeffrey H. Fair,205 Stratford Dr,Chapel Hill NC 27516
Jeffrey M. Taekman,316 Sunset Creek Cir,Chapel Hill NC 27516
Jennifer A. Ellis,102 Canton Ct,Chapel Hill NC 27516
Jennifer A. Gardner,302 Farm House Dr,Chapel Hill NC 27516
Jennifer B. West,101 Bruton Dr,Chapel Hill NC 27516
Jennifer Helmrath,306 Wyndham Dr,Chapel Hill NC 27516
Jennifer L. Jones,102 Michaels Way,Chapel Hill NC 27516
Jerre L. Kennedy,1246 Hillsborough Rd,Chapel Hill NC 27516
Joe T. Minchew,104 Ellsworth Pl,Chapel Hill NC 27516
John A. Hart,208 Autumn Dr,Chapel Hill NC 27516
John A. Marold,2301 Pathway Dr,Chapel Hill NC 27516
John D. Corey,110 Amber Ct,Carrboro NC 27510
John L. Zornick Sr. & Jr.,101 William White Ct,Carrboro NC 27510
John M. McConaghia,105 Cobblestone Pl,Chapel Hill NC 27516
John & William Jordan, Gloria,100 Calumet Ct,Carrboro NC 27510
Joseph & John Kessler,704 Bolin Creek Dr,Carrboro NC 27510
Julie & Katherine Jones,602 Robert Hunt Dr,Carrboro NC 27510
Justin A. Gillespie,1244 Hillsborough Rd,Chapel Hill NC 27516
Katherine G. Martyn,201 Cates Farm Rd,Chapel Hill NC 27516
Kenji C. Brantley,121 Cobblestone Dr,Chapel Hill NC 27516
Kenneth E. Taylor,304 Bolin Creek Dr,Carrboro NC 27510
Kristen M. Sarles-Lopez,203 Tramore Dr,Chapel Hill NC 27516
Laura A. Weaver,113 Garden Gate Dr,Chapel Hill NC 27516
Laura & David Devon,102 Garden Gate Dr,Chapel Hill NC 27516
Lauren A. Carini,2209 Pathway Dr,Chapel Hill NC 27516
Laverna M. Cecil,1224 Hillsborough Rd,Chapel Hill NC 27516
Lawrence H. Pope,201 Hanford Rd,Chapel Hill NC 27516
Lee B. Heavlin,209 Blueridge Rd,Carrboro NC 27510
Leonia & Robert Goldbach, Elizabeth,123 Waverly Forest Ln,Chapel Hill NC 27516
Leslie & Stephen Purcell,1544 Pathway Dr,Carrboro NC 27510
Linda E. Tymann,104 Richard Dixon Ct,Carrboro NC 27510
Linda M. Manor,100 Webb Dr,Carrboro NC 27510
Linda & Walter Thomason,211 Cates Farm Rd,Chapel Hill NC 27516
Lisa D. Sanfilippo,211 Cobblestone Dr,Chapel Hill NC 27516
Lisa S. Deloach,101 Forest Ct,Carrboro NC 27510
Lori & Michael Cannon,301 Autumn Dr,Chapel Hill NC 27516
Lynn & John Duffy,111 Suffolk Pl,Chapel Hill NC 27516
Marcelline W. Kilpatrick,306 Wyndham Dr,Chapel Hill NC 27516
Margaret & Ian Howes,219 Stratford Dr,Chapel Hill NC 27516
Margy D. McFarling,106 Cobblestone Dr,Chapel Hill NC 27516
Maria & Emelda Olesco,2217 Pathway Dr,Chapel Hill NC 27516
Marica & Randall Springfield, Kelly,107 Garden Gate Dr,Chapel Hill NC 27516
Marissa E. Crain,102 Jasmine Ct,Carrboro NC 27510
& Marjorie Holleman, Ann, Anna,124 Cobblestone Dr,Chapel Hill NC 27516
Martha B. Matson,110 Cobblestone Dr,Chapel Hill NC 27516
Martin J. McCaffrey,307 Sunset Creek Cir,Chapel Hill NC 27516
Mary F. Boyce,2208 Pathway Dr,Chapel Hill NC 27516
Maryjo & John Odonnell,215 Wild Oak Ln,Carrboro NC 27510
Mary & Karl Hill,102 Creekview Cir,Carrboro NC 27510
Mary L. Salmon,103 Barington Hills Rd,Chapel Hill NC 27516
Matthew D. Everson,109 Cobblestone Dr,Chapel Hill NC 27516
Matthew W. Haley,300 Spring Valley Rd,Carrboro NC 27510
Meghan A. Price,105 Ellsworth Pl,Chapel Hill NC 27516
Melissa & Mark Brackett, Carolyn,105 Michaels Way,Chapel Hill NC 27516
Michael D. Engelman,214 Stratford Dr,Chapel Hill NC 27516
Michael D. Kalos,115 Cobblestone Dr,Chapel Hill NC 27516
Michael F. Frisch,201 Colfax Dr,Chapel Hill NC 27516
Michael J. Shanahan,132 Cobblestone Dr,Chapel Hill NC 27516
Michael P. Williford,123 Cobblestone Dr,Chapel Hill NC 27516
Nadine D. Woods,PO Box 17295,Chapel Hill NC 27516
Nancy & Bradley Kramer,105 Jasmine Ct,Carrboro NC 27510
Nancy J. Salmons,303 Forest Ct,Carrboro NC 27510
Naomi & Kanaye Kagetsu,220 Stratford Dr,Chapel Hill NC 27516
Neil H. Dermody,405 Robert Hunt Dr,Carrboro NC 27510
Nellie H. Harward,902 Hillsborough Rd,Chapel Hill NC 27516
Pamela & Steven Harley,109 Suffolk Pl,Chapel Hill NC 27516
Patricia & Michael Krasnov,124 Colfax Dr,Chapel Hill NC 27516
Patrick A. Roeber,109 Robert Hunt Dr,Carrboro NC 27510
Patsy Y. Creighton,402 Tramore Dr,Chapel Hill NC 27516
Paul D. Nenninger,2106 Pathway Dr,Chapel Hill NC 27516
Paul D. Savoie,203 Stratford Dr,Chapel Hill NC 27516
Paul J. Weaver,113 Garden Gate Dr,Chapel Hill NC 27516
Paul R. Hebert,211 Wyndham Dr,Chapel Hill NC 27516
Paul Yee,104 Robert Hunt Dr,Carrboro NC 27510
Pearson M. Kraus,311 Blueridge Rd,Carrboro NC 27510
Peter A. Rieth,107 Sunset Ridge Ln,Chapel Hill NC 27516
Quinn & Ian Kaemmer, Kathleen,201 Stratford Dr,Chapel Hill NC 27516
Rachel T. Welch,106 Sudbury Ln,Chapel Hill NC 27516
Richard H. Cappelletti,308 Spring Valley Rd,Carrboro NC 27510
Richard L. Anstine,116 Sudbury Ln,Chapel Hill NC 27516
Richard W. Bard,206 Cobblestone Dr,Chapel Hill NC 27516
Robert A. Woods Sr.,PO Box 17295,Chapel Hill NC 27516
Robert C. Baker,106 Wyndham Dr,Chapel Hill NC 27516
Robert E. Sommer,105 Garden Gate Dr,Chapel Hill NC 27516
Robert F. Ross,702 Bolin Creek Dr,Carrboro NC 27510
Robert J. Dermody,405 Robert Hunt Dr,Carrboro NC 27510
Robert K. Pinschmidt Jr.,202 Spring Valley Rd,Carrboro NC 27510
Robert & Robert Jr. St Claire, Karen,204 Wyndham Dr,Chapel Hill NC 27516
Robert S. Miller,104 Stratford Dr,Chapel Hill NC 27516
Robert W . Sobol Jr.,503 Rockgarden Dr,Chapel Hill NC 27516
Robin M. Pinheiro,402 Rockgarden Dr,Chapel Hill NC 27516
Ronald W. Mann Jr.,127 Cobblestone Dr,Chapel Hill NC 27516
Rose & Steven Campbell,103 Amber Ct,Carrboro NC 27510
Russell P. Hopfenberg,105 Autumn Dr,Chapel Hill NC 27516
Sandra H. Israelson,308 Sunset Creek Cir,Chapel Hill NC 27516
Sandra M. Johnson,203 Stratford Dr,Chapel Hill NC 27516
Sara & Elliott Lee, Kerry, Ann,215 Stratford Dr,Chapel Hill NC 27516
Sharon K. Matlock,405 Forest Ct,Carrboro NC 27510
Shawn P. Marcotte,108 Buck Taylor Trl,Chapel Hill NC 27516
Stacey & Stephen Price,601 Robert Hunt Dr,Carrboro NC 27510
Stephanie A. Magee,104 Daphne Ct #A,Chapel Hill NC 27516
Stephen M. Komives,201 Forest Ct,Carrboro NC 27510
Steven D. Haines,PO Box 1332,Carrboro NC 27510
Sue H. Klase,102 Richard Dixon Ct,Carrboro NC 27510
Susan M. Desue,101 Sunset Creek Cir,Chapel Hill NC 27516
Susan P. Doyle,311 Tripp Farm Rd,Chapel Hill NC 27516
Sylvia L. Woodgates,200 Autumn Dr,Chapel Hill NC 27516
Tania M. Mann,2218 Pathway Dr,Chapel Hill NC 27516
Teresa T. Haskins,203 Sunset Creek Cir,Chapel Hill NC 27516
Thomas F. Vrnak,106 Yeargen Pl,Chapel Hill NC 27516
Tiffany D. Wilborn,102 Fairfield Ct,Chapel Hill NC 27516
Timothy A. Holleman,PO Box 816,Carrboro NC 27510
Timothy P. Bukowski,220 Stratford Dr,Chapel Hill NC 27516
Tina R. Floyd,131 Cobblestone Dr,Chapel Hill NC 27516
Trent A. Hopper,2213 Pathway Dr,Chapel Hill NC 27516
Urszula K. Grochowski,105 Hanford Rd,Chapel Hill NC 27516
Virginia & James Patterson,125 Cobblestone Dr,Chapel Hill NC 27516
Walter C. Boger,100 Morningside Dr,Carrboro NC 27510
Wayne J. Flournoy,304 Farm House Dr,Chapel Hill NC 27516
William E. Treuman,108 Waverly Forest Ln,Chapel Hill NC 27516
& William Newcomb, Jennifer, Joan,305 Autumn Dr,Chapel Hill NC 27516
William R. Abb,220 Autumn Dr,Chapel Hill NC 27516
William T. Jeter,106 Morningside Dr,Carrboro NC 27510
William T. Whitford,315 Sunset Creek Cir,Chapel Hill NC 27516
Willie D. Jones III,102 Michaels Way,Chapel Hill NC 27516
Woodrow W. Thornton,111 Stratford Dr,Chapel Hill NC 27516
