Abigail & Jonathan Lees,107 Cobblestone Dr,Chapel Hill NC 27516
Adam K. Feibelman,311 Bolin Creek Dr,Carrboro NC 27510
Adrienne & Stephen Himmelberg,111 Cobblestone Dr,Chapel Hill NC 27516
Aimee & Edward Gaunt,303 Robert Hunt Dr,Carrboro NC 27510
Akshay & Surekha Pendyal,107 Sudbury Ln,Chapel Hill NC 27516
Alexander G. Webb III,1222 Hillsborough Rd,Chapel Hill NC 27516
Amanda K. Hale,1543 Pathway Dr,Carrboro NC 27510
Amy D. Heine,300 Rockgarden Dr,Chapel Hill NC 27516
Andrea H. Blackburn,105 Cobblestone Pl,Chapel Hill NC 27516
Andrew K. Moore,105 Bruton Dr #Nn10,Chapel Hill NC 27516
Angelina M. Sudario-Cook,100 Robert Hunt Dr,Carrboro NC 27510
Anne M. Meyer,100 Richard Dixon Ct,Carrboro NC 27510
Ann M. Collins,204 Forest Ct,Carrboro NC 27510
Ashley & Jospeh Brulle,209 Robert Hunt Dr,Carrboro NC 27510
Barbara A. Fedders,114 Creekview Cir,Carrboro NC 27510
Barbara Ellen Roeber,109 Robert Hunt Dr,Carrboro NC 27510
Bari & Andrei Sholomon,2406 Pathway Dr,Chapel Hill NC 27516
Becky A. Hebert,211 Wyndham Dr,Chapel Hill NC 27516
Belinda Ha,104 Robert Hunt Dr,Carrboro NC 27510
Benjamin R. Wiener,127 Colfax Dr,Chapel Hill NC 27516
Bernice & William Tucker,404 Tripp Farm Rd,Chapel Hill NC 27516
Beth Seyda,102 Hanford Rd,Chapel Hill NC 27516
Bijoy & Tanmay Patnaik,110 Sudbury Ln,Chapel Hill NC 27516
Brian C. Callaway,203 Blueridge Rd,Carrboro NC 27510
Brian D. Young,205 Forest Ct,Carrboro NC 27510
Brian P. Barrick,110 Hanford Rd,Chapel Hill NC 27516
Cameron G. Binnie,102 Amber Ct,Carrboro NC 27510
Carlin Traugott-Campbell,1541 Pathway Dr,Carrboro NC 27510
Carl J. Buehler,802 Hillsborough Rd #B,Chapel Hill NC 27516
Carmela & Sela Mager,110 Jasmine Ct,Carrboro NC 27510
Carmen S. Watson,2207 Pathway Dr,Chapel Hill NC 27516
Carol A. Epling,401 Tramore Dr,Chapel Hill NC 27516
Carol J. Depoix,202 Forest Ct,Carrboro NC 27510
Carolyn M. Morton,304 Autumn Dr,Chapel Hill NC 27516
Carrie L. Donley,2220 Pathway Dr,Chapel Hill NC 27516
Cary A. Weinberger,107 Spring Valley Rd,Carrboro NC 27510
Cassandra L. Short,111 Sudbury Ln,Chapel Hill NC 27516
Catherine A. Santello,111 Sudbury Ln,Chapel Hill NC 27516
Cathryn J. Brubaker,113 Bruton Dr,Chapel Hill NC 27516
Cathy M. Breshears,107 Farm House Dr,Chapel Hill NC 27516
Caywood G. Hendricks,201 Rockgarden Dr,Chapel Hill NC 27516
Celeste D. Cantrell,124 Waverly Forest Ln,Chapel Hill NC 27516
Chandra & Jonathan Noyes,302 Waterside Dr,Carrboro NC 27510
Charles H. Davis Jr,313 Sunset Creek Cir,Chapel Hill NC 27516
Cheng & Li-Lin Lo,102 Buckeye Ln,Chapel Hill NC 27516
Christian D Savelli,106 Richland Ct,Chapel Hill NC 27516
Christie E. Campbell,2216 Pathway Dr,Chapel Hill NC 27516
Christina A. Estes,209 Wyndham Dr,Chapel Hill NC 27516
Christine & Charles Perry,407 Robert Hunt Dr,Carrboro NC 27510
Christopher& John Manor,100 Webb Dr ,Carrboro NC 27510
Christopher M. Bukowski,220 Stratford Dr,Chapel Hill NC 27516
Christopher N. Cash,219 Tripp Farm Rd,Chapel Hill NC 27516
Christopher S. McLaughlin,511 Cates Farm Rd,Chapel Hill NC 27516
Constance & Jesse Cleary,302 Blueridge Rd,Carrboro NC 27510
Corbin D. Jones,109 Rock Spring Ct,Carrboro NC 27510
Cynthia K. Schauer,208 Spring Valley Rd,Carrboro NC 27510
Cynthia & Orlando Metcalf,603 Robert Hunt Dr,Carrboro NC 27510
Cynthia R. Miller,100 Sunset Creek Cir,Chapel Hill NC 27516
Dana A. Randolph,108 Cobblestone Dr,Chapel Hill NC 27516
Dana R. Kirshner,920 Hillsborough Rd,Chapel Hill NC 27516
Daniel A. Nord,315-C Blueridge Rd,Carrboro NC 27510
Daniel L. Goans,207 Blueridge Rd,Carrboro NC 27510
Daniel P. Stevens,332 Sunset Creek Cir,Chapel Hill NC 27516
David A. Jelley,104 Jasmine Ct,Carrboro NC 27510
David D. Kaemmer,201 Stratford Dr,Chapel Hill NC 27516
David H. Matthews,402 Robert Hunt Dr,Carrboro NC 27510
David J. Archer,100 John Martin Ct,Carrboro NC 27510
David J. Reiner,1900 Pathway Dr,Chapel Hill NC 27516
David Laszlo,201 Forest Ct,Carrboro NC 27510
David L. Burton,209 Wild Oak Ln,Carrboro NC 27510
David N. Batson Jr,124 Waverly Forest Ln,Chapel Hill NC 27516
David W. Burgess,101 Roger Cook Ct,Carrboro NC 27510
Deborah & Christopher Thomas,328 Sunset Creek Cir,Chapel Hill NC 27516
Deborah & David Conley,303 Sunset Creek Cir,Chapel Hill NC 27516
Debra & Andy Baringtang,126 Cobblestone Dr,Chapel Hill NC 27516
Debra & Robert Kantner,501 Rockgarden Dr,Chapel Hill NC 27516
Dennis A. Haines,303 Wyndham Dr,Chapel Hill NC 27516
Denniz A. Zolnoun,1600 Pathway Dr,Carrboro NC 27510
Diane E. Perez,403 Bolin Creek Dr,Carrboro NC 27510
Diane M. Gifford,505 Bolin Creek Dr,Carrboro NC 27510
Dirce C. Suzuki-Burgess,101 Roger Cook Ct,Carrboro NC 27510
Donald Young,100 Wrenn Pl,Chapel Hill NC 27516
Dorothea Lank,504 Forest Ct,Carrboro NC 27510
Edward C. Camp,108 Aberdeen Ct,Carrboro NC 27510
Edward M. Holzwarth,2101 Pathway Dr,Chapel Hill NC 27516
Elaine Duda,403 Rockgarden Dr,Chapel Hill NC 27516
Elanie J. Cintron,106 Drayton Ct,Chapel Hill NC 27516
Elena St Jean,1212 Hillsborough Rd,Chapel Hill NC 27516
Elianise Joseph,105 Gracewood Pl,Chapel Hill NC 27516
Elise S. Julian,208 Barington Hills Rd,Chapel Hill NC 27516
Elizabeth & Carl Freeman,104 Gracewood Pl,Chapel Hill NC 27516
Elizabeth Christy,104 Yeargen Pl,Chapel Hill NC 27516
Elizabeth & Edward Underwood,106 Cobblestone Pl,Chapel Hill NC 27516
Elizabeth& Jacob Nord,315 Blueridge Rd #C,Carrboro NC 27510
Ellen & James Cohen,212 Cates Farm Rd,Chapel Hill NC 27516
Elvia Y. Heavlin,209 Blueridge Rd,Carrboro NC 27510
Emily C. Cameron,200 Cobblestone Dr,Chapel Hill NC 27516
Emily J. Cullen,1539 Pathway Dr,Carrboro NC 27510
Eric D. Backus,1415 Homestead Rd,Chapel Hill NC 27516
Erin L. Martin,108 Hanford Rd,Chapel Hill NC 27516
Erin R. Printy,104 Hanford Rd,Chapel Hill NC 27516
Fan Lin,104 Sunset Ridge Ln,Chapel Hill NC 27516
Fernando Serrano,507 Rockgarden Dr,Chapel Hill NC 27516
Flora& Alex Millager,406 Waterside Dr,Carrboro NC 27510
Frank M. Boardman,100 Aberdeen Ct,Carrboro NC 27510
Gabrielle Wienburg,2201 Pathway Dr,Chapel Hill NC 27516
Gillian A. Aylward,204 Stratford Dr,Chapel Hill NC 27516
Gina St John Rozier,307 Sunset Creek Cir,Chapel Hill NC 27516
Gregory Jacob Rubinstein,114 Garden Gate Dr,Chapel Hill NC 27516
Gregory & Robert Martin,110 Ellsworth Pl,Chapel Hill NC 27516
Hannah I. Floyd,131 Cobblestone Dr,Chapel Hill NC 27516
Harlene C. Gogan,105 Richard Dixon Ct,Carrboro NC 27510
Hissan C. Waheed,505 Waterside Dr,Carrboro NC 27510
Holly & Brockton McKinney,312 Blueridge Rd,Carrboro NC 27510
Holly & Kenneth Clark,404 Rockgarden Dr,Chapel Hill NC 27516
Hong J. Kim,108 Sunset Ridge Ln,Chapel Hill NC 27516
Hsi-Chu Bolick,108 Creekview Cir,Carrboro NC 27510
Hunter & Robert Goss,403 Robert Hunt Dr,Carrboro NC 27510
Indrani & Subhenda Das,207 Autumn Dr,Chapel Hill NC 27516
James B. Carter,217 Cobblestone Dr,Chapel Hill NC 27516
James G. Jones III,400 Waterside Dr,Carrboro NC 27510
James L. Shortridge,109 Sunset Ridge Ln,Chapel Hill NC 27516
James R. Stangle Jr,401 Cates Farm Rd,Chapel Hill NC 27516
James R. Toscano,104 Wrenn Pl,Chapel Hill NC 27516
Jan J. Hansen,900 Hillsborough Rd,Chapel Hill NC 27516
Jeanne & James Riek,103 Wild Oak Ln,Carrboro NC 27510
Jeanne & Paul Minta,1220 Hillsborough Rd,Chapel Hill NC 27516
Jennifer & Alexander Chu,509 Cates Farm Rd,Chapel Hill NC 27516
Jennifer C. Liebe,106 Ellsworth Pl,Chapel Hill NC 27516
Jennifer E. Grover,1030 Hillsborough Rd,Chapel Hill NC 27516
Jenny Lynne M. Brews,2401 Pathway Dr,Chapel Hill NC 27516
Jessica & Dana Smith,106 Amber Ct #A,Carrboro NC 27510
Jessica S. Levy,102 Bruton Dr,Chapel Hill NC 27516
Jill K. Fecko,1903 Pathway Dr,Chapel Hill NC 27516
Joan & Bronwyn Duffield,214 Cates Farm Rd,Chapel Hill NC 27516
John A. Messenheimer Jr,101 Wild Oak Ln,Carrboro NC 27510
John D. Vrnak,106 Yeargen Pl,Chapel Hill NC 27516
John E. Brandon,2209 Pathway Dr,Chapel Hill NC 27516
John F. Carter,310 Bolin Creek Dr,Carrboro NC 27510
John Keku,204 Cates Farm Rd,Chapel Hill NC 27516
John L. Desue Jr,101 Sunset Creek Cir,Chapel Hill NC 27516
John M. Doerfer,101 Barington Hills Rd,Chapel Hill NC 27516
John T. Schimmelfing,104 Buckeye Ln,Chapel Hill NC 27516
Jonathan D. Lepofsky,304 Morningside Dr,Carrboro NC 27510
Jo N. Bass,206 Forest Ct,Carrboro NC 27510
Joyce C. Watkins,211 Blueridge Rd,Carrboro NC 27510
Julia S. Kimbell,113 Circadian Way,Chapel Hill NC 27516
Julia & William Tsang,104 Garden Gate Dr,Chapel Hill NC 27516
Justin C. Lecus,1608 Pathway Dr,Carrboro NC 27510
Kanako Oshimura,601 Bolin Creek Dr,Carrboro NC 27510
Kara P. Hart,208 Autumn Dr,Chapel Hill NC 27516
Karen H. Yeowell,1214 Hillsborough Rd,Chapel Hill NC 27516
Karyn L. Hede,107 Stratford Dr,Chapel Hill NC 27516
Katherine & Ian Shields,102 Circadian Way,Chapel Hill NC 27516
Kathleen E. Bowler,100 Wrenn Pl,Chapel Hill NC 27516
Kathleen L. Thompson,108 Calumet Ct,Carrboro NC 27510
Kathryn J. Heins,118 Sudbury Ln,Chapel Hill NC 27516
Kelsey C. Salvesen,1805 Pathway Dr,Carrboro NC 27510
Kendall L. Music,2218 Pathway Dr,Chapel Hill NC 27516
Kenneth B. Benedict,128 Cobblestone Dr,Chapel Hill NC 27516
Kevin J. Kilpatrick,306 Wyndham Dr,Chapel Hill NC 27516
Kevin S. Fox,103 Morningside Dr,Carrboro NC 27510
Kevin T. Hunt,1809 Pathway Dr,Carrboro NC 27510
Kevin W. Gaylor,1807 Pathway Dr,Carrboro NC 27510
Kimberly D. Hogan,413 Homestead Rd,Chapel Hill NC 27516
Kirsten T. Davila-Rieth,107 Sunset Ridge Ln,Chapel Hill NC 27516
Laura E. Case,203 Waterside Dr,Carrboro NC 27510
Lauralee H. Long,209 Blueridge Rd,Carrboro NC 27510
Laura M. Costanza,203 Waterside Dr,Carrboro NC 27510
Lauren & Mark Smith,204 Stratford Dr,Chapel Hill NC 27516
Lawrence B. Moy,1909 Pathway Dr,Chapel Hill NC 27516
Lee A. Westover,110 Suffolk Pl,Chapel Hill NC 27516
Leigh L. Wulforst,307 Autumn Dr,Chapel Hill NC 27516
Leslie A. McGivney,108 Yeargen Pl,Chapel Hill NC 27516
Leslie W. Bard,206 Cobblestone Dr,Chapel Hill NC 27516
Linda Jens,105 Barington Hills Rd,Chapel Hill NC 27516
Lisa C. Mette,126 Creekview Cir,Carrboro NC 27510
Lisa M. Josephs,403 Tramore Dr,Chapel Hill NC 27516
Lois Mary Stewart,215 Robert Hunt Dr,Carrboro NC 27510
Lori T. Delaney,106 Spring Valley Rd,Carrboro NC 27510
Lorraine R. Stewman,105 John Martin Ct,Carrboro NC 27510
Louise M. Camp,701 Bolin Creek Dr,Carrboro NC 27510
Madelfia A. Abb,220 Autumn Dr,Chapel Hill NC 27516
Margaret A. Newcomb,305 Autumn Dr,Chapel Hill NC 27516
Margaret A. Nolan,132 Circadian Way,Chapel Hill NC 27516
Mark A. Tachman,102 Hanford Rd,Chapel Hill NC 27516
Mark E. Carson,115 Garden Gate Dr,Chapel Hill NC 27516
Mark J. Lewis,305 Forest Ct,Carrboro NC 27510
Mark R. Seiler,401 Rockgarden Dr,Chapel Hill NC 27516
Marshall G. Morgan,209 Robert Hunt Dr,Carrboro NC 27510
Martin Paul Tornai,207 Waterside Dr,Carrboro NC 27510
Mary A. Dwyer,102 Buck Taylor Trl,Chapel Hill NC 27516
Mary & Dino Battista,200 Stratford Dr,Chapel Hill NC 27516
Mary F. Karnes,218 Cobblestone Dr,Chapel Hill NC 27516
Mary T. Egan,103 Buck Taylor Trl,Chapel Hill NC 27516
Matthew A. Fishman,113 Yeargen Pl,Chapel Hill NC 27516
Matthew A. Koch,205 Bruton Dr,Chapel Hill NC 27516
Matthew H. White,300 Tripp Farm Rd,Chapel Hill NC 27516
Matthew T. Bennett,102 Spring Valley Rd,Carrboro NC 27510
Matthew & William Parke Jonathan,118 Cobblestone Dr,Chapel Hill NC 27516
Melvin S. Freedman,404 Waterside Dr,Carrboro NC 27510
Michael A. Helmrath,306 Wyndham Dr,Chapel Hill NC 27516
Michael A. Tejada,116 Spring Valley Rd,Carrboro NC 27510
Michael D. Green,1306 Hillsborough Rd,Chapel Hill NC 27516
Michael K. Christysam,104 Yeargen Pl,Chapel Hill NC 27516
Michael Lewis Rodgers,203 Blueridge Rd,Carrboro NC 27510
Michael T. Yopp,506 Robert Hunt Dr,Carrboro NC 27510
Michael W. Booze,102 Calumet Ct,Carrboro NC 27510
Michele R. Illies,206 Blueridge Rd,Carrboro NC 27510
Michelle D. Joshua,214 Wild Oak Ln,Carrboro NC 27510
Mikel Sanfilippo,211 Cobblestone Dr,Chapel Hill NC 27516
Miriam A. Grochowski,105 Hanford Rd,Chapel Hill NC 27516
Molly & Ryan Wells,707 Bolin Creek Dr,Carrboro NC 27510
Monica Leap,203 Blueridge Rd,Carrboro NC 27510
Mortimer T. Alzona,102 Suffolk Pl,Chapel Hill NC 27516
Nancy F. Gell,102 Rock Spring Ct,Carrboro NC 27510
Nandina & Surya Dhullipalla Anirudh,101 Sunset Ridge Ln,Chapel Hill NC 27516
Nichole D. Grier,101 Rock Spring Ct,Carrboro NC 27510
Nicole K. Boyle,305 Wyndham Dr,Chapel Hill NC 27516
Norman Klase III,102 Richard Dixon Ct,Carrboro NC 27510
Orrin Roby Robbins Jr,110 Spring Valley Rd,Carrboro NC 27510
Pamela & Henry Rivers,300 Bolin Creek Dr,Carrboro NC 27510
Patricia A. George,110 Yeargen Pl,Chapel Hill NC 27516
Patricia C. Nervo,114 Yeargen Pl,Chapel Hill NC 27516
Patricia & Robert Steele,302 Sunset Creek Cir,Chapel Hill NC 27516
Patricia & Ryan Lewis,202 Wyndham Dr,Chapel Hill NC 27516
Paula A. Morvan,310 Bolin Forest Dr,Carrboro NC 27510
Paul H. Hayashi Jr,102 Wyndham Dr,Chapel Hill NC 27516
Paul T. McLaughlin,400 Cates Farm Rd,Chapel Hill NC 27516
Peter F. Ford,103 Michaels Way,Chapel Hill NC 27516
Phillip M. Ragazzo Jr,1811 Pathway Dr,Carrboro NC 27510
Phyllis N. Archer,328 Sunset Creek Cir,Chapel Hill NC 27516
Psyche H. Lee,105 Rock Spring Ct,Carrboro NC 27510
Rachael N. Martindale,2101 Pathway Dr,Chapel Hill NC 27516
Rachel A. Gable,401 Cates Farm Rd,Chapel Hill NC 27516
Rachel E. Kramer,105 Jasmine Ct,Carrboro NC 27510
Radislav Lapushin,104 Hanford Rd,Chapel Hill NC 27516
Rania& Chris Combs,110 Garden Gate Dr,Chapel Hill NC 27516
Rebecca J. Baker,308 Wyndham Dr,Chapel Hill NC 27516
Reece J. Schuler,304 Wyndham Dr,Chapel Hill NC 27516
Renee S. White,2000 Pathway Dr,Chapel Hill NC 27516
Rita & Dennis Chao,303 Blueridge Rd,Carrboro NC 27510
Rita & Stephen Crain,102 Jasmine Ct,Carrboro NC 27510
Robert A. Creighton,402 Tramore Dr,Chapel Hill NC 27516
Robert F. Kramer,102 Barington Hills Rd,Chapel Hill NC 27516
Robert J. Powell,201 Barington Hills Rd,Chapel Hill NC 27516
Robert P. Guizzetti,301 Forest Ct,Carrboro NC 27510
Robin & Joseph Croswell,216 Robert Hunt Dr,Carrboro NC 27510
Robin & Randall Mullis Anna, Caroline,604 Robert Hunt Dr,Carrboro NC 27510
Robin & Samantha Poer,218 Robert Hunt Dr,Carrboro NC 27510
Rolando J. Saavedra,205 Wild Oak Ln,Carrboro NC 27510
Rory B. Conolly,106 Michaels Way,Chapel Hill NC 27516
Sahar Amer,112 Waverly Forest Ln,Chapel Hill NC 27516
Samuel W. Ellis,205 Blueridge Rd,Carrboro NC 27510
Sandra& Michael Dinola,102 Yeargen Pl,Chapel Hill NC 27516
Sara Janda,108 Morningside Dr,Carrboro NC 27510
Sara M. Kennedy,309 Robert Hunt Dr,Carrboro NC 27510
Scott C. Myers,204 Morningside Dr,Carrboro NC 27510
Scott & Craig Turner Virginia,306 Tripp Farm Rd,Chapel Hill NC 27516
Scott T. Josephs,403 Tramore Dr,Chapel Hill NC 27516
Scott W. Christie,302 Autumn Dr,Chapel Hill NC 27516
Sean Cohen,207 Wild Oak Ln,Carrboro NC 27510
Shawn C. Ahmed,105 William White Ct,Carrboro NC 27510
Shelley M. Dillon,208 Wild Oak Ln,Carrboro NC 27510
Shravan K. Reddy,102 Richland Ct,Chapel Hill NC 27516
Sidney A. Martin Jr,306 Waterside Dr,Carrboro NC 27510
Solomon F. Hawk,114 Circadian Way,Chapel Hill NC 27516
Stephen L. Rintoul,608 Bolin Creek Dr,Carrboro NC 27510
Stephen P. Minta,208 Cobblestone Dr,Chapel Hill NC 27516
Steven A. Fisher,114 Circadian Way,Chapel Hill NC 27516
Steven Silverleaf,980 Hillsborough Rd,Chapel Hill NC 27516
Sue D. Pope,201 Hanford Rd,Chapel Hill NC 27516
Sue D. Taylor,PO Box 814,Carrboro NC 27510
Sue L. Treuman,108 Waverly Forest Ln,Chapel Hill NC 27516
Suramya Waidyanatha,502 Rockgarden Dr,Chapel Hill NC 27516
Susan & Barry Sisk,201 Farm House Dr,Chapel Hill NC 27516
Susan & David Resnik,119 Cobblestone Dr,Chapel Hill NC 27516
Susan E. Purcell,207 Waterside Dr,Carrboro NC 27510
Susan G. Sobol,503 Rockgarden Dr,Chapel Hill NC 27516
Susan L. Kandel,126 Circadian Way,Chapel Hill NC 27516
Susan & Michael Zenn,503 Cates Farm Rd,Chapel Hill NC 27516
Susan M. Mason,323 Blueridge Rd,Carrboro NC 27510
Susan Nunn Stalder,100 Ellsworth Pl,Chapel Hill NC 27516
Susan P. Blackford,900 Hillsborough Rd,Chapel Hill NC 27516
Sutapa & Gregory Ford,106 Wyndham Dr,Chapel Hill NC 27516
Suzanne C. Hackett,122 Cobblestone Dr,Chapel Hill NC 27516
Suzanne K. McCray,108 Spring Valley Rd,Carrboro NC 27510
Svetlana M. Lapushin,104 Hanford Rd,Chapel Hill NC 27516
Tamara S. Petty,2205 Pathway Dr,Chapel Hill NC 27516
Temitope O Keku,204 Cates Farm Rd,Chapel Hill NC 27516
Teresa Napier,101 Yeargen Pl,Chapel Hill NC 27516
Terry H. Gunnels,105 Buck Taylor Trl,Chapel Hill NC 27516
Terry L. Noah,1534 Pathway Dr,Carrboro NC 27510
Thavagunan Mahadevan,302 Bolin Creek Dr,Carrboro NC 27510
Thomas E. Ellis,102 Canton Ct,Chapel Hill NC 27516
Thomas G. Price,105 Ellsworth Pl,Chapel Hill NC 27516
Thomas R. Billman,2211 Pathway Dr,Chapel Hill NC 27516
Timothy L. Grant,215 Cobblestone Dr,Chapel Hill NC 27516
Timothy L. Johnson,206 Blueridge Rd,Carrboro NC 27510
Timothy M. Davis,112 Sudbury Ln,Chapel Hill NC 27516
Timothy W. Fenwick,115 Bruton Dr,Chapel Hill NC 27516
Timothy William Rodriguez,216 Stratford Dr,Chapel Hill NC 27516
Tod S. Raymond,1803 Pathway Dr,Carrboro NC 27510
Toniann & Russell Glatz,1224 Hillsborough Rd,Chapel Hill NC 27516
Tracy & Richard Deselm,208 Wyndham Dr,Chapel Hill NC 27516
Vincent W. Seiberling,2216 Pathway Dr,Chapel Hill NC 27516
Walter M. Floyd,208 Spring Valley Rd,Carrboro NC 27510
Warren H. Pence Jr,212 Stratford Dr,Chapel Hill NC 27516
Weifan Zheng,104 Sunset Ridge Ln,Chapel Hill NC 27516
Wenbin Lin,102 Sunset Creek Cir,Chapel Hill NC 27516
Wendy & Jospeh Mickunas,314 Sunset Creek Cir,Chapel Hill NC 27516
Wendy L. Jebens,114 Jasmine Ct,Carrboro NC 27510
Wendy L. Mann,500 Bolin Creek Dr,Carrboro NC 27510
Wendy & Robert Scott,100 William White Ct,Carrboro NC 27510
Wenmei Shi,221 Stratford Dr,Chapel Hill NC 27516
William B. Merryman,102 Circadian Way,Chapel Hill NC 27516
William J. Cannon Jr,107 Stratford Dr,Chapel Hill NC 27516
William J. Gardner,1604 N Greensboro St,Carrboro NC 27510
William R. Carpenter IV,210 Stratford Dr,Chapel Hill NC 27516
William Washington Thomas III,120 Waverly Forest Ln,Chapel Hill NC 27516
Yael & Yaakov Ariel,600 Robert Hunt Dr,Carrboro NC 27510
Yoshie I Lindstrom,212 Wild Oak Ln,Carrboro NC 27510
Young K. Truong,105 Rock Spring Ct,Carrboro NC 27510
Yuki Sandifer,2409 Pathway Dr,Chapel Hill NC 27516
Zachary Arble,102 Fairfield Ct,Chapel Hill NC 27516
