Aarica L. Litchfield,112 NC Hwy 54 Byp # D8,Carrboro Nc 27510
Aaron D. Russell,111 Jones Ferry Rd,Carrboro NC 27510
Abbey J. Flude,1004 N Greensboro St,Carrboro NC 27510
Abby J. Todd,400 Davie Rd # 40,Carrboro NC 27510
Abby L. Norris,404 Jones Ferry Rd # G7,Carrboro NC 27510
Adam S. Kopec,106 Pine St # A,Carrboro NC 27510
Adia K. Bradley,605 Jones Ferry Rd # Kk8,Carrboro NC 27510
Adrienne P. Giddens,140 Bpw Club Rd # E16,Carrboro NC 27510
Alan E. Slawter,102 Lilac Dr,Carrboro NC 27510
Alexander S. Ritter,206 Davie Rd,Carrboro NC 27510
Alex B. Andrews,814 W Main St,Carrboro NC 27510
Alice M. Vanfleet-Kelley,204 Lorraine St,Carrboro NC 27510
Alicia Levin,101 NC Hwy 54 Byp # E7,Carrboro Nc 27510
Alicia M. Mejia,201 NC Hwy 54 Byp # 605,Carrboro Nc 27510
Alicia M. Whittier,101 NC Hwy 54 Byp # F4,Carrboro Nc 27510
Alicia Y. Huff,303 Smith Level Rd # A13,Chapel Hill NC 27516
Allison A. Zummo,205 Elm St # B,Carrboro NC 27510
Allison C. Phillips,222 Old Fayetteville Rd # C-201,Carrboro NC 27510
Alyssa L. Newton,140 Bpw Club Rd # B7,Carrboro NC 27510
Amanda A. Hale,103 Gail Ct,Carrboro NC 27510
Amanda B. Wisz,314 Davie Rd # B,Carrboro NC 27510
Amanda E. Hicks,222 Old Fayetteville Rd # D205,Carrboro NC 27510
Amanda & John Arthur,408 Manor Ridge Dr,Carrboro NC 27510
Amanda L. Johnson,222 Old Fayetteville Rd # G206,Carrboro NC 27510
Amanda L. Jones,112 NC Hwy 54 Byp # B8,Carrboro Nc 27510
Amanda L. Stewart,180 Bpw Club Rd # B-5,Carrboro NC 27510
Amanda N. Cannon,100 Rock Haven Rd # Q101,Carrboro NC 27510
Amanda N. Zellis,100 Rock Haven Rd # Q101,Carrboro NC 27510
Amanda R. Johns,112 NC Hwy 54 Byp # T3,Carrboro Nc 27510
Amanda R. Lott,404 Jones Ferry Rd # H13,Carrboro NC 27510
Amanda T. Lackett,222 Old Fayetteville Rd # M-208,Carrboro NC 27510
Amber M. Leasure,124 Fidelity St # 43,Carrboro NC 27510
Amy B. Clark,115 Chaucer Ct,Carrboro NC 27510
Amy B. Crews,601 Jones Ferry Rd # L-2,Carrboro NC 27510
Amy & Craig Samuels,302 Rossburn Way,Chapel Hill NC 27516
Amy E. Keller,605 Jones Ferry Rd # Ff06,Carrboro NC 27510
Amy L. Rich,222 Old Fayetteville Rd # C203,Carrboro NC 27510
Amy M. Jaworski,303 Smith Level Rd # C32,Chapel Hill NC 27516
Andrea D. Goettsch,200 NC Hwy 54 Byp # M303,Carrboro Nc 27510
Andrea J. Miller,401 NC Hwy 54 Byp # H4,Carrboro Nc 27510
Andre G. Ristaino,202 Carol St,Carrboro NC 27510
Andrew C. Mossman,510 Hillsborough Rd,Carrboro NC 27510
Andrew D. Sherman,109 Riverbirch Pt,Carrboro NC 27510
Andrew J. Grauer,140 Bpw Club Rd # D-22,Carrboro NC 27510
Andrew J. Reinhart,121 Westview Dr # 41,Carrboro NC 27510
Andrew J. Villa,303 Smith Level Rd # D-31,Chapel Hill NC 27516
Andrew Price,209 Jones Ferry Rd # A,Carrboro NC 27510
Angela Davis,200 Crest St # A-12,Carrboro NC 27510
Angela D. Willett,201 NC Hwy 54 Byp # 711,Carrboro Nc 27510
Angela Maria Lanza,180 Bpw Club Rd # H8,Carrboro NC 27510
Anjeannette & Taylor Fox,106 Cheswick Ct,Carrboro NC 27510
Anna E. Rothfuss,306 Gary Rd,Carrboro NC 27510
Anna M. Cargill,600 W Poplar Ave # 316,Carrboro NC 27510
Ann B. Hoover,205 Davie Rd # B,Carrboro NC 27510
Ann C. Arth,201 Westbrook Dr # D3,Carrboro NC 27510
Ann C. Izlar,402 Hillsborough Rd,Carrboro NC 27510
Anne K. Jorgensen,121 Westview Dr # 103,Carrboro NC 27510
Anne M. Claridge,100 Starlite Dr,Carrboro NC 27510
Anne R. Tanner,222 Old Fayetteville Rd # L203,Carrboro NC 27510
Anthony J. Bybell,105 Milton Dr # B,Carrboro NC 27510
Anthony J. Cleves,601 Jones Ferry Rd # N4,Carrboro NC 27510
Anton D. Jerkovich,222 Old Fayetteville Rd # C-105,Carrboro NC 27510
Arlene M. Clayton,600 W Poplar Ave # 237,Carrboro NC 27510
Arlene M. Devon,600 W Poplar Ave # 352,Carrboro NC 27510
Ashley B. Arndt,100 Rose Walk Ln,Carrboro NC 27510
Ashley J. Cowan,100 Rock Haven Rd # J204,Carrboro NC 27510
Ashley K. Winslow,273 Sweet Bay Pl,Carrboro NC 27510
Ashley R. Watson,104 Gateridge Pl,Carrboro NC 27510
Avery G. Cheves,139 Friar Ln,Carrboro NC 27510
Barbara J. Durren,193 Viburnum Way,Carrboro NC 27510
Barbara L. Eades,605 Jones Ferry Rd # Cc-7,Carrboro NC 27510
Barbara L. Lytle,111 Weatherhill Pt,Carrboro NC 27510
Barbara P. Shull,100 Friar Ln,Carrboro NC 27510
Barry E. Carter,116 Fidelity St,Carrboro NC 27510
Baxter B. Sapp III,205 Maple Ave,Carrboro NC 27510
Belinda M. Johnson,101 Cobb St,Carrboro NC 27510
Benjamin M. Posey,303 Smith Level Rd # F22,Chapel Hill NC 27516
Benjamin R. Darnell,112 NC Hwy 54 Byp # J8,Carrboro Nc 27510
Bethany B. Parks,222 Old Fayetteville Rd # K103,Carrboro NC 27510
Beth & Carl Barrington,100 Cheek St # A,Carrboro NC 27510
Beth & Lemuel Henderson,305 Hillsborough Rd,Carrboro NC 27510
Bettie Lou W. Graham,103 Culbreth Rd # 303,Chapel Hill NC 27516
Betty P. Hitchcock,102 Weathervane Dr,Carrboro NC 27510
Beverly & John Ames,100 Winsome Ln,Chapel Hill NC 27516
Beverly W. Suitt,399 Oak Ave,Carrboro NC 27510
Brad N. Barlow,112 NC Hwy 54 Byp # M3,Carrboro Nc 27510
Brad N. Bennett,111 Cheswick Ct,Carrboro NC 27510
Brandi M. Whaley,222 Old Fayetteville Rd # F-302,Carrboro NC 27510
Brandon W. Prince,1000 Smith Level Rd # N-7,Carrboro NC 27510
Brenda M. Morgan,210 James St,Carrboro NC 27510
Bren M. Sparling,411 Rossburn Way,Chapel Hill NC 27516
Brian A. Jones,104 NC Hwy 54 Byp # 204,Carrboro Nc 27510
Brian C. Ferslew,601 Jones Ferry Rd # D3,Carrboro NC 27510
Brian L. Klingler,306 Estes Drive Ext # H1,Carrboro NC 27510
Brian W. White,339 Rose Walk Ln,Carrboro NC 27510
Brittany M. Larson,303 Smith Level Rd # D-21,Chapel Hill NC 27516
Brooke A. Jensen,111 Chaucer Ct,Carrboro NC 27510
Brooke E. Hassinger,601 Jones Ferry Rd # B-12,Carrboro NC 27510
Bryan P. Roach,140 Bpw Club Rd # C16,Carrboro NC 27510
Caleb A. Kent,601 Jones Ferry Rd # A16,Carrboro NC 27510
Caleb M. Sparrow,105 Fidelity St # B17,Carrboro NC 27510
Calvin B. Hunter Jr.,123 Hanna St,Carrboro NC 27510
Camille & Eric Hudimac,222 Old Fayetteville Rd # G107,Carrboro NC 27510
Candace E. White,405 Shelton St,Carrboro NC 27510
Caral F. Franke,405 Smith Level Rd,Chapel Hill NC 27516
Cara N. Wicks,200 NC Hwy 54 Byp # N304,Carrboro Nc 27510
Carl C. Stewart,306 Estes Drive Ext # Q7,Carrboro NC 27510
Carl J. Rokos,222 Old Fayetteville Rd # H101,Carrboro NC 27510
Carmen H. Stoianovitch,600 W Poplar Ave # 121,Carrboro NC 27510
Carol A. Sundheimer,180 Bpw Club Rd # L11,Carrboro NC 27510
Carol B. Parrish,113 Carol St,Carrboro NC 27510
Carolyn J. Ward,111 Cheek St,Carrboro NC 27510
Carrie A. Estes,303 Smith Level Rd # B-33,Chapel Hill NC 27516
Catherine A. Bryant,100 James St,Carrboro NC 27510
Celeste A. Mitchell,100 Rock Haven Rd # L201,Carrboro NC 27510
Chantanat Triyanond,222 Old Fayetteville Rd # B203,Carrboro NC 27510
Charisse L White,110 Starlite Dr,Carrboro NC 27510
Charles B. Sebastian,201 NC Hwy 54 Byp # 412,Carrboro Nc 27510
Charles B. Turpin Jr.,404 Jones Ferry Rd # 15,Carrboro NC 27510
Charles D. Browning Jr.,311 E Main St,Carrboro NC 27510
Charles M. Morgan,126 Marlowe Ct,Carrboro NC 27510
Charles William Bass,810 Old Fayetteville Rd # 15,Chapel Hill NC 27516
Charles W. Lewis Jr.,118 Lorilane Dr,Carrboro NC 27510
Cherry M. Turnage,303 Smith Level Rd # D-12,Chapel Hill NC 27516
Cheryl A. Finley,501 Jones Ferry Rd # N1,Carrboro NC 27510
Cheryl L. Laird,624 Jones Ferry Rd # 203,Carrboro NC 27510
Cheryl R. Baldwin,222 Old Fayetteville Rd # A204,Carrboro NC 27510
Chih C. Chen,105 Pleasant Dr # F,Carrboro NC 27510
Chris P. Burns,401 NC Hwy 54 Byp # D6,Carrboro Nc 27510
Christian R. Tyner,140 Bpw Club Rd # D23,Carrboro NC 27510
Christina J. White,201 Westbrook Dr # B7,Carrboro NC 27510
Christina R. Moon,1104 N Greensboro St # 3,Carrboro NC 27510
Christine & Joseph Durrance,106 Phipps St,Carrboro NC 27510
Christopher D. Gibbons,201 Westbrook Dr # B11,Carrboro NC 27510
Christopher J. Shaw,222 Old Fayetteville Rd # H202,Carrboro NC 27510
Christopher M. Fuhrmann,318 Davie Rd,Carrboro NC 27510
Christopher P. Brown,106 South Peak Dr,Carrboro NC 27510
Christopher R. Wing,300 Sweet Bay Pl,Carrboro NC 27510
Christopher Scapillato,256 Sweet Bay Pl,Carrboro NC 27510
Christopher S. Ferrell,400 Davie Rd # 17,Carrboro NC 27510
Clara & Charles Ragan, Billie,808 Old Fayetteville Rd,Chapel Hill NC 27516
Clarice & William Page,400 Lindsay St,Carrboro NC 27510
Claudio Rodriguez,202 Shelton St,Carrboro NC 27510
Colleen M. Dillon,1202 N Greensboro St,Carrboro NC 27510
Connie J. Vanderheide,112 NC Hwy 54 Byp # D8,Carrboro Nc 27510
Corinna L. Weller,605 Jones Ferry Rd # Vv8,Carrboro NC 27510
Courtney E. Dutton,222 Old Fayetteville Rd # J201,Carrboro NC 27510
Courtney L. Schnabel,303 Smith Level Rd # D12,Chapel Hill NC 27516
Courtney M. Agar,112 NC Hwy 54 Byp # F8,Carrboro Nc 27510
Curtis J. Hendrickson,201 Carol St,Carrboro NC 27510
Cyntha & Charles Davis,104 Kay St,Carrboro NC 27510
Cynthia A. Anderson,101 NC Hwy 54 Byp # G-9,Carrboro Nc 27510
Cyrus H. Philpott,222 Old Fayetteville Rd # M-104,Carrboro NC 27510
Dana J. Saleeby,201 Estes Drive Ext # D,Carrboro NC 27510
Dane L. Hupman,300 Pleasant Dr,Carrboro NC 27510
Daniel A. Canos,100 Riverbirch Pt,Carrboro NC 27510
Daniel A. Hathcock,222 Old Fayetteville Rd # L302,Carrboro NC 27510
Daniel J. Moyles,101 Thomas Ln # C-1,Carrboro NC 27510
Daniel P. Verges,101 Thomas Ln # C1,Carrboro NC 27510
Daniel V. Samarov,104 Lorilane Dr,Carrboro NC 27510
Daphne E. Dow,810 Old Fayetteville Rd # 13,Chapel Hill NC 27516
David B. Wright,210 Davie Rd,Carrboro NC 27510
David C. Allan,201 Westbrook Dr # C1,Carrboro NC 27510
David Conner,106 Starlite Dr,Carrboro NC 27510
David C. Reid,114 Primrose Ln,Carrboro NC 27510
David E. Enblom,501 Jones Ferry Rd # Q2,Carrboro NC 27510
David L. Bridges,601 Jones Ferry Rd # F12,Carrboro NC 27510
David M. Bowers,709 W Main St,Carrboro NC 27510
David N. Harrison,104 Cedarwood Ln,Carrboro NC 27510
David W. Moran,200 NC Hwy 54 Byp # A-203,Carrboro Nc 27510
Deborah A. Richards,101 NC Hwy 54 Byp # M1,Carrboro Nc 27510
Deborah A. Sparrow,100 Lorraine St,Carrboro NC 27510
Deborah & James Heaney,205 Rose Walk Ln,Carrboro NC 27510
Deborah J. Ferrero-Conover,124 Winsome Ln,Chapel Hill NC 27516
Deborah L. Squires,105 Fidelity St # A-10,Carrboro NC 27510
Della Hayden,303 Smith Level Rd # B31,Chapel Hill NC 27516
Delmar B. Jones,201 Carol St,Carrboro NC 27510
Derek M. Phillips,118 Marlowe Ct,Carrboro NC 27510
Diane P. Fruge,114 Lantern Way,Carrboro NC 27510
Diane P. Gregg,222 Old Fayetteville Rd # C201,Carrboro NC 27510
Dolores B. Zimmer,127 Weatherhill Pt,Carrboro NC 27510
Dolores H. Lloyd,1000 Smith Level Rd # L17,Carrboro NC 27510
Donald G. Black,624 Jones Ferry Rd,Carrboro NC 27510
Dorothy T. Thomas,600 W Poplar Ave # 347,Carrboro NC 27510
Douglas W. Perry,101 Pine St,Carrboro NC 27510
Dwain P. Teague,100 Rock Haven Rd # D-102,Carrboro NC 27510
Earnest S. Bush,605 Jones Ferry Rd # Vv11,Carrboro NC 27510
Edwin J. Renegar Jr.,401 Hillsborough Rd # A,Carrboro NC 27510
Elderelia & Manuel Garcia,605 Jones Ferry Rd # Jj-08,Carrboro NC 27510
Elizabeth A. Benson,601 Jones Ferry Rd # C2,Carrboro NC 27510
Elizabeth L. Bergstresser,105 Rainbow Dr,Carrboro NC 27510
Elizabeth M. Matthews,503 N Greensboro St # D,Carrboro NC 27510
Elizabeth M. Redeker,108 Friar Ln,Carrboro NC 27510
Elizabeth S. Troutman,1000 Smith Level Rd # J11,Carrboro NC 27510
Ellen & Adrian De Graffenreid,222 Old Fayetteville Rd,Carrboro NC 27510
Ellen P. Bell,310 W Poplar Ave,Carrboro NC 27510
Ellen R. Thornburg,101 Raven Ln,Carrboro NC 27510
Emilie G. Moseley,104 Brewer Ln # B4,Carrboro NC 27510
Emily C. Craig,130 Friar Ln,Carrboro NC 27510
Emily & Jonathan Slagle,222 Old Fayetteville Rd # L102,Carrboro NC 27510
Emily L. Chavez,180 Bpw Club Rd # Q-2,Carrboro NC 27510
Emily M. Boone,503 N Greensboro St # D,Carrboro NC 27510
Emily M. Gidcumb,101 NC Hwy 54 Byp # E-8,Carrboro Nc 27510
Eric B. Creed,180 Bpw Club Rd # N-10,Carrboro NC 27510
Eric I. Zimmerman,601 Jones Ferry Rd # A2,Carrboro NC 27510
Ericka A. Lewis,310 Laurel Ave,Carrboro NC 27510
Eric S. Tucker,222 Old Fayetteville Rd # I-304,Carrboro NC 27510
Erin Edwards,605 Jones Ferry Rd # Uu2,Carrboro NC 27510
Erin E. Milner,201 Westbrook Dr # E5,Carrboro NC 27510
Erin M. Roach,222 Old Fayetteville Rd # F-302,Carrboro NC 27510
Erinn C. Rowe,180 Bpw Club Rd # A11,Carrboro NC 27510
Ernest L. Riggsbee,304 Hillsborough Rd,Carrboro NC 27510
Ernest R. Finch,624 Jones Ferry Rd,Carrboro NC 27510
Ethan H. Guthauser,112 NC Hwy 54 Byp # M-8,Carrboro Nc 27510
Evan H. Pierce,303 Smith Level Rd # C21,Chapel Hill NC 27516
Finith E. Jernigan III,317 Sweet Bay Pl,Carrboro NC 27510
Florence M. Hirth,600 W Poplar Ave # 210,Carrboro NC 27510
Fred Hinton,306 Estes Drive Ext # F-10,Carrboro NC 27510
Gaetene & Arthur Caudill,601 Jones Ferry Rd # D7,Carrboro NC 27510
Gail S. Smith,101 Thomas Ln # D2,Carrboro NC 27510
Gail W. Tickle,404 Gary Rd,Carrboro NC 27510
Garry O. Ogrady,400 Manor Ridge Dr,Carrboro NC 27510
Gary E. Martin,100 Rock Haven Rd # M102,Carrboro NC 27510
Gary E. Stone,201 NC Hwy 54 Byp # 715,Carrboro Nc 27510
Gary L. Harrison,106 W Carr St # 6,Carrboro NC 27510
& Gary S. Webb, Jacquelyn, Kathie, Gary C.,301 Rainbow Dr,Carrboro NC 27510
Gena R. Jensen,802 Old Fayetteville Rd,Chapel Hill NC 27516
George A. Witham,206 Pleasant Dr,Carrboro NC 27510
George Rosenblum,303 Smith Level Rd # E14,Chapel Hill NC 27516
Georgina E. Traher,103 Culbreth Rd # 205,Chapel Hill NC 27516
Gerald M. Miller,1000 Smith Level Rd # U3,Carrboro NC 27510
Gina Marie Panasik,105 Goldston Ave,Carrboro NC 27510
Glenn A. Elliott,100 Rock Haven Rd # J103,Carrboro NC 27510
Gloria M. Lloyd,601 Jones Ferry Rd # M6,Carrboro NC 27510
Grace & Andrew Kennedy,203 Simpson St,Carrboro NC 27510
Gregg C. Punger Sr.,302 Davie Rd,Carrboro NC 27510
Gregory A. Cash,605 Jones Ferry Rd # Vv02,Carrboro NC 27510
Gregory F. Welch,317 Westbrook Dr,Carrboro NC 27510
Hal B. Wansley,102 Rose Walk Ln,Carrboro NC 27510
Heather & Daniel Sines,222 Old Fayetteville Rd # M107,Carrboro NC 27510
Heather L. Thomas,180 Bpw Club Rd # A4,Carrboro NC 27510
Heather M. Root,103 Coleridge Ct,Carrboro NC 27510
Helen & Charles Bloomquist,140 Bpw Club Rd # E-14,Carrboro NC 27510
Helene B. Weck,605 Jones Ferry Rd # Vv-10,Carrboro NC 27510
Helga & Paul Dresher,400 Davie Rd # 66,Carrboro NC 27510
Henry G. Singer,600 W Poplar Ave # 223,Carrboro NC 27510
Hillary V. Harper,222 Old Fayetteville Rd # D306,Carrboro NC 27510
Holly M. Neel,106 High St # A,Carrboro NC 27510
Holly N. Morton,303 Smith Level Rd # A-24,Chapel Hill NC 27516
Howard W. Mills Jr.,1000 Smith Level Rd # L7,Carrboro NC 27510
Ian D. Ingalls,101 Goldston Ave,Carrboro NC 27510
Jacob E. Dabell,111 Chaucer Ct,Carrboro NC 27510
Jacob G. Blackstone,200 NC Hwy 54 Byp # A304,Carrboro Nc 27510
Jacob G. Sweat,140 Bpw Club Rd # B21,Carrboro NC 27510
Jacob R. Storm III,404 Jones Ferry Rd # A20,Carrboro NC 27510
Jaime N. Campbell,1000 Smith Level Rd # L19,Carrboro NC 27510
James F. Haskins,123 Weatherhill Pt,Carrboro NC 27510
James G. Watts,105 Mary St,Carrboro NC 27510
& James M. Dawson, Ketra, James G.,701 Manor Ridge Dr,Carrboro NC 27510
James R. Jones,601 Jones Ferry Rd # N-2,Carrboro NC 27510
James R. Lehmann,300 S Greensboro St,Carrboro NC 27510
Jane L. Tuohey,100 Pine Hill Dr # B,Carrboro NC 27510
Jane M. Bailey,1000 Smith Level Rd # J19,Carrboro NC 27510
Janice & Kenneth Campbell,104 Milton Dr # A,Carrboro NC 27510
Janine B. Gwinn,105 Jones Ferry Rd # N,Carrboro NC 27510
Jarrad B. Stewart,112 NC Hwy 54 Byp # F3,Carrboro Nc 27510
Jason A. Tapley,180 Bpw Club Rd # H-1,Carrboro NC 27510
Jason T. Coarse,100 Rock Haven Rd # P204,Carrboro NC 27510
Jayme & Channing Chen,605 Jones Ferry Rd # Ll03,Carrboro NC 27510
Jay P. Hargrove,111 Riverbirch Pt,Carrboro NC 27510
Jeanette W. Moody,105 Phipps St,Carrboro NC 27510
Jeanne G. Lorio,104 Weathervane Dr,Carrboro NC 27510
Jeffrey L. Crisco,108 Cedarwood Ln,Carrboro NC 27510
Jeffrey S. Widmayer,1000 Smith Level Rd # E-10,Carrboro NC 27510
Jennifer C. Church,400 Davie Rd # 35,Carrboro NC 27510
Jennifer C. Lynch,601 Jones Ferry Rd # N3,Carrboro NC 27510
Jennifer & Douglas Hartz,121 Weatherhill Pt,Carrboro NC 27510
Jennifer D. Ward,400 Davie Rd # 35,Carrboro NC 27510
Jennifer L. Burkhardt,112 NC Hwy 54 Byp # C8,Carrboro Nc 27510
Jennifer N. Gibson,222 Old Fayetteville Rd # F206,Carrboro NC 27510
Jennifer S. Edney,222 Old Fayetteville Rd # D-301,Carrboro NC 27510
Jeremy D. Ryan,180 Bpw Club Rd # L12,Carrboro NC 27510
Jeremy S. Long,200 NC Hwy 54 Byp # E-202,Carrboro Nc 27510
Jerry K. Connelly,105 Chaucer Ct,Carrboro NC 27510
Jerry R. Coggin,200 NC Hwy 54 Byp # G-107,Carrboro Nc 27510
Jesse M. Carnell,504 Hillsborough Rd # 2,Carrboro NC 27510
Jesse M. Parks,222 Old Fayetteville Rd # K103,Carrboro NC 27510
Jessica M. Holcombe,303 Smith Level Rd # F33,Chapel Hill NC 27516
Jessica P. Handy,401 NC Hwy 54 Byp # C12,Carrboro Nc 27510
Jessica R. McRoy,222 Old Fayetteville Rd,Carrboro NC 27510
Jill & Samuel O'Kane,202 Manor Ridge Dr,Carrboro NC 27510
Joanna M. Furno,200 Barnes St # E5,Carrboro NC 27510
Joanne M. Zimmer,103 Tanglewood Ln,Carrboro NC 27510
Joanne & Oliver Perry,121 Westview Dr # 17,Carrboro NC 27510
Joanne R. Kilb,406 Manor Ridge Dr,Carrboro NC 27510
Joann M. Reed,605 Jones Ferry Rd,Carrboro NC 27510
Jo Ann N. Williams,605 Jones Ferry Rd,Carrboro NC 27510
Johnathan R. Waugh,605 Jones Ferry Rd # Uu2,Carrboro NC 27510
John D. Flude,1004 N Greensboro St,Carrboro NC 27510
John E. Meeker II,103 Ruth St,Carrboro NC 27510
Johnnie M. Ellis Jr.,502 W Poplar Ave # D2,Carrboro NC 27510
John Otto Dougherty,105 Fidelity St # A49,Carrboro NC 27510
John R. Estill,301 James St,Carrboro NC 27510
John S. Rabon,605 Jones Ferry Rd # Rr1,Carrboro NC 27510
John W. Eschelbach,309 Westbrook Dr,Carrboro NC 27510
John W. Hastay,600 W Poplar Ave # 351,Carrboro NC 27510
John W. Turner,100 Oleander Rd,Carrboro NC 27510
Jonathan G. Smoak,222 Old Fayetteville Rd # J103,Carrboro NC 27510
Jonathan K. Weisner,222 Old Fayetteville Rd # E104,Carrboro NC 27510
Jose A. Lopez,401 NC Hwy 54 Byp # B-43,Carrboro Nc 27510
Joseph A. Langston III,605 Jones Ferry Rd # Nn-7,Carrboro NC 27510
Joseph A. Recomendes,222 Old Fayetteville Rd # F107,Carrboro NC 27510
Joseph H. Robertson III,129 Estes Drive Ext,Carrboro NC 27510
Joseph M. Breier,140 Bpw Club Rd # C19,Carrboro NC 27510
Joseph R. Lust,1000 Smith Level Rd,Carrboro NC 27510
Joseph T. Principe,108 Elm St,Carrboro NC 27510
Josh D. Currie,112 Bim St # A,Carrboro NC 27510
Joshua D. Markwordt,112 NC Hwy 54 Byp # H6,Carrboro Nc 27510
Joshua D. Webb,100 Rock Haven Rd # C103,Carrboro NC 27510
Joshua J. Earhart,200 NC Hwy 54 Byp # M-204,Carrboro Nc 27510
Joshua K. Carr,200 Jones Ferry Rd,Carrboro NC 27510
Joshua T. Brink,200 Barnes St # G10,Carrboro NC 27510
Judith B. Belch,200 Simpson St,Carrboro NC 27510
Judith & Norman Adcock,307 Carol St,Carrboro NC 27510
Judith S. Laferriere,220 Old Fayetteville Rd # C106,Chapel Hill NC 27516
Judy C. Schick,605 Jones Ferry Rd # Jj9,Carrboro NC 27510
Judy S. Huntsman,205 Shelton St,Carrboro NC 27510
Julia M. Schmitz,222 Old Fayetteville Rd # E101,Carrboro NC 27510
Juliana P. Hammer,222 Old Fayetteville Rd # I301,Carrboro NC 27510
Julie A. Falconer,107 Hanna St # A,Carrboro NC 27510
Julie A. Teasdale,112 NC Hwy 54 Byp # A-8,Carrboro Nc 27510
Julie B. Williams,103 Cheswick Ct,Carrboro NC 27510
Justin N. Goodnite,100 Rock Haven Rd # J-202,Carrboro NC 27510
Justin S. Fyle,400 Pleasant Dr,Carrboro NC 27510
Justin Stark Lefkowitz,180 Bpw Club Rd # M13,Carrboro NC 27510
Justin T. Malinowski,1000 Smith Level Rd # N-14,Carrboro NC 27510
Justin T. Wong,601 Jones Ferry Rd # A12,Carrboro NC 27510
Kaitlyn M. Casciere,101 Raven Ln,Carrboro NC 27510
Kara Mannix,200 NC Hwy 54 Byp # N-207,Carrboro Nc 27510
Karen J. Altman,104 NC Hwy 54 Byp # R-196,Carrboro Nc 27510
Karen M. Kassel,222 Old Fayetteville Rd # A204,Carrboro NC 27510
Karlton E. Singleton,112 NC Hwy 54 Byp # A6,Carrboro Nc 27510
Karra M. Pate,400 Davie Rd # 52,Carrboro NC 27510
Katharine K. Mitchell,303 Smith Level Rd # B21,Chapel Hill NC 27516
Katherine C. Townsend,400 Davie Rd # 60,Carrboro NC 27510
Katherine H. Kern,201 Westbrook Dr # D3,Carrboro NC 27510
Kathryn E. Gardner,222 Old Fayetteville Rd # F-203,Carrboro NC 27510
Katie Jo Homan,180 Bpw Club Rd # R9,Carrboro NC 27510
Katie L. Zickefoose,117 Pine St # A,Carrboro NC 27510
Kayce L. Justus,200 NC Hwy 54 Byp # P204,Carrboro Nc 27510
Keiko & Melissa Stout,112 NC Hwy 54 Byp # C8,Carrboro Nc 27510
Keira A. Levit,113 Winsome Ln,Chapel Hill NC 27516
Keith M. Warner,200 NC Hwy 54 Byp # G106,Carrboro Nc 27510
Kelli A. Bacon,1000 Smith Level Rd # M10,Carrboro NC 27510
Kelly M. Ennis,222 Old Fayetteville Rd # C305,Carrboro NC 27510
Kelly R. Butler,201 Gary Rd,Carrboro NC 27510
Kelly R. Thore,222 Old Fayetteville Rd # L103,Carrboro NC 27510
Kelly W. Bridgers,401 NC Hwy 54 Byp # J10,Carrboro Nc 27510
Kendra L. Christensen,506 N Greensboro St # 34a,Carrboro NC 27510
Kenneth C. Mills,403 James St,Carrboro NC 27510
Kenneth Vogt,107 Lilac Dr,Carrboro NC 27510
Kentaya M. Price,404 Jones Ferry Rd # D3,Carrboro NC 27510
Kevin L. Braun,1201 N Greensboro St # B,Carrboro NC 27510
Kimberly L. Vaughn,201 Westbrook Dr # C17,Carrboro NC 27510
Kim L. Dunn,106 Dillard St,Carrboro NC 27510
Kinsley R. Parsons,600 N Greensboro St # C,Carrboro NC 27510
Kourtney R. Bevill,180 Bpw Club Rd # E7,Carrboro NC 27510
Kristen A. Helveston,112 NC Hwy 54 Byp # B5,Carrboro Nc 27510
Kristi L. Engelman,907 N Greensboro St # A,Carrboro NC 27510
Kristin R. Riggs,222 Old Fayetteville Rd # I204,Carrboro NC 27510
Kristyn N. Swan,100 Rock Haven Rd # G206,Carrboro NC 27510
Kyle D. Grode,403 S Greensboro St,Carrboro NC 27510
Kylee M. Miller,400 Davie Rd # 49,Carrboro NC 27510
Lantz C. Mackey,1000 Smith Level Rd # J20,Carrboro NC 27510
Larry D. Farrell Jr.,506 N Greensboro St # 4,Carrboro NC 27510
Larry W. Veasey,135 Lantern Way,Carrboro NC 27510
Laura E. Newberry,222 Old Fayetteville Rd # H-201,Carrboro NC 27510
Laura R. Hayden,203 Hillsborough Rd,Carrboro NC 27510
Lauren & Bert O'Neil,208 Manor Ridge Dr,Carrboro NC 27510
Lauren C. Schnepper,303 Smith Level Rd # 34d,Chapel Hill NC 27516
Lauren Elizabeth Kennedy,114 Marlowe Ct,Carrboro NC 27510
Lauren M. Richards,101 Chaucer Ct,Carrboro NC 27510
Laurie C. Comfort,303 Smith Level Rd # A13,Chapel Hill NC 27516
Lawrence J. Kobesky,508 Manor Ridge Dr,Carrboro NC 27510
Lawrence M. Murray,108 Walden Dr,Carrboro NC 27510
Leann J. McKenzie,100 Rock Haven Rd # Q104,Carrboro NC 27510
Leeann A. Churchill,602 Manor Ridge Dr,Carrboro NC 27510
Lee N. Jones,401 NC Hwy 54 Byp # D26,Carrboro Nc 27510
Lennore A. Waddell,201 NC Hwy 54 Byp # 304,Carrboro Nc 27510
Leslie J. Dyess,313 Rossburn Way,Chapel Hill NC 27516
Leslie P. Wong,108 Red Sunset Pl,Carrboro NC 27510
Lexie M. Rodriguez,104 Brewer Ln # C-8,Carrboro NC 27510
Linda A. Terrell,624 Jones Ferry Rd,Carrboro NC 27510
Linda A. Welch,317 Westbrook Dr,Carrboro NC 27510
Linda L. Noblit,609 W Main St,Carrboro NC 27510
Lindsay A. Rogers,100 Shelton St,Carrboro NC 27510
Lindsay & Keith Raitano,301 Orchard Ln,Carrboro NC 27510
Lisa M. Spencer,303 Smith Level Rd # A13,Chapel Hill NC 27516
Lois E. Reid,1000 Smith Level Rd # F10,Carrboro NC 27510
Lolita R. Villani,119 Fidelity St # A3,Carrboro NC 27510
Loretta C. Prevo,400 Westbrook Dr,Carrboro NC 27510
Loretta J. Bohn,501 Jones Ferry Rd # P-3,Carrboro NC 27510
Lorraine L. Bailey,200 NC Hwy 54 Byp # H104,Carrboro Nc 27510
Louise B. Spinks,501 Jones Ferry Rd # G5,Carrboro NC 27510
Louise V. Bolton,180 Bpw Club Rd # U6,Carrboro NC 27510
Lucille N. Hastay,600 W Poplar Ave # 351,Carrboro NC 27510
Lynn S. Hillman,1000 Smith Level Rd # G9,Carrboro NC 27510
Mabule B. Ramadanovic,119 Weatherhill Pt,Carrboro NC 27510
Macary W. Marciniak,605 Jones Ferry Rd # Vv-10,Carrboro NC 27510
Madeline A. Blobe,200 Manor Ridge Dr,Carrboro NC 27510
Manda L. Hudson,400 Rossburn Way,Chapel Hill NC 27516
Marcia & Alvin Kirshner,301 Hillsborough Rd # A,Carrboro NC 27510
Marc V. Baer,201 NC Hwy 54 Byp # 730,Carrboro Nc 27510
Margaret A. Spivey,103 Culbreth Rd # 302,Chapel Hill NC 27516
Maria & John Duff,314 Carol St,Carrboro NC 27510
Maria J. Sanchez,180 Bpw Club Rd # L8,Carrboro NC 27510
Mark A. Weinberg,104 Juniper Ct,Carrboro NC 27510
Mark E. Swartzburg,601 Jones Ferry Rd # E-5,Carrboro NC 27510
Mark J . Hollar Jr.,306 Estes Drive Ext # B13,Carrboro NC 27510
Martha E. Alexander,140 Bpw Club Rd # F-24,Carrboro NC 27510
Martha F. Wright,111 Hill St,Carrboro NC 27510
Martin A. Mejia,400 Davie Rd # 52,Carrboro NC 27510
Martin Patino,805 W Main St # A,Carrboro NC 27510
Mary D. Bobbitt,600 W Poplar Ave # 232,Carrboro NC 27510
Mary E. Sturgeon,313 Westbrook Dr,Carrboro NC 27510
Mary Jane M. Hill,208 Purple Leaf Pl,Carrboro NC 27510
Mary & Jonathan Hill,208 Purple Leaf Pl,Carrboro NC 27510
Mary & Joseph Gustainis,300 Rossburn Way,Chapel Hill NC 27516
Mary L. Cheek,204 Jones Ferry Rd,Carrboro NC 27510
Mary & Matthew Grey,601 Jones Ferry Rd # M7,Carrboro NC 27510
Mary & Matthew Kelm,103 Lorilane Dr,Carrboro NC 27510
Mary M. Nordlie,200 Barnes St # H7,Carrboro NC 27510
Mary O. Dutton,109 Cathy Rd,Carrboro NC 27510
Matthew A. Lamb,222 Old Fayetteville Rd # D107,Carrboro NC 27510
Matthew H. Hines,200 NC Hwy 54 Byp # B101,Carrboro Nc 27510
Matthew J. Fritz,105 Winsome Ln,Chapel Hill NC 27516
Mcneill B. Bethune,108 Pine St,Carrboro NC 27510
Megale D. McDaniels,607 Manor Ridge Dr,Carrboro NC 27510
Megan G. Smith,605 Jones Ferry Rd # Ss12,Carrboro NC 27510
Megan & Jeffrey McArthur,214 Simpson St # A,Carrboro NC 27510
Megan M. Sunkel,248 Sweet Bay Pl,Carrboro NC 27510
Melanie R. Nicol,605 Jones Ferry Rd # Gg9,Carrboro NC 27510
Melody A. Watral,101 Thomas Ln # E1,Carrboro NC 27510
Melody & Peter Van Lidth De Jeude,105 Bpw Club Rd # B,Carrboro NC 27510
Michael A. Vincent,101 NC Hwy 54 Byp # N2,Carrboro Nc 27510
Michael F. Bode,101 NC Hwy 54 Byp # L3,Carrboro Nc 27510
Michael G. Miller,303 Smith Level Rd # B34,Chapel Hill NC 27516
Michael J. Cato,403 Rossburn Way,Chapel Hill NC 27516
Michael J. Hall,112 NC Hwy 54 Byp # S4,Carrboro Nc 27510
Michael J. Queen,201 Westbrook Dr # D4,Carrboro NC 27510
Michael Nyo,501 Jones Ferry Rd # F8,Carrboro NC 27510
Michael P. Neuman,222 Old Fayetteville Rd # E308,Carrboro NC 27510
Michael R. Williams,403 Hillsborough Rd,Carrboro NC 27510
Michael S. Tippett,103 High St # A,Carrboro NC 27510
Michael T. Louie,303 Smith Level Rd # E32,Chapel Hill NC 27516
Michael T. Mallon,600 W Poplar Ave # 138,Carrboro NC 27510
Michelle C. Duke,180 Bpw Club Rd # T11,Carrboro NC 27510
Michelle C. McDevitt,605 Jones Ferry Rd # Jj4,Carrboro NC 27510
Michelle L. Manning,100 Rock Haven Rd # 204h,Carrboro NC 27510
Mildred H. Jones,818 Old Fayetteville Rd,Chapel Hill NC 27516
Mohammed Aitmbarek,501 NC Hwy 54 Byp # K5,Carrboro Nc 27510
Nancy D. Jarrell,105 Fidelity St # A-6,Carrboro NC 27510
Nancy G. Gerstenberger,200 Barnes St # H11,Carrboro NC 27510
Nancy J. Humphries,400 Davie Rd # 30,Carrboro NC 27510
Nancy & John Schofield Jr.,600 W Poplar Ave # 141,Carrboro NC 27510
Natalie D. Matthews,222 Old Fayetteville Rd # F305,Carrboro NC 27510
Nathan C. Davis,209 Jones Ferry Rd # A,Carrboro NC 27510
Nathaniel L. Mills,706 Davie Rd,Carrboro NC 27510
Nathan T. Rogers,601 Jones Ferry Rd # K10,Carrboro NC 27510
Neal G. Mochel,104 Lilac Dr,Carrboro NC 27510
Neil A. Younce,707 Davie Rd,Carrboro NC 27510
Neil J. Curtis,401 NC Hwy 54 Byp # H7,Carrboro Nc 27510
Nicholas T. Stabile,316 Davie Rd,Carrboro NC 27510
Nichole L. Ryan,180 Bpw Club Rd # L12,Carrboro NC 27510
Nicole W. Sammons,231 Rose Walk Ln,Carrboro NC 27510
Nina Diprimio,140 Bpw Club Rd # B5,Carrboro NC 27510
Nora M. Richmond,200 NC Hwy 54 Byp # J203,Carrboro Nc 27510
Norine M. Lucas,600 W Poplar Ave # 225,Carrboro NC 27510
Norma & Dario Sena,601 Jones Ferry Rd # H3,Carrboro NC 27510
Oline S. Phillips,104 Pine St,Carrboro NC 27510
Paticia C. Antonevitch,200 Barnes St # B1,Carrboro NC 27510
Patricia A. Woodring,401 NC Hwy 54 Byp # 26b,Carrboro Nc 27510
Patricia M. Yowell,111 Walden Dr,Carrboro NC 27510
Patrick B. Jones,308 Laurel Ave,Carrboro NC 27510
Patrick C. Wohlfarth,506 N Greensboro St # 20,Carrboro NC 27510
Patrick G. Herring,303 Smith Level Rd # C-24,Chapel Hill NC 27516
Paul A. Kuebler,316 Cedarwood Ln # A,Carrboro NC 27510
Pauline R Jacobs,103 Culbreth Rd # 207,Chapel Hill NC 27516
Paul L. Alabanza,201 Westbrook Dr,Carrboro NC 27510
Peggy S. Noblit,609 W Main St,Carrboro NC 27510
& Peter Jr. Dever, Monique, Peter,101 Gateridge Pl,Carrboro NC 27510
Philip L Atkins,103 Misty Pines Pl,Carrboro NC 27510
Phillip E. Davis,119 Cheek St,Carrboro NC 27510
Phillip R. Suitt,399 Oak Ave,Carrboro NC 27510
Rachel L. Redler,430 S Greensboro St # 4,Carrboro NC 27510
Rachel M. Bottorff,302 Davie Rd,Carrboro NC 27510
Rebecca A. Hunter,140 Bpw Club Rd # D23,Carrboro NC 27510
Rebecca M. Worthington,112 NC Hwy 54 Byp # P-2,Carrboro Nc 27510
Richard B. Bordone,112 NC Hwy 54 Byp # Q7,Carrboro Nc 27510
Richard G. Hatfield,102 Oak Spring Ct,Carrboro NC 27510
Richard M. Drogos,124 Fidelity St # 25,Carrboro NC 27510
Richard M. Taub,105 Jones Ferry Rd # O,Carrboro NC 27510
& Richard Polley, Caroline, Elizabeth, Erica,202 Morgan Hill Ct,Carrboro NC 27510
Richard S. Atkinson III,401 W Poplar Ave,Carrboro NC 27510
Rita & Philip Hales,206 Lisa Dr,Carrboro NC 27510
Robert A. Goins,215 Maple Ave,Carrboro NC 27510
Robert C. Fellner,106 Pine Hill Dr,Carrboro NC 27510
Robert C. Walters,118 Cheek St # A,Carrboro NC 27510
Robert E. Barham,107 Todd St # C,Carrboro NC 27510
Robert E. Henry III,109 Cheswick Ct,Carrboro NC 27510
Robert J. Lucas Jr.,108 Cheswick Ct,Carrboro NC 27510
Robert J. Vaccarelli,608 Manor Ridge Dr,Carrboro NC 27510
Robert M. Earhart,810 Old Fayetteville Rd # 1,Chapel Hill NC 27516
Robert N. Joyner Jr.,100 Purple Leaf Pl,Carrboro NC 27510
Robert Silvers,404 Manor Ridge Dr,Carrboro NC 27510
Robin Sayre Churchill,602 Manor Ridge Dr,Carrboro NC 27510
Rochelle F. Kraehe,201 NC Hwy 54 Byp # 202,Carrboro Nc 27510
Rodney M. Kuntz,96 South Peak Dr,Carrboro NC 27510
Ronald J. Cooke,106 Quail Roost Dr,Carrboro NC 27510
Ronald McKoy,203 Oleander Rd,Carrboro NC 27510
Ronald N. Carpenter II,101 Simpson St,Carrboro NC 27510
Ronnie D. Hanks,710 W Main St,Carrboro NC 27510
Rose L. Price,103 Culbreth Rd,Chapel Hill NC 27516
Ross M. Twele,606 N Greensboro St # D1,Carrboro NC 27510
Roy D. Brown,113 Lindsay St,Carrboro NC 27510
Russell A. Moore,303 Smith Level Rd # B22,Chapel Hill NC 27516
Ryan B. Kemper,100 James St,Carrboro NC 27510
Ryan C. May,112 NC Hwy 54 Byp # G5,Carrboro Nc 27510
Ryan C. Miller,605 Jones Ferry Rd # Gg-15,Carrboro NC 27510
Ryan T. Winston,222 Old Fayetteville Rd # M108,Carrboro NC 27510
Samantha L. Hayes,213 Rose Walk Ln,Carrboro NC 27510
Sam B. Pellerito,101 Thomas Ln # D4,Carrboro NC 27510
Sameet Y. Goyal,222 Old Fayetteville Rd # M204,Carrboro NC 27510
Samuel A. Marshall,305 E Poplar Ave,Carrboro NC 27510
Samuel E. Benton III,101 Chaucer Ct,Carrboro NC 27510
Samuel Howard McClure,103 Simpson St,Carrboro NC 27510
Samuel J. Ferrell,1000 Smith Level Rd # G13,Carrboro NC 27510
Samuel R. Thornton,180 Bpw Club Rd # L14,Carrboro NC 27510
Samuel W. Rorabaugh,1000 Smith Level Rd # P4,Carrboro NC 27510
Sandra C. Kim,227 Rose Walk Ln,Carrboro NC 27510
Sandra L. Augustine,605 Jones Ferry Rd # Jj10,Carrboro NC 27510
Sarah A. Matusz,111 Coleridge Ct,Carrboro NC 27510
Sarah E. Austin,1000 Smith Level Rd # D14,Carrboro NC 27510
Sarah H. Landis,108 Old Pittsboro Rd # B,Carrboro NC 27510
Sarah K. Ayers,112 NC Hwy 54 Byp # I7,Carrboro Nc 27510
Sarah & Matthew Leroy,100 Rock Haven Rd # K103,Carrboro NC 27510
Sarah M. Goodnight,100 Misty Pines Pl,Carrboro NC 27510
Sarah S. Thompson,501 NC Hwy 54 Byp # C2,Carrboro Nc 27510
Satnam Singh,501 Jones Ferry Rd # Bb2,Carrboro NC 27510
Scott C. Smith,117 W Poplar Ave,Carrboro NC 27510
Scott D. Lambeth,203 Oleander Rd,Carrboro NC 27510
Scott E. Wheelock,134 Friar Ln,Carrboro NC 27510
Scott J. Greenberg,104 Cedarwood Ln,Carrboro NC 27510
Scott S. Wilcoxen,601 Jones Ferry Rd # A17,Carrboro NC 27510
Sean F. Omara,106 Todd St # B,Carrboro NC 27510
Servando Vasquez,501 Jones Ferry Rd # K10,Carrboro NC 27510
Shannon K. Cahill,201 Westbrook Dr # C-14,Carrboro NC 27510
Shannon L. Blosser,201 Westbrook Dr # 3,Carrboro NC 27510
Shannon R. Odom,1000 Smith Level Rd # O-9,Carrboro NC 27510
Shawna & Ervin Eubanks,401 NC Hwy 54 Byp # B46,Carrboro Nc 27510
Shawn M. Crowder,1000 Smith Level Rd # V7,Carrboro NC 27510
Shelby J. Nichols,118 Cheek St # A,Carrboro NC 27510
Shirley B. Ray,104 Walden Dr,Carrboro NC 27510
Shirley & Joel Duvall,202 Oleander Rd,Carrboro NC 27510
Sonya S. Chaplinsky,303 Smith Level Rd # A-11,Chapel Hill NC 27516
Stephanie J. Garver,510 Oak Ave # A,Carrboro NC 27510
Stephanie K. Lawrence,417 S Greensboro St # A,Carrboro NC 27510
Stephanie N. Horton,222 Old Fayetteville Rd # C105,Carrboro NC 27510
Stephen H. Millender II,101 Hanna St,Carrboro NC 27510
Stephen M. Manning,200 NC Hwy 54 Byp # F304,Carrboro Nc 27510
Steven A. Gale,116 Chaucer Ct,Carrboro NC 27510
Steven C. Behr,303 Smith Level Rd # B-31,Chapel Hill NC 27516
Steven D. Majeski,404 Jones Ferry Rd # E2,Carrboro NC 27510
Steven M. Deconto,102 Gary Rd,Carrboro NC 27510
Steven T. Buter,303 Smith Level Rd # D12,Chapel Hill NC 27516
Susan B. Kent,600 W Poplar Ave # 318,Carrboro NC 27510
Susan E. Many,300 Oleander Rd,Carrboro NC 27510
Susan H. Ellington,205 Simpson St,Carrboro NC 27510
Susan W. Stramm,300 Cedarwood Ln # B,Carrboro NC 27510
Suzanne J. Ploeger,520 Hillsborough Rd,Carrboro NC 27510
Sylvia N. Lopez,401 NC Hwy 54 Byp # B-43,Carrboro Nc 27510
Sylvia P. Kiester,105 Tanglewood Ln,Carrboro NC 27510
Tabitha R. Storm,605 Jones Ferry Rd # Nn01,Carrboro NC 27510
Tanya C. Moore,103 W Main St # 3a,Carrboro NC 27510
Tara M. Camp,222 Old Fayetteville Rd # D107,Carrboro NC 27510
Taylar P. Middleton,101 Rock Haven Rd # E504,Carrboro NC 27510
Taylor D. Windett,101 Cheswick Ct,Carrboro NC 27510
Taylor M. Clark,115 Chaucer Ct,Carrboro NC 27510
Teresa J. Leonarz,204 Carol St,Carrboro NC 27510
Thein Oo,501 Jones Ferry Rd # F5,Carrboro NC 27510
Thelma J. Maynard,201 NC Hwy 54 Byp # 402,Carrboro Nc 27510
Theresa M. Meunier,600 W Poplar Ave # 349,Carrboro NC 27510
Theresa M. Randolph,424 S Greensboro St,Carrboro NC 27510
Therese C. Haluska,222 Old Fayetteville Rd # K301,Carrboro NC 27510
Thomas B. Cornwell,304 Rainbow Dr,Carrboro NC 27510
Thomas B. Trobaugh,401 NC Hwy 54 Byp # C12,Carrboro Nc 27510
Thomas D. Barefoot,200 Barnes St # A-12,Carrboro NC 27510
Thomas F. Coyle,605 Jones Ferry Rd,Carrboro NC 27510
Thomas W. Monahan IV,101 Friar Ln,Carrboro NC 27510
Tiffany Mercedes Holung,1000 Smith Level Rd # H4,Carrboro NC 27510
Tiffany N. Fields,605 Jones Ferry Rd # Vv3,Carrboro NC 27510
Tiffany N. Quast,200 NC Hwy 54 Byp # G-202,Carrboro Nc 27510
Timothy A. Wright Jr.,111 Goldston Ave,Carrboro NC 27510
Tiphanie & Stephen Cheek,106 Lilac Dr,Carrboro NC 27510
Tobias J. Perrino,100 Hanna St # A,Carrboro NC 27510
Tona M. Cox,119 Fidelity St # D2,Carrboro NC 27510
Toni G. Lehman,112 Woods Walk Ct,Carrboro NC 27510
Travis B. Keenan,103 Weatherhill Pt,Carrboro NC 27510
Trung Duc Ma,306 Berryhill Dr,Carrboro NC 27510
Tucker C. McKinney,212 Prince St,Carrboro NC 27510
Vickie & David Seng, Andrea,200 Lynn Dr,Carrboro NC 27510
Victor J. Weigman Jr.,1000 Smith Level Rd # E6,Carrboro NC 27510
Virginia S. Fogleman,107 Melba Cir,Carrboro NC 27510
Vivian L. Wommack,205 W Poplar Ave # B,Carrboro NC 27510
Walker H. Busby Jr.,103 Rainbow Dr,Carrboro NC 27510
Wendy J. Huss,126 Friar Ln,Carrboro NC 27510
Wendy J. Willis,105 Rainbow Dr,Carrboro NC 27510
William A. Carter,200 Barnes St # E12,Carrboro NC 27510
William B. Zeller,133 Weatherhill Pt,Carrboro NC 27510
William F. Grice,107 Dillard St,Carrboro NC 27510
William J. Weck,605 Jones Ferry Rd # Vv-10,Carrboro NC 27510
William S. Britt,112 NC Hwy 54 Byp # R8,Carrboro Nc 27510
William Staines,108 Pine St,Carrboro NC 27510
William T. Barker,601 Jones Ferry Rd # D6,Carrboro NC 27510
William W. Tilghman,110 Carol St,Carrboro NC 27510
William Z. Haines,201 Westbrook Dr # C22,Carrboro NC 27510
Zita A. Vavruska,600 W Poplar Ave # 253,Carrboro NC 27510
