ln,name,mailaddr,mailcity,mailstate,mailzip,resno,resdir,resstreet,ressuffic,restype,resunitd,resunitno,rescity,resstate,reszip,age,gender,muni,house,precinct,school,party,race,status
ABARBANELL,"ABARBANELL, JOYCE","8100 N HOUND CT","CHAPEL HILL",NC,27516,8100,N,HOUND,"",CT,"","","CHAPEL HILL",NC,27516,27,FEMALE,CARRBORO,"50TH HOUSE","HOGAN FARMS","CHAPEL HILL",DEMOCRATIC,"BLACK or AFRICAN AMERICAN",INACTIVE
ABRAMS,"ABRAMS, ELLEN GRATCH","1014 BUGLE CT","CHAPEL HILL",NC,27516,1014,"",BUGLE,"",CT,"","","CHAPEL HILL",NC,27516,19,FEMALE,CARRBORO,"50TH HOUSE","HOGAN FARMS","CHAPEL HILL",DEMOCRATIC,WHITE,ACTIVE
AGNEW,"AGNEW, NANCY LYNN","1203 TALLYHO TRL","CHAPEL HILL",NC,27516,1203,"",TALLYHO,"",TRL,"","","CHAPEL HILL",NC,27516,50,FEMALE,CARRBORO,"50TH HOUSE","HOGAN FARMS","CHAPEL HILL",DEMOCRATIC,WHITE,ACTIVE
ALLEN,"ALLEN, CHRISTOPHER ALEXANDER","8217 HUNTSMAN CT","CHAPEL HILL",NC,27516,8217,"",HUNTSMAN,"",CT,"","","CHAPEL HILL",NC,27516,20,MALE,CARRBORO,"50TH HOUSE","HOGAN FARMS","CHAPEL HILL",DEMOCRATIC,WHITE,ACTIVE
ALLEN,"ALLEN, GREGORY WILLIAM","8217 HUNTSMAN CT","CHAPEL HILL",NC,27516,8217,"",HUNTSMAN,"",CT,"","","CHAPEL HILL",NC,27516,50,MALE,CARRBORO,"50TH HOUSE","HOGAN FARMS","CHAPEL HILL",DEMOCRATIC,WHITE,ACTIVE
ALLEN,"ALLEN, SUZANNE NICOLE","8217 HUNTSMAN CT","CHAPEL HILL",NC,27516,8217,"",HUNTSMAN,"",CT,"","","CHAPEL HILL",NC,27516,47,FEMALE,CARRBORO,"50TH HOUSE","HOGAN FARMS","CHAPEL HILL",DEMOCRATIC,WHITE,ACTIVE
ALTMAN,"ALTMAN, ALEXANDER BENJAMIN","1009 BRENDAN CT","CHAPEL HILL",NC,27516,1009,"",BRENDAN,"",CT,"","","CHAPEL HILL",NC,27516,20,MALE,CARRBORO,"50TH HOUSE","HOGAN FARMS","CHAPEL HILL",REPUBLICAN,WHITE,ACTIVE
ALTMAN,"ALTMAN, KARI GRANDA","1009 BRENDAN CT","CHAPEL HILL",NC,27516,1009,"",BRENDAN,"",CT,"","","CHAPEL HILL",NC,27516,50,FEMALE,CARRBORO,"50TH HOUSE","HOGAN FARMS","CHAPEL HILL",UNAFFILIATED,WHITE,ACTIVE
ALTMAN,"ALTMAN, PAUL L","1009 BRENDAN CT","CHAPEL HILL",NC,27516,1009,"",BRENDAN,"",CT,"","","CHAPEL HILL",NC,27516,55,MALE,CARRBORO,"50TH HOUSE","HOGAN FARMS","CHAPEL HILL",REPUBLICAN,WHITE,ACTIVE
ASBURY,"ASBURY, DOUGLAS ALAN","8216 S HOUND CT","CHAPEL HILL",NC,27516,8216,S,HOUND,"",CT,"","","CHAPEL HILL",NC,27516,47,MALE,CARRBORO,"50TH HOUSE","HOGAN FARMS","CHAPEL HILL",REPUBLICAN,WHITE,ACTIVE
AUGUSTINE,"AUGUSTINE, LAURA MARIE","1414 TALLYHO TRL","CHAPEL HILL",NC,27516,1414,"",TALLYHO,"",TRL,"","","CHAPEL HILL",NC,27516,40,FEMALE,CARRBORO,"50TH HOUSE","HOGAN FARMS","CHAPEL HILL",UNAFFILIATED,WHITE,ACTIVE
BARRON,"BARRON, JOHN LEO","910 TALLYHO TRL","CHAPEL HILL",NC,27516,910,"",TALLYHO,"",TRL,"","","CHAPEL HILL",NC,27516,46,MALE,CARRBORO,"50TH HOUSE","HOGAN FARMS","CHAPEL HILL",DEMOCRATIC,WHITE,ACTIVE
BARRON,"BARRON, PATRICIA M","910 TALLYHO TRL","CHAPEL HILL",NC,27516,910,"",TALLYHO,"",TRL,"","","CHAPEL HILL",NC,27516,48,FEMALE,CARRBORO,"50TH HOUSE","HOGAN FARMS","CHAPEL HILL",DEMOCRATIC,WHITE,ACTIVE
BATESON,"BATESON, EMMANUEL L","8105 LAIR CT","CHAPEL HILL",NC,27516,8105,"",LAIR,"",CT,"","","CHAPEL HILL",NC,27516,29,MALE,CARRBORO,"50TH HOUSE","HOGAN FARMS","CHAPEL HILL",DEMOCRATIC,OTHER,ACTIVE
BATESON,"BATESON, JAMES THOMAS","8105 LAIR CT","CHAPEL HILL",NC,27516,8105,"",LAIR,"",CT,"","","CHAPEL HILL",NC,27516,52,MALE,CARRBORO,"50TH HOUSE","HOGAN FARMS","CHAPEL HILL",DEMOCRATIC,WHITE,ACTIVE
BEAUVAIS,"BEAUVAIS, ELIZABETH THERESA","1015 BUGLE CT","CHAPEL HILL",NC,27516,1015,"",BUGLE,"",CT,"","","CHAPEL HILL",NC,27516,27,FEMALE,CARRBORO,"50TH HOUSE","HOGAN FARMS","CHAPEL HILL",UNAFFILIATED,WHITE,INACTIVE
BELLUCCI,"BELLUCCI, NINA FAITH","8101 REYNARD RD","CHAPEL HILL",NC,27516,8101,"",REYNARD,"",RD,"","","CHAPEL HILL",NC,27516,32,FEMALE,CARRBORO,"50TH HOUSE","HOGAN FARMS","CHAPEL HILL",DEMOCRATIC,WHITE,ACTIVE
BEROLZHEIMER,"BEROLZHEIMER, NATHAN","910 TALLYHO TRL","CHAPEL HILL",NC,27516,910,"",TALLYHO,"",TRL,"","","CHAPEL HILL",NC,27516,57,MALE,CARRBORO,"50TH HOUSE","HOGAN FARMS","CHAPEL HILL",DEMOCRATIC,WHITE,ACTIVE
BESTERFIELD,"BESTERFIELD, CHERYL","1019 TALLYHO TRL","CHAPEL HILL",NC,27516,1019,"",TALLYHO,"",TRL,"","","CHAPEL HILL",NC,27516,53,FEMALE,CARRBORO,"50TH HOUSE","HOGAN FARMS","CHAPEL HILL",DEMOCRATIC,WHITE,INACTIVE
BLAU,"BLAU, DANIEL MICAH","1130 TALLYHO TRL","CHAPEL HILL",NC,27516,1130,"",TALLYHO,"",TRL,"","","CHAPEL HILL",NC,27516,25,MALE,CARRBORO,"50TH HOUSE","HOGAN FARMS","CHAPEL HILL",DEMOCRATIC,WHITE,ACTIVE
BLAU,"BLAU, PATRICIA SHERMAN","1130 TALLYHO TRL","CHAPEL HILL",NC,27516,1130,"",TALLYHO,"",TRL,"","","CHAPEL HILL",NC,27516,55,FEMALE,CARRBORO,"50TH HOUSE","HOGAN FARMS","CHAPEL HILL",DEMOCRATIC,WHITE,ACTIVE
BLAU,"BLAU, SARAH RACHEL","1130 TALLYHO TRL","CHAPEL HILL",NC,27516,1130,"",TALLYHO,"",TRL,"","","CHAPEL HILL",NC,27516,22,FEMALE,CARRBORO,"50TH HOUSE","HOGAN FARMS","CHAPEL HILL",DEMOCRATIC,WHITE,ACTIVE
BLAU,"BLAU, WILLIAM STEPHEN","1130 TALLYHO TRL","CHAPEL HILL",NC,27516,1130,"",TALLYHO,"",TRL,"","","CHAPEL HILL",NC,27516,56,MALE,CARRBORO,"50TH HOUSE","HOGAN FARMS","CHAPEL HILL",DEMOCRATIC,WHITE,ACTIVE
"BOOTHMAN DUYCK","BOOTHMAN DUYCK, TRACY","8216 S HOUND CT","CHAPEL HILL",NC,27516,8216,S,HOUND,"",CT,"","","CHAPEL HILL",NC,27516,39,FEMALE,CARRBORO,"50TH HOUSE","HOGAN FARMS","CHAPEL HILL",UNAFFILIATED,WHITE,INACTIVE
BORGES,"BORGES, ANA","8122 REYNARD RD","CHAPEL HILL",NC,27516,8122,"",REYNARD,"",RD,"","","CHAPEL HILL",NC,27516,41,FEMALE,CARRBORO,"50TH HOUSE","HOGAN FARMS","CHAPEL HILL",UNAFFILIATED,WHITE,INACTIVE
BRANTLEY,"BRANTLEY, CAMILLA ANN","1315 TALLYHO TRL","CHAPEL HILL",NC,27516,1315,"",TALLYHO,"",TRL,"","","CHAPEL HILL",NC,27516,42,FEMALE,CARRBORO,"50TH HOUSE","HOGAN FARMS","CHAPEL HILL",DEMOCRATIC,WHITE,ACTIVE
BREWSAUGH,"BREWSAUGH, KIMBERLY A","904 TALLYHO TRL","CHAPEL HILL",NC,27516,904,"",TALLYHO,"",TRL,"","","CHAPEL HILL",NC,27516,40,FEMALE,CARRBORO,"50TH HOUSE","HOGAN FARMS","CHAPEL HILL",DEMOCRATIC,WHITE,INACTIVE
BRINDMORE,"BRINDMORE, RICHARD CHARLES","1015 BUGLE CT","CHAPEL HILL",NC,27516,1015,"",BUGLE,"",CT,"","","CHAPEL HILL",NC,27516,37,MALE,CARRBORO,"50TH HOUSE","HOGAN FARMS","CHAPEL HILL",UNAFFILIATED,WHITE,INACTIVE
BRITTON,"BRITTON, JULIE EDELL","1002 STAFFIELD LN","CHAPEL HILL",NC,27516,1002,"",STAFFIELD,"",LN,"","","CHAPEL HILL",NC,27516,55,FEMALE,CARRBORO,"50TH HOUSE","HOGAN FARMS","CHAPEL HILL",DEMOCRATIC,WHITE,ACTIVE
BRITTON,"BRITTON, RONALD LEE","1002 STAFFIELD LN","CHAPEL HILL",NC,27516,1002,"",STAFFIELD,"",LN,"","","CHAPEL HILL",NC,27516,55,MALE,CARRBORO,"50TH HOUSE","HOGAN FARMS","CHAPEL HILL",DEMOCRATIC,WHITE,ACTIVE
BUCKNER,"BUCKNER, CAROLYN M","8100 N HOUND CT","CHAPEL HILL",NC,27516,8100,N,HOUND,"",CT,"","","CHAPEL HILL",NC,27516,37,FEMALE,CARRBORO,"50TH HOUSE","HOGAN FARMS","CHAPEL HILL",DEMOCRATIC,WHITE,ACTIVE
BUCKNER,"BUCKNER, CHARLES A","8100 N HOUND CT","CHAPEL HILL",NC,27516,8100,N,HOUND,"",CT,"","","CHAPEL HILL",NC,27516,50,MALE,CARRBORO,"50TH HOUSE","HOGAN FARMS","CHAPEL HILL",UNAFFILIATED,WHITE,ACTIVE
BURGESS,"BURGESS, STEPHANIE DEANN","8202 S HOUND CT","CHAPEL HILL",NC,27516,8202,S,HOUND,"",CT,"","","CHAPEL HILL",NC,27516,41,FEMALE,CARRBORO,"50TH HOUSE","HOGAN FARMS","CHAPEL HILL",UNAFFILIATED,WHITE,INACTIVE
BUTLER,"BUTLER, MATTHEW MIELE","8101 REYNARD RD","CHAPEL HILL",NC,27516,8101,"",REYNARD,"",RD,"","","CHAPEL HILL",NC,27516,33,MALE,CARRBORO,"50TH HOUSE","HOGAN FARMS","CHAPEL HILL",DEMOCRATIC,WHITE,ACTIVE
BYRLEY,"BYRLEY, BLAIRE FALLON","1008 STAFFIELD LN","CHAPEL HILL",NC,27516,1008,"",STAFFIELD,"",LN,"","","CHAPEL HILL",NC,27516,42,FEMALE,CARRBORO,"50TH HOUSE","HOGAN FARMS","CHAPEL HILL",UNAFFILIATED,WHITE,ACTIVE
CALVERT,"CALVERT, CATHERINE TIFFANY","1215 TALLYHO TRL","CHAPEL HILL",NC,27516,1215,"",TALLYHO,"",TRL,"","","CHAPEL HILL",NC,27516,56,FEMALE,CARRBORO,"50TH HOUSE","HOGAN FARMS","CHAPEL HILL",REPUBLICAN,WHITE,ACTIVE
CARRINO,"CARRINO, LYNN MARIE","1310 TALLYHO TRL","CHAPEL HILL",NC,27516,1310,"",TALLYHO,"",TRL,"","","CHAPEL HILL",NC,27516,43,FEMALE,CARRBORO,"50TH HOUSE","HOGAN FARMS","CHAPEL HILL",UNAFFILIATED,WHITE,ACTIVE
CHANDLER,"CHANDLER, HELEN E","1011 BUGLE CT","CHAPEL HILL",NC,27516,1011,"",BUGLE,"",CT,"","","CHAPEL HILL",NC,27516,47,FEMALE,CARRBORO,"50TH HOUSE","HOGAN FARMS","CHAPEL HILL",DEMOCRATIC,WHITE,ACTIVE
CHAPEL,"CHAPEL, GARY MOORE","1004 STAFFIELD LN","CHAPEL HILL",NC,27516,1004,"",STAFFIELD,"",LN,"","","CHAPEL HILL",NC,27516,67,MALE,CARRBORO,"50TH HOUSE","HOGAN FARMS","CHAPEL HILL",REPUBLICAN,WHITE,ACTIVE
CHAPEL,"CHAPEL, ROSE ANNA","1004 STAFFIELD LN","CHAPEL HILL",NC,27516,1004,"",STAFFIELD,"",LN,"","","CHAPEL HILL",NC,27516,63,FEMALE,CARRBORO,"50TH HOUSE","HOGAN FARMS","CHAPEL HILL",DEMOCRATIC,WHITE,INACTIVE
CHARNIN,"CHARNIN, LEIA ANN","1311 TALLYHO TRL","CHAPEL HILL",NC,27516,1311,"",TALLYHO,"",TRL,"","","CHAPEL HILL",NC,27516,22,FEMALE,CARRBORO,"50TH HOUSE","HOGAN FARMS","CHAPEL HILL",DEMOCRATIC,WHITE,ACTIVE
CHENG,"CHENG, ANN-JU","1004 BRENDAN CT","CHAPEL HILL",NC,27516,1004,"",BRENDAN,"",CT,"","","CHAPEL HILL",NC,27516,42,FEMALE,CARRBORO,"50TH HOUSE","HOGAN FARMS","CHAPEL HILL",UNAFFILIATED,ASIAN,ACTIVE
CHITWOOD,"CHITWOOD, JACOB TAYLOR","1003 TALLYHO TRL","CHAPEL HILL",NC,27516,1003,"",TALLYHO,"",TRL,"","","CHAPEL HILL",NC,27516,18,MALE,CARRBORO,"50TH HOUSE","HOGAN FARMS","CHAPEL HILL",DEMOCRATIC,WHITE,ACTIVE
CHITWOOD,"CHITWOOD, JEAN SINK","1003 TALLYHO TRL","CHAPEL HILL",NC,27516,1003,"",TALLYHO,"",TRL,"","","CHAPEL HILL",NC,27516,49,FEMALE,CARRBORO,"50TH HOUSE","HOGAN FARMS","CHAPEL HILL",UNAFFILIATED,WHITE,ACTIVE
CHITWOOD,"CHITWOOD, MICHAEL ANTHONY","1003 TALLYHO TRL","CHAPEL HILL",NC,27516,1003,"",TALLYHO,"",TRL,"","","CHAPEL HILL",NC,27516,49,MALE,CARRBORO,"50TH HOUSE","HOGAN FARMS","CHAPEL HILL",DEMOCRATIC,WHITE,ACTIVE
CLARK,"CLARK, GEORGE ADDISON JR","1102 TALLYHO TRL","CHAPEL HILL",NC,27516,1102,"",TALLYHO,"",TRL,"","","CHAPEL HILL",NC,27516,56,MALE,CARRBORO,"50TH HOUSE","HOGAN FARMS","CHAPEL HILL",UNAFFILIATED,WHITE,ACTIVE
CLARK,"CLARK, SANDRA KAY","1102 TALLYHO TRL","CHAPEL HILL",NC,27516,1102,"",TALLYHO,"",TRL,"","","CHAPEL HILL",NC,27516,50,FEMALE,CARRBORO,"50TH HOUSE","HOGAN FARMS","CHAPEL HILL",REPUBLICAN,WHITE,ACTIVE
COBB,"COBB, JEFFREY EDMOND","1015 TALLYHO TRL","CHAPEL HILL",NC,27516,1015,"",TALLYHO,"",TRL,"","","CHAPEL HILL",NC,27516,49,MALE,CARRBORO,"50TH HOUSE","HOGAN FARMS","CHAPEL HILL",DEMOCRATIC,WHITE,ACTIVE
COLUMBO-MEARDON,"COLUMBO-MEARDON, ELEANOR","1008 BUGLE CT","CHAPEL HILL",NC,27516,1008,"",BUGLE,"",CT,"","","CHAPEL HILL",NC,27516,51,FEMALE,CARRBORO,"50TH HOUSE","HOGAN FARMS","CHAPEL HILL",DEMOCRATIC,WHITE,ACTIVE
COUTRET,"COUTRET, COURTNEY LEIGH","8116 REYNARD RD","CHAPEL HILL",NC,27516,8116,"",REYNARD,"",RD,"","","CHAPEL HILL",NC,27516,25,FEMALE,CARRBORO,"50TH HOUSE","HOGAN FARMS","CHAPEL HILL",REPUBLICAN,WHITE,ACTIVE
COUTRET,"COUTRET, SUE F","8116 REYNARD RD","CHAPEL HILL",NC,27516,8116,"",REYNARD,"",RD,"","","CHAPEL HILL",NC,27516,74,FEMALE,CARRBORO,"50TH HOUSE","HOGAN FARMS","CHAPEL HILL",REPUBLICAN,WHITE,ACTIVE
COX,"COX, GAIL PARKER","1512 TALLYHO TRL","CHAPEL HILL",NC,27516,1512,"",TALLYHO,"",TRL,"","","CHAPEL HILL",NC,27516,58,FEMALE,CARRBORO,"50TH HOUSE","HOGAN FARMS","CHAPEL HILL",UNAFFILIATED,WHITE,ACTIVE
CURRIN,"CURRIN, LEE GODWIN","2005 WHITMORE CIR","CHAPEL HILL",NC,27516,2005,"",WHITMORE,"",CIR,"","","CHAPEL HILL",NC,27516,50,FEMALE,CARRBORO,"50TH HOUSE","HOGAN FARMS","CHAPEL HILL",DEMOCRATIC,WHITE,ACTIVE
CURRIN,"CURRIN, ROBERT TYREE III","2005 WHITMORE CIR","CHAPEL HILL",NC,27516,2005,"",WHITMORE,"",CIR,"","","CHAPEL HILL",NC,27516,49,MALE,CARRBORO,"50TH HOUSE","HOGAN FARMS","CHAPEL HILL",DEMOCRATIC,WHITE,ACTIVE
DARNOSTI,"DARNOSTI, LOUISE","8217 HUNTSMAN CT","CHAPEL HILL",NC,27516,8217,"",HUNTSMAN,"",CT,"","","CHAPEL HILL",NC,27516,21,FEMALE,CARRBORO,"50TH HOUSE","HOGAN FARMS","CHAPEL HILL",REPUBLICAN,OTHER,INACTIVE
DICKSON,"DICKSON, MARY J","8202 REYNARD RD","CHAPEL HILL",NC,27516,8202,"",REYNARD,"",RD,"","","CHAPEL HILL",NC,27516,47,FEMALE,CARRBORO,"50TH HOUSE","HOGAN FARMS","CHAPEL HILL",DEMOCRATIC,WHITE,ACTIVE
DOLD,"DOLD, KAREN MARIE","1203 TALLYHO TRL","CHAPEL HILL",NC,27516,1203,"",TALLYHO,"",TRL,"","","CHAPEL HILL",NC,27516,48,FEMALE,CARRBORO,"50TH HOUSE","HOGAN FARMS","CHAPEL HILL",DEMOCRATIC,WHITE,ACTIVE
DUBRAY,"DUBRAY, JASON ALBERT","8202 S HOUND CT","CHAPEL HILL",NC,27516,8202,S,HOUND,"",CT,"","","CHAPEL HILL",NC,27516,35,MALE,CARRBORO,"50TH HOUSE","HOGAN FARMS","CHAPEL HILL",DEMOCRATIC,WHITE,ACTIVE
EDELL,"EDELL, JONATHAN ALAN","1002 STAFFIELD LN","CHAPEL HILL",NC,27516,1002,"",STAFFIELD,"",LN,"","","CHAPEL HILL",NC,27516,22,MALE,CARRBORO,"50TH HOUSE","HOGAN FARMS","CHAPEL HILL",REPUBLICAN,WHITE,INACTIVE
ELDERKIN,"ELDERKIN, D VANCE","1220 TALLYHO TRL","CHAPEL HILL",NC,27516,1220,"",TALLYHO,"",TRL,"","","CHAPEL HILL",NC,27516,51,MALE,CARRBORO,"50TH HOUSE","HOGAN FARMS","CHAPEL HILL",UNAFFILIATED,WHITE,ACTIVE
ELDERKIN,"ELDERKIN, KIM D","1220 TALLYHO TRL","CHAPEL HILL",NC,27516,1220,"",TALLYHO,"",TRL,"","","CHAPEL HILL",NC,27516,50,FEMALE,CARRBORO,"50TH HOUSE","HOGAN FARMS","CHAPEL HILL",REPUBLICAN,WHITE,ACTIVE
ELDERKIN,"ELDERKIN, SCOTT DAVID","1220 TALLYHO TRL","CHAPEL HILL",NC,27516,1220,"",TALLYHO,"",TRL,"","","CHAPEL HILL",NC,27516,27,MALE,CARRBORO,"50TH HOUSE","HOGAN FARMS","CHAPEL HILL",UNAFFILIATED,WHITE,ACTIVE
ELDERKIN,"ELDERKIN, VERNON HOWARD","1220 TALLYHO TRL","CHAPEL HILL",NC,27516,1220,"",TALLYHO,"",TRL,"","","CHAPEL HILL",NC,27516,89,MALE,CARRBORO,"50TH HOUSE","HOGAN FARMS","CHAPEL HILL",REPUBLICAN,WHITE,ACTIVE
ENGEL,"ENGEL, JONATHAN HAROLD","8120 N HOUND CT","CHAPEL HILL",NC,27516,8120,N,HOUND,"",CT,"","","CHAPEL HILL",NC,27516,48,MALE,CARRBORO,"50TH HOUSE","HOGAN FARMS","CHAPEL HILL",DEMOCRATIC,WHITE,ACTIVE
ENGLISH,"ENGLISH, BETTY EILEEN","3001 STAFFIELD LN","CHAPEL HILL",NC,27516,3001,"",STAFFIELD,"",LN,"","","CHAPEL HILL",NC,27516,70,FEMALE,CARRBORO,"50TH HOUSE","HOGAN FARMS","CHAPEL HILL",UNAFFILIATED,WHITE,ACTIVE
ENGLISH,"ENGLISH, FENWICK WALTER","3001 STAFFIELD LN","CHAPEL HILL",NC,27516,3001,"",STAFFIELD,"",LN,"","","CHAPEL HILL",NC,27516,68,MALE,CARRBORO,"50TH HOUSE","HOGAN FARMS","CHAPEL HILL",DEMOCRATIC,WHITE,ACTIVE
FALEY,"FALEY, GLORIA MARIE","3006 STAFFIELD LN","CHAPEL HILL",NC,27516,3006,"",STAFFIELD,"",LN,"","","CHAPEL HILL",NC,27516,56,FEMALE,CARRBORO,"50TH HOUSE","HOGAN FARMS","CHAPEL HILL",DEMOCRATIC,WHITE,ACTIVE
FALEY,"FALEY, ROBERT MICHAEL","3006 STAFFIELD LN","CHAPEL HILL",NC,27516,3006,"",STAFFIELD,"",LN,"","","CHAPEL HILL",NC,27516,21,MALE,CARRBORO,"50TH HOUSE","HOGAN FARMS","CHAPEL HILL",DEMOCRATIC,WHITE,ACTIVE
FELTCH,"FELTCH, JOHN ALEXANDER","1016 TALLYHO TRL","CHAPEL HILL",NC,27516,1016,"",TALLYHO,"",TRL,"","","CHAPEL HILL",NC,27516,20,MALE,CARRBORO,"50TH HOUSE","HOGAN FARMS","CHAPEL HILL",UNAFFILIATED,WHITE,ACTIVE
FELTCH,"FELTCH, JOHN FRANKLIN","1016 TALLYHO TRL","CHAPEL HILL",NC,27516,1016,"",TALLYHO,"",TRL,"","","CHAPEL HILL",NC,27516,48,MALE,CARRBORO,"50TH HOUSE","HOGAN FARMS","CHAPEL HILL",DEMOCRATIC,WHITE,ACTIVE
FELTCH,"FELTCH, MITZIE JOKICH","1016 TALLYHO TRL","CHAPEL HILL",NC,27516,1016,"",TALLYHO,"",TRL,"","","CHAPEL HILL",NC,27516,54,FEMALE,CARRBORO,"50TH HOUSE","HOGAN FARMS","CHAPEL HILL",UNAFFILIATED,WHITE,ACTIVE
FENSTERMACHER,"FENSTERMACHER, DAVID ALAN","8108 N HOUND CT","CHAPEL HILL",NC,27516,8108,N,HOUND,"",CT,"","","CHAPEL HILL",NC,27516,45,MALE,CARRBORO,"50TH HOUSE","HOGAN FARMS","CHAPEL HILL",DEMOCRATIC,WHITE,ACTIVE
FERNANDEZ,"FERNANDEZ, MARIA E","8105 LAIR CT","CHAPEL HILL",NC,27516,8105,"",LAIR,"",CT,"","","CHAPEL HILL",NC,27516,61,FEMALE,CARRBORO,"50TH HOUSE","HOGAN FARMS","CHAPEL HILL",DEMOCRATIC,OTHER,ACTIVE
FERRITER,"FERRITER, KRISTIN ANNE","8111 N HOUND CT","CHAPEL HILL",NC,27516,8111,N,HOUND,"",CT,"","","CHAPEL HILL",NC,27516,39,FEMALE,CARRBORO,"50TH HOUSE","HOGAN FARMS","CHAPEL HILL",UNAFFILIATED,WHITE,ACTIVE
FERRITER,"FERRITER, MATTHEW SKELLY","8111 N HOUND CT","CHAPEL HILL",NC,27516,8111,N,HOUND,"",CT,"","","CHAPEL HILL",NC,27516,40,MALE,CARRBORO,"50TH HOUSE","HOGAN FARMS","CHAPEL HILL",UNAFFILIATED,WHITE,ACTIVE
FOIL,"FOIL, HOMER GILLON","8104 N HOUND CT","CHAPEL HILL",NC,27516,8104,N,HOUND,"",CT,"","","CHAPEL HILL",NC,27516,58,MALE,CARRBORO,"50TH HOUSE","HOGAN FARMS","CHAPEL HILL",DEMOCRATIC,WHITE,ACTIVE
FORBES,"FORBES, TIMOTHY WOOD","1011 BUGLE CT","CHAPEL HILL",NC,27516,1011,"",BUGLE,"",CT,"","","CHAPEL HILL",NC,27516,49,MALE,CARRBORO,"50TH HOUSE","HOGAN FARMS","CHAPEL HILL",DEMOCRATIC,WHITE,ACTIVE
GAGE,"GAGE, GWEN DAVIES","2009 WHITMORE CIR","CHAPEL HILL",NC,27516,2009,"",WHITMORE,"",CIR,"","","CHAPEL HILL",NC,27516,43,FEMALE,CARRBORO,"50TH HOUSE","HOGAN FARMS","CHAPEL HILL",UNAFFILIATED,WHITE,ACTIVE
GAGE,"GAGE, JAMES RANDOLPH","2009 WHITMORE CIR","CHAPEL HILL",NC,27516,2009,"",WHITMORE,"",CIR,"","","CHAPEL HILL",NC,27516,43,MALE,CARRBORO,"50TH HOUSE","HOGAN FARMS","CHAPEL HILL",UNAFFILIATED,WHITE,ACTIVE
GALLO,"GALLO, CHRISTOPHER JOSEPH","3002 STAFFIELD LN","CHAPEL HILL",NC,27516,3002,"",STAFFIELD,"",LN,"","","CHAPEL HILL",NC,27516,20,MALE,CARRBORO,"50TH HOUSE","HOGAN FARMS","CHAPEL HILL",UNAFFILIATED,WHITE,ACTIVE
GALLO,"GALLO, LAURA C","3002 STAFFIELD LN","CHAPEL HILL",NC,27516,3002,"",STAFFIELD,"",LN,"","","CHAPEL HILL",NC,27516,52,FEMALE,CARRBORO,"50TH HOUSE","HOGAN FARMS","CHAPEL HILL",DEMOCRATIC,WHITE,ACTIVE
GALLO,"GALLO, LORENZO A JR","3002 STAFFIELD LN","CHAPEL HILL",NC,27516,3002,"",STAFFIELD,"",LN,"","","CHAPEL HILL",NC,27516,56,MALE,CARRBORO,"50TH HOUSE","HOGAN FARMS","CHAPEL HILL",DEMOCRATIC,WHITE,ACTIVE
GALLO,"GALLO, NICHOLAS L","3002 STAFFIELD LN","CHAPEL HILL",NC,27516,3002,"",STAFFIELD,"",LN,"","","CHAPEL HILL",NC,27516,24,MALE,CARRBORO,"50TH HOUSE","HOGAN FARMS","CHAPEL HILL",REPUBLICAN,WHITE,ACTIVE
GALVAO,"GALVAO, LUISA ABBOTT","1311 TALLYHO TRL","CHAPEL HILL",NC,27516,1311,"",TALLYHO,"",TRL,"","","CHAPEL HILL",NC,27516,19,FEMALE,CARRBORO,"50TH HOUSE","HOGAN FARMS","CHAPEL HILL",DEMOCRATIC,WHITE,ACTIVE
GAMBER,"GAMBER, AMY CLEMENT","1223 TALLYHO TRL","CHAPEL HILL",NC,27516,1223,"",TALLYHO,"",TRL,"","","CHAPEL HILL",NC,27516,38,FEMALE,CARRBORO,"50TH HOUSE","HOGAN FARMS","CHAPEL HILL",REPUBLICAN,WHITE,ACTIVE
GOLDBERG,"GOLDBERG, RICHARD LAWRENCE","1075 BRACE LN","CHAPEL HILL",NC,27516,1075,"",BRACE,"",LN,"","","CHAPEL HILL",NC,27516,41,MALE,CARRBORO,"50TH HOUSE","HOGAN FARMS","CHAPEL HILL",UNAFFILIATED,WHITE,ACTIVE
GOODE,"GOODE, ELIZABETH JAYNE","8119 REYNARD RD","CHAPEL HILL",NC,27516,8119,"",REYNARD,"",RD,"","","CHAPEL HILL",NC,27516,42,FEMALE,CARRBORO,"50TH HOUSE","HOGAN FARMS","CHAPEL HILL",UNAFFILIATED,WHITE,ACTIVE
GOODE,"GOODE, JOHN K","8100 LAIR CT","CHAPEL HILL",NC,27516,8100,"",LAIR,"",CT,"","","CHAPEL HILL",NC,27516,47,MALE,CARRBORO,"50TH HOUSE","HOGAN FARMS","CHAPEL HILL",UNAFFILIATED,WHITE,ACTIVE
GRATCH,"GRATCH, MARY","1014 BUGLE CT","CHAPEL HILL",NC,27516,1014,"",BUGLE,"",CT,"","","CHAPEL HILL",NC,27516,53,FEMALE,CARRBORO,"50TH HOUSE","HOGAN FARMS","CHAPEL HILL",DEMOCRATIC,WHITE,ACTIVE
GRAWOZBURN,"GRAWOZBURN, CLEMENT CLIFTON","1212 TALLYHO TRL","CHAPEL HILL",NC,27516,1212,"",TALLYHO,"",TRL,"","","CHAPEL HILL",NC,27516,36,MALE,CARRBORO,"50TH HOUSE","HOGAN FARMS","CHAPEL HILL",UNAFFILIATED,UNDESIGNATED,ACTIVE
GRAWOZBURN,"GRAWOZBURN, KARA ALLISON","1212 TALLYHO TRL","CHAPEL HILL",NC,27516,1212,"",TALLYHO,"",TRL,"","","CHAPEL HILL",NC,27516,33,FEMALE,CARRBORO,"50TH HOUSE","HOGAN FARMS","CHAPEL HILL",UNAFFILIATED,UNDESIGNATED,ACTIVE
GREEN,"GREEN, CAROLINE KELLY","8218 HUNTSMAN CT","CHAPEL HILL",NC,27516,8218,"",HUNTSMAN,"",CT,"","","CHAPEL HILL",NC,27516,29,FEMALE,CARRBORO,"50TH HOUSE","HOGAN FARMS","CHAPEL HILL",DEMOCRATIC,WHITE,ACTIVE
GROSSBERG,"GROSSBERG, TONI H","8202 REYNARD RD","CHAPEL HILL",NC,27516,8202,"",REYNARD,"",RD,"","","CHAPEL HILL",NC,27516,39,FEMALE,CARRBORO,"50TH HOUSE","HOGAN FARMS","CHAPEL HILL",UNAFFILIATED,WHITE,ACTIVE
HANKINS,"HANKINS, JANET HARTMAN","1004 STAFFIELD LN","CHAPEL HILL",NC,27516,1004,"",STAFFIELD,"",LN,"","","CHAPEL HILL",NC,27516,40,FEMALE,CARRBORO,"50TH HOUSE","HOGAN FARMS","CHAPEL HILL",DEMOCRATIC,WHITE,ACTIVE
HANKINS,"HANKINS, KEAN HALLET","1004 STAFFIELD LN","CHAPEL HILL",NC,27516,1004,"",STAFFIELD,"",LN,"","","CHAPEL HILL",NC,27516,41,MALE,CARRBORO,"50TH HOUSE","HOGAN FARMS","CHAPEL HILL",DEMOCRATIC,WHITE,ACTIVE
HARBURG,"HARBURG, CHRISTINE LYNN","904 TALLYHO TRL","CHAPEL HILL",NC,27516,904,"",TALLYHO,"",TRL,"","","CHAPEL HILL",NC,27516,45,FEMALE,CARRBORO,"50TH HOUSE","HOGAN FARMS","CHAPEL HILL",UNAFFILIATED,WHITE,ACTIVE
HARRISON,"HARRISON, DAVID L","1408 TALLYHO TRL","CHAPEL HILL",NC,27516,1408,"",TALLYHO,"",TRL,"","","CHAPEL HILL",NC,27516,53,MALE,CARRBORO,"50TH HOUSE","HOGAN FARMS","CHAPEL HILL",UNAFFILIATED,WHITE,ACTIVE
HE,"HE, HONG","1707 TALLYHO TRL","CHAPEL HILL",NC,27516,1707,"",TALLYHO,"",TRL,"","","CHAPEL HILL",NC,27516,47,FEMALE,CARRBORO,"50TH HOUSE","HOGAN FARMS","CHAPEL HILL",UNAFFILIATED,ASIAN,ACTIVE
HEFFELFINGER,"HEFFELFINGER, RANDALL KENNETH","3008 STAFFIELD LN","CHAPEL HILL",NC,27516,3008,"",STAFFIELD,"",LN,"","","CHAPEL HILL",NC,27516,56,MALE,CARRBORO,"50TH HOUSE","HOGAN FARMS","CHAPEL HILL",REPUBLICAN,WHITE,ACTIVE
HENGEVELD,"HENGEVELD, FRED WILLIAM JR","1515 TALLYHO TRL","CHAPEL HILL",NC,27516,1515,"",TALLYHO,"",TRL,"","","CHAPEL HILL",NC,27516,78,MALE,CARRBORO,"50TH HOUSE","HOGAN FARMS","CHAPEL HILL",DEMOCRATIC,WHITE,ACTIVE
HENGEVELD,"HENGEVELD, KAY P","1515 TALLYHO TRL","CHAPEL HILL",NC,27516,1515,"",TALLYHO,"",TRL,"","","CHAPEL HILL",NC,27516,68,FEMALE,CARRBORO,"50TH HOUSE","HOGAN FARMS","CHAPEL HILL",DEMOCRATIC,WHITE,ACTIVE
HETHERINGTON,"HETHERINGTON, ELIZABETH KATE","1003 STAFFIELD LN","CHAPEL HILL",NC,27516,1003,"",STAFFIELD,"",LN,"","","CHAPEL HILL",NC,27516,23,FEMALE,CARRBORO,"50TH HOUSE","HOGAN FARMS","CHAPEL HILL",DEMOCRATIC,WHITE,INACTIVE
HETHERINGTON,"HETHERINGTON, NATHAN T","1003 STAFFIELD LN","CHAPEL HILL",NC,27516,1003,"",STAFFIELD,"",LN,"","","CHAPEL HILL",NC,27516,28,MALE,CARRBORO,"50TH HOUSE","HOGAN FARMS","CHAPEL HILL",DEMOCRATIC,WHITE,INACTIVE
HIRSCH,"HIRSCH, DEBORAH JEAN","8111 REYNARD RD","CHAPEL HILL",NC,27516,8111,"",REYNARD,"",RD,"","","CHAPEL HILL",NC,27516,36,FEMALE,CARRBORO,"50TH HOUSE","HOGAN FARMS","CHAPEL HILL",DEMOCRATIC,WHITE,ACTIVE
HODGES,"HODGES, WAYNE BRYANT","1315 TALLYHO TRL","CHAPEL HILL",NC,27516,1315,"",TALLYHO,"",TRL,"","","CHAPEL HILL",NC,27516,53,MALE,CARRBORO,"50TH HOUSE","HOGAN FARMS","CHAPEL HILL",DEMOCRATIC,WHITE,ACTIVE
HOERTER,"HOERTER, ROBERT CHRISTOPHER","1414 TALLYHO TRL","CHAPEL HILL",NC,27516,1414,"",TALLYHO,"",TRL,"","","CHAPEL HILL",NC,27516,39,MALE,CARRBORO,"50TH HOUSE","HOGAN FARMS","CHAPEL HILL",UNAFFILIATED,WHITE,ACTIVE
HOFFMEYER,"HOFFMEYER, ANNA MARIE","8112 N HOUND CT","CHAPEL HILL",NC,27516,8112,N,HOUND,"",CT,"","","CHAPEL HILL",NC,27516,41,FEMALE,CARRBORO,"50TH HOUSE","HOGAN FARMS","CHAPEL HILL",UNAFFILIATED,WHITE,ACTIVE
HOFFMEYER,"HOFFMEYER, GREGORY CHARLES","8112 N HOUND CT","CHAPEL HILL",NC,27516,8112,N,HOUND,"",CT,"","","CHAPEL HILL",NC,27516,41,MALE,CARRBORO,"50TH HOUSE","HOGAN FARMS","CHAPEL HILL",UNAFFILIATED,WHITE,ACTIVE
HOLLAND,"HOLLAND, HOLLY GAY","8210 S HOUND CT","CHAPEL HILL",NC,27516,8210,S,HOUND,"",CT,"","","CHAPEL HILL",NC,27516,45,FEMALE,CARRBORO,"50TH HOUSE","HOGAN FARMS","CHAPEL HILL",DEMOCRATIC,WHITE,ACTIVE
HOWES,"HOWES, CATHY LYNN","8210 S HOUND CT","CHAPEL HILL",NC,27516,8210,S,HOUND,"",CT,"","","CHAPEL HILL",NC,27516,45,FEMALE,CARRBORO,"50TH HOUSE","HOGAN FARMS","CHAPEL HILL",DEMOCRATIC,WHITE,ACTIVE
JELINEK,"JELINEK, ANNE HODGES","2002 WHITMORE CIR","CHAPEL HILL",NC,27516,2002,"",WHITMORE,"",CIR,"","","CHAPEL HILL",NC,27516,63,FEMALE,CARRBORO,"50TH HOUSE","HOGAN FARMS","CHAPEL HILL",REPUBLICAN,WHITE,ACTIVE
JELINEK,"JELINEK, FREDERICK MARK","2002 WHITMORE CIR","CHAPEL HILL",NC,27516,2002,"",WHITMORE,"",CIR,"","","CHAPEL HILL",NC,27516,61,MALE,CARRBORO,"50TH HOUSE","HOGAN FARMS","CHAPEL HILL",UNAFFILIATED,OTHER,ACTIVE
JOHNSON,"JOHNSON, ARNE C JR","1005 STAFFIELD LN","CHAPEL HILL",NC,27516,1005,"",STAFFIELD,"",LN,"","","CHAPEL HILL",NC,27516,46,MALE,CARRBORO,"50TH HOUSE","HOGAN FARMS","CHAPEL HILL",UNAFFILIATED,WHITE,ACTIVE
JOHNSON,"JOHNSON, JUDITH A","1005 STAFFIELD LN","CHAPEL HILL",NC,27516,1005,"",STAFFIELD,"",LN,"","","CHAPEL HILL",NC,27516,45,FEMALE,CARRBORO,"50TH HOUSE","HOGAN FARMS","CHAPEL HILL",UNAFFILIATED,WHITE,ACTIVE
JOHNSON,"JOHNSON, LYNDA G","8116 N HOUND CT","CHAPEL HILL",NC,27516,8116,N,HOUND,"",CT,"","","CHAPEL HILL",NC,27516,54,FEMALE,CARRBORO,"50TH HOUSE","HOGAN FARMS","CHAPEL HILL",DEMOCRATIC,WHITE,ACTIVE
JOHNSON,"JOHNSON, REBECCA LOUISE","1005 STAFFIELD LN","CHAPEL HILL",NC,27516,1005,"",STAFFIELD,"",LN,"","","CHAPEL HILL",NC,27516,17,FEMALE,CARRBORO,"50TH HOUSE","HOGAN FARMS","CHAPEL HILL",UNAFFILIATED,WHITE,ACTIVE
JOHNSTON,"JOHNSTON, SUSAN E","3006 STAFFIELD LN","CHAPEL HILL",NC,27516,3006,"",STAFFIELD,"",LN,"","","CHAPEL HILL",NC,27516,55,FEMALE,CARRBORO,"50TH HOUSE","HOGAN FARMS","CHAPEL HILL",DEMOCRATIC,WHITE,ACTIVE
JORDAN,"JORDAN, CHARLES VICTOR","1003 STAFFIELD LN","CHAPEL HILL",NC,27516,1003,"",STAFFIELD,"",LN,"","","CHAPEL HILL",NC,27516,57,MALE,CARRBORO,"50TH HOUSE","HOGAN FARMS","CHAPEL HILL",REPUBLICAN,WHITE,ACTIVE
JORDAN,"JORDAN, MARY KATHRYN","1003 STAFFIELD LN","CHAPEL HILL",NC,27516,1003,"",STAFFIELD,"",LN,"","","CHAPEL HILL",NC,27516,51,FEMALE,CARRBORO,"50TH HOUSE","HOGAN FARMS","CHAPEL HILL",REPUBLICAN,WHITE,ACTIVE
KACHGAL,"KACHGAL, TARA MARIE","PO BOX 15","CHAPEL HILL",NC,27514,1121,"",TALLYHO,"",TRL,"","","CHAPEL HILL",NC,27516,37,FEMALE,CARRBORO,"50TH HOUSE","HOGAN FARMS","CHAPEL HILL",DEMOCRATIC,WHITE,ACTIVE
KAHN,"KAHN, EDITH SUZANNE","1075 BRACE LN","CHAPEL HILL",NC,27516,1075,"",BRACE,"",LN,"","","CHAPEL HILL",NC,27516,40,FEMALE,CARRBORO,"50TH HOUSE","HOGAN FARMS","CHAPEL HILL",UNAFFILIATED,WHITE,ACTIVE
KALKOWSKI,"KALKOWSKI, JOSEPHINE C","8102 LAIR CT","CHAPEL HILL",NC,27516,8102,"",LAIR,"",CT,"","","CHAPEL HILL",NC,27516,43,FEMALE,CARRBORO,"50TH HOUSE","HOGAN FARMS","CHAPEL HILL",REPUBLICAN,WHITE,ACTIVE
KALKOWSKI,"KALKOWSKI, KYLE J","8102 LAIR CT","CHAPEL HILL",NC,27516,8102,"",LAIR,"",CT,"","","CHAPEL HILL",NC,27516,43,MALE,CARRBORO,"50TH HOUSE","HOGAN FARMS","CHAPEL HILL",REPUBLICAN,WHITE,ACTIVE
KANFER,"KANFER, MERYL RUTH","8120 N HOUND CT","CHAPEL HILL",NC,27516,8120,N,HOUND,"",CT,"","","CHAPEL HILL",NC,27516,49,FEMALE,CARRBORO,"50TH HOUSE","HOGAN FARMS","CHAPEL HILL",DEMOCRATIC,WHITE,ACTIVE
KANOY,"KANOY, GLORIA WELBORN","2000 WHITMORE CIR","CHAPEL HILL",NC,27516,2000,"",WHITMORE,"",CIR,"","","CHAPEL HILL",NC,27516,54,FEMALE,CARRBORO,"50TH HOUSE","HOGAN FARMS","CHAPEL HILL",DEMOCRATIC,WHITE,ACTIVE
KANOY,"KANOY, MATT STEVEN","2000 WHITMORE CIR","CHAPEL HILL",NC,27516,2000,"",WHITMORE,"",CIR,"","","CHAPEL HILL",NC,27516,21,MALE,CARRBORO,"50TH HOUSE","HOGAN FARMS","CHAPEL HILL",DEMOCRATIC,WHITE,ACTIVE
KAPLAN,"KAPLAN, BENNETT DAVIS CALVERT","1215 TALLYHO TRL","CHAPEL HILL",NC,27516,1215,"",TALLYHO,"",TRL,"","","CHAPEL HILL",NC,27516,18,MALE,CARRBORO,"50TH HOUSE","HOGAN FARMS","CHAPEL HILL",DEMOCRATIC,WHITE,ACTIVE
KAPLAN,"KAPLAN, NEAL GARY","1215 TALLYHO TRL","CHAPEL HILL",NC,27516,1215,"",TALLYHO,"",TRL,"","","CHAPEL HILL",NC,27516,55,MALE,CARRBORO,"50TH HOUSE","HOGAN FARMS","CHAPEL HILL",REPUBLICAN,WHITE,ACTIVE
KAPLAN,"KAPLAN, RACHEL TIFFANY CALVERT","1215 TALLYHO TRL","CHAPEL HILL",NC,27516,1215,"",TALLYHO,"",TRL,"","","CHAPEL HILL",NC,27516,20,FEMALE,CARRBORO,"50TH HOUSE","HOGAN FARMS","CHAPEL HILL",DEMOCRATIC,WHITE,ACTIVE
KEEFE,"KEEFE, NANCY E","918 TALLYHO TRL","CHAPEL HILL",NC,27516,918,"",TALLYHO,"",TRL,"","","CHAPEL HILL",NC,27516,50,FEMALE,CARRBORO,"50TH HOUSE","HOGAN FARMS","CHAPEL HILL",REPUBLICAN,WHITE,ACTIVE
KELLEY,"KELLEY, THOMAS ANDREW III","8106 KIT LN","CHAPEL HILL",NC,27516,8106,"",KIT,"",LN,"","","CHAPEL HILL",NC,27516,45,MALE,CARRBORO,"50TH HOUSE","HOGAN FARMS","CHAPEL HILL",DEMOCRATIC,WHITE,ACTIVE
KELLY,"KELLY, SUSAN JEAN","8104 LAIR CT","CHAPEL HILL",NC,27516,8104,"",LAIR,"",CT,"","","CHAPEL HILL",NC,27516,59,FEMALE,CARRBORO,"50TH HOUSE","HOGAN FARMS","CHAPEL HILL",DEMOCRATIC,WHITE,ACTIVE
KINGAN,"KINGAN, JEFFREY EDWIN","1204 TALLYHO TRL","CHAPEL HILL",NC,27516,1204,"",TALLYHO,"",TRL,"","","CHAPEL HILL",NC,27516,65,MALE,CARRBORO,"50TH HOUSE","HOGAN FARMS","CHAPEL HILL",DEMOCRATIC,WHITE,ACTIVE
KINGAN,"KINGAN, SARAH ELIZABETH","1204 TALLYHO TRL","CHAPEL HILL",NC,27516,1204,"",TALLYHO,"",TRL,"","","CHAPEL HILL",NC,27516,58,FEMALE,CARRBORO,"50TH HOUSE","HOGAN FARMS","CHAPEL HILL",REPUBLICAN,WHITE,ACTIVE
KNUDSEN,"KNUDSEN, GEOFFRY THOMAS","8101 LAIR CT","CHAPEL HILL",NC,27516,8101,"",LAIR,"",CT,"","","CHAPEL HILL",NC,27516,32,MALE,CARRBORO,"50TH HOUSE","HOGAN FARMS","CHAPEL HILL",UNAFFILIATED,WHITE,ACTIVE
KOWALSKI,"KOWALSKI, PHILIP JOHN","1010 TALLYHO TRL","CHAPEL HILL",NC,27516,1010,"",TALLYHO,"",TRL,"","","CHAPEL HILL",NC,27516,40,MALE,CARRBORO,"50TH HOUSE","HOGAN FARMS","CHAPEL HILL",DEMOCRATIC,WHITE,ACTIVE
KRAMER,"KRAMER, DONNA DEVOL","1011 BRENDAN CT","CHAPEL HILL",NC,27516,1011,"",BRENDAN,"",CT,"","","CHAPEL HILL",NC,27516,48,FEMALE,CARRBORO,"50TH HOUSE","HOGAN FARMS","CHAPEL HILL",DEMOCRATIC,WHITE,ACTIVE
KRAMER,"KRAMER, JOHN MARTIN","1011 BRENDAN CT","CHAPEL HILL",NC,27516,1011,"",BRENDAN,"",CT,"","","CHAPEL HILL",NC,27516,48,MALE,CARRBORO,"50TH HOUSE","HOGAN FARMS","CHAPEL HILL",DEMOCRATIC,WHITE,ACTIVE
KRAMER,"KRAMER, NANCY LYNN","8108 N HOUND CT","CHAPEL HILL",NC,27516,8108,N,HOUND,"",CT,"","","CHAPEL HILL",NC,27516,41,FEMALE,CARRBORO,"50TH HOUSE","HOGAN FARMS","CHAPEL HILL",DEMOCRATIC,WHITE,ACTIVE
KUHLMAN,"KUHLMAN, BRIAN ARTHUR","1009 TALLYHO TRL","CHAPEL HILL",NC,27516,1009,"",TALLYHO,"",TRL,"","","CHAPEL HILL",NC,27516,37,MALE,CARRBORO,"50TH HOUSE","HOGAN FARMS","CHAPEL HILL",DEMOCRATIC,WHITE,ACTIVE
KUHLMAN,"KUHLMAN, TRACY CALHOUN","1009 TALLYHO TRL","CHAPEL HILL",NC,27516,1009,"",TALLYHO,"",TRL,"","","CHAPEL HILL",NC,27516,35,FEMALE,CARRBORO,"50TH HOUSE","HOGAN FARMS","CHAPEL HILL",DEMOCRATIC,WHITE,ACTIVE
KUKOVICH,"KUKOVICH, PRITY PATEL","1011 BRACE LN","CHAPEL HILL",NC,27516,1011,"",BRACE,"",LN,"","","CHAPEL HILL",NC,27516,35,FEMALE,CARRBORO,"50TH HOUSE","HOGAN FARMS","CHAPEL HILL",DEMOCRATIC,ASIAN,ACTIVE
KUKOVICH,"KUKOVICH, WILLIAM TRAVIS","1011 BRACE LN","CHAPEL HILL",NC,27516,1011,"",BRACE,"",LN,"","","CHAPEL HILL",NC,27516,37,MALE,CARRBORO,"50TH HOUSE","HOGAN FARMS","CHAPEL HILL",UNAFFILIATED,WHITE,ACTIVE
LANCASTER,"LANCASTER, CHARLES HUBERT JR","1705 TALLYHO TRL","CHAPEL HILL",NC,27516,1705,"",TALLYHO,"",TRL,"","","CHAPEL HILL",NC,27516,45,MALE,CARRBORO,"50TH HOUSE","HOGAN FARMS","CHAPEL HILL",UNAFFILIATED,WHITE,ACTIVE
LANCASTER,"LANCASTER, LISA NELSON","1705 TALLYHO TRL","CHAPEL HILL",NC,27516,1705,"",TALLYHO,"",TRL,"","","CHAPEL HILL",NC,27516,41,FEMALE,CARRBORO,"50TH HOUSE","HOGAN FARMS","CHAPEL HILL",UNAFFILIATED,WHITE,ACTIVE
LANDESMAN,"LANDESMAN, THOMAS GORDON JR","1019 TALLYHO TRL","CHAPEL HILL",NC,27516,1019,"",TALLYHO,"",TRL,"","","CHAPEL HILL",NC,27516,19,MALE,CARRBORO,"50TH HOUSE","HOGAN FARMS","CHAPEL HILL",DEMOCRATIC,WHITE,INACTIVE
LANSING,"LANSING, CHRISTINA NOELLE","1015 BUGLE CT","CHAPEL HILL",NC,27516,1015,"",BUGLE,"",CT,"","","CHAPEL HILL",NC,27516,32,FEMALE,CARRBORO,"50TH HOUSE","HOGAN FARMS","CHAPEL HILL",UNAFFILIATED,WHITE,INACTIVE
LAVELLE,"LAVELLE, LYDIA ELLEN","8107 KIT LN","CHAPEL HILL",NC,27516,8107,"",KIT,"",LN,"","","CHAPEL HILL",NC,27516,46,FEMALE,CARRBORO,"50TH HOUSE","HOGAN FARMS","CHAPEL HILL",DEMOCRATIC,WHITE,ACTIVE
LEE,"LEE, BRIAN CHUNGMING","8115 N HOUND CT","CHAPEL HILL",NC,27516,8115,N,HOUND,"",CT,"","","CHAPEL HILL",NC,27516,23,MALE,CARRBORO,"50TH HOUSE","HOGAN FARMS","CHAPEL HILL",UNAFFILIATED,WHITE,ACTIVE
LEE,"LEE, KRISTEN TSIEN-MING","8115 N HOUND CT","CHAPEL HILL",NC,27516,8115,N,HOUND,"",CT,"","","CHAPEL HILL",NC,27516,25,FEMALE,CARRBORO,"50TH HOUSE","HOGAN FARMS","CHAPEL HILL",UNAFFILIATED,OTHER,ACTIVE
LEE,"LEE, MARGARET ULLEMEYER","8115 N HOUND CT","CHAPEL HILL",NC,27516,8115,N,HOUND,"",CT,"","","CHAPEL HILL",NC,27516,58,FEMALE,CARRBORO,"50TH HOUSE","HOGAN FARMS","CHAPEL HILL",UNAFFILIATED,WHITE,ACTIVE
LEE,"LEE, MATTHEW YING-MING","8115 N HOUND CT","CHAPEL HILL",NC,27516,8115,N,HOUND,"",CT,"","","CHAPEL HILL",NC,27516,28,MALE,CARRBORO,"50TH HOUSE","HOGAN FARMS","CHAPEL HILL",REPUBLICAN,WHITE,ACTIVE
LEIGH,"LEIGH, D. BERRY","1208 TALLYHO TRL","CHAPEL HILL",NC,27516,1208,"",TALLYHO,"",TRL,"","","CHAPEL HILL",NC,27516,46,FEMALE,CARRBORO,"50TH HOUSE","HOGAN FARMS","CHAPEL HILL",REPUBLICAN,WHITE,INACTIVE
LI,"LI, YAN","2003 WHITMORE CIR","CHAPEL HILL",NC,27516,2003,"",WHITMORE,"",CIR,"","","CHAPEL HILL",NC,27516,50,FEMALE,CARRBORO,"50TH HOUSE","HOGAN FARMS","CHAPEL HILL",DEMOCRATIC,OTHER,ACTIVE
LIGHTFOOT,"LIGHTFOOT, ALEXANDRA","8106 KIT LN","CHAPEL HILL",NC,27516,8106,"",KIT,"",LN,"","","CHAPEL HILL",NC,27516,45,FEMALE,CARRBORO,"50TH HOUSE","HOGAN FARMS","CHAPEL HILL",DEMOCRATIC,WHITE,ACTIVE
MAILES,"MAILES, DRAKE THEODORE","8216 S HOUND CT","CHAPEL HILL",NC,27516,8216,S,HOUND,"",CT,"","","CHAPEL HILL",NC,27516,20,MALE,CARRBORO,"50TH HOUSE","HOGAN FARMS","CHAPEL HILL",UNAFFILIATED,WHITE,ACTIVE
MALONE,"MALONE, ALLEN SIMONS","1001 STAFFIELD LN","CHAPEL HILL",NC,27516,1001,"",STAFFIELD,"",LN,"","","CHAPEL HILL",NC,27516,43,MALE,CARRBORO,"50TH HOUSE","HOGAN FARMS","CHAPEL HILL",UNAFFILIATED,WHITE,ACTIVE
MALONE,"MALONE, DAVID MICHAEL","1007 BRENDAN CT","CHAPEL HILL",NC,27516,1007,"",BRENDAN,"",CT,"","","CHAPEL HILL",NC,27516,55,MALE,CARRBORO,"50TH HOUSE","HOGAN FARMS","CHAPEL HILL",DEMOCRATIC,WHITE,ACTIVE
MALONE,"MALONE, SUSAN SPRAGUE","1001 STAFFIELD LN","CHAPEL HILL",NC,27516,1001,"",STAFFIELD,"",LN,"","","CHAPEL HILL",NC,27516,48,FEMALE,CARRBORO,"50TH HOUSE","HOGAN FARMS","CHAPEL HILL",UNAFFILIATED,WHITE,ACTIVE
MANSFIELD,"MANSFIELD, SARAH JANE","1007 BRENDAN CT","CHAPEL HILL",NC,27516,1007,"",BRENDAN,"",CT,"","","CHAPEL HILL",NC,27516,53,FEMALE,CARRBORO,"50TH HOUSE","HOGAN FARMS","CHAPEL HILL",DEMOCRATIC,WHITE,ACTIVE
MARCO,"MARCO, LINDA L","8103 N HOUND CT","CHAPEL HILL",NC,27516,8103,N,HOUND,"",CT,"","","CHAPEL HILL",NC,27516,56,FEMALE,CARRBORO,"50TH HOUSE","HOGAN FARMS","CHAPEL HILL",DEMOCRATIC,WHITE,ACTIVE
MATEER,"MATEER, JEFFREY REHR","2008 WHITMORE CIR","CHAPEL HILL",NC,27516,2008,"",WHITMORE,"",CIR,"","","CHAPEL HILL",NC,27516,45,MALE,CARRBORO,"50TH HOUSE","HOGAN FARMS","CHAPEL HILL",REPUBLICAN,WHITE,ACTIVE
MATEER,"MATEER, MARY MACKINSON","2008 WHITMORE CIR","CHAPEL HILL",NC,27516,2008,"",WHITMORE,"",CIR,"","","CHAPEL HILL",NC,27516,47,FEMALE,CARRBORO,"50TH HOUSE","HOGAN FARMS","CHAPEL HILL",UNAFFILIATED,WHITE,ACTIVE
MAZZOLA,"MAZZOLA, JAMES MICHAEL","1003 BRENDAN CT","CHAPEL HILL",NC,27516,1003,"",BRENDAN,"",CT,"","","CHAPEL HILL",NC,27516,50,MALE,CARRBORO,"50TH HOUSE","HOGAN FARMS","CHAPEL HILL",REPUBLICAN,WHITE,ACTIVE
MCCARTHY,"MCCARTHY, LAUREN ANN","8112 KIT LN","CHAPEL HILL",NC,27516,8112,"",KIT,"",LN,"","","CHAPEL HILL",NC,27516,19,FEMALE,CARRBORO,"50TH HOUSE","HOGAN FARMS","CHAPEL HILL",UNAFFILIATED,WHITE,ACTIVE
MCCARTHY,"MCCARTHY, MARCUS DAVID","8112 KIT LN","CHAPEL HILL",NC,27516,8112,"",KIT,"",LN,"","","CHAPEL HILL",NC,27516,18,MALE,CARRBORO,"50TH HOUSE","HOGAN FARMS","CHAPEL HILL",UNAFFILIATED,WHITE,ACTIVE
MCCARTHY,"MCCARTHY, MARY HELEN","8112 KIT LN","CHAPEL HILL",NC,27516,8112,"",KIT,"",LN,"","","CHAPEL HILL",NC,27516,45,FEMALE,CARRBORO,"50TH HOUSE","HOGAN FARMS","CHAPEL HILL",DEMOCRATIC,WHITE,ACTIVE
MCCARTHY,"MCCARTHY, MATTHEW JAMES","8112 KIT LN","CHAPEL HILL",NC,27516,8112,"",KIT,"",LN,"","","CHAPEL HILL",NC,27516,45,MALE,CARRBORO,"50TH HOUSE","HOGAN FARMS","CHAPEL HILL",UNAFFILIATED,WHITE,ACTIVE
MCCLUSKEY,"MCCLUSKEY, LINDA CROSBY","8201 S HOUND CT","CHAPEL HILL",NC,27516,8201,S,HOUND,"",CT,"","","CHAPEL HILL",NC,27516,54,FEMALE,CARRBORO,"50TH HOUSE","HOGAN FARMS","CHAPEL HILL",UNAFFILIATED,WHITE,ACTIVE
MCHALE,"MCHALE, AARON JAMES","8100 KIT LN","CHAPEL HILL",NC,27516,8100,"",KIT,"",LN,"","","CHAPEL HILL",NC,27516,22,MALE,CARRBORO,"50TH HOUSE","HOGAN FARMS","CHAPEL HILL",UNAFFILIATED,WHITE,ACTIVE
MCHALE,"MCHALE, JAMES H JR","8100 KIT LN","CHAPEL HILL",NC,27516,8100,"",KIT,"",LN,"","","CHAPEL HILL",NC,27516,51,MALE,CARRBORO,"50TH HOUSE","HOGAN FARMS","CHAPEL HILL",DEMOCRATIC,WHITE,ACTIVE
MCHALE,"MCHALE, TAMMY J","8100 KIT LN","CHAPEL HILL",NC,27516,8100,"",KIT,"",LN,"","","CHAPEL HILL",NC,27516,46,FEMALE,CARRBORO,"50TH HOUSE","HOGAN FARMS","CHAPEL HILL",DEMOCRATIC,WHITE,ACTIVE
MCKEON,"MCKEON, KELLY JOHN","1002 BRENDAN CT","CHAPEL HILL",NC,27516,1002,"",BRENDAN,"",CT,"","","CHAPEL HILL",NC,27516,45,MALE,CARRBORO,"50TH HOUSE","HOGAN FARMS","CHAPEL HILL",REPUBLICAN,WHITE,ACTIVE
MCKEON,"MCKEON, LYNN M","1002 BRENDAN CT","CHAPEL HILL",NC,27516,1002,"",BRENDAN,"",CT,"","","CHAPEL HILL",NC,27516,44,FEMALE,CARRBORO,"50TH HOUSE","HOGAN FARMS","CHAPEL HILL",REPUBLICAN,WHITE,ACTIVE
MCMASTER,"MCMASTER, MELINDA KAY","3008 STAFFIELD LN","CHAPEL HILL",NC,27516,3008,"",STAFFIELD,"",LN,"","","CHAPEL HILL",NC,27516,49,FEMALE,CARRBORO,"50TH HOUSE","HOGAN FARMS","CHAPEL HILL",REPUBLICAN,WHITE,ACTIVE
MEARDON,"MEARDON, KENNETH ROBERT","1008 BUGLE CT","CHAPEL HILL",NC,27516,1008,"",BUGLE,"",CT,"","","CHAPEL HILL",NC,27516,55,MALE,CARRBORO,"50TH HOUSE","HOGAN FARMS","CHAPEL HILL",DEMOCRATIC,WHITE,ACTIVE
MILLER,"MILLER, MARTHA GREENBERG","1005 BRACE LN","CHAPEL HILL",NC,27516,1005,"",BRACE,"",LN,"","","CHAPEL HILL",NC,27516,59,FEMALE,CARRBORO,"50TH HOUSE","HOGAN FARMS","CHAPEL HILL",UNAFFILIATED,WHITE,ACTIVE
MIMMACK,"MIMMACK, ROBERTA BURKS","1509 TALLYHO TRL","CHAPEL HILL",NC,27516,1509,"",TALLYHO,"",TRL,"","","CHAPEL HILL",NC,27516,39,FEMALE,CARRBORO,"50TH HOUSE","HOGAN FARMS","CHAPEL HILL",DEMOCRATIC,WHITE,ACTIVE
MINTON,"MINTON, LAURA ELIZABETH","8202 REYNARD RD","CHAPEL HILL",NC,27516,8202,"",REYNARD,"",RD,"","","CHAPEL HILL",NC,27516,21,FEMALE,CARRBORO,"50TH HOUSE","HOGAN FARMS","CHAPEL HILL",REPUBLICAN,WHITE,ACTIVE
MINTON,"MINTON, WILLIAM LEE JR","8202 REYNARD RD","CHAPEL HILL",NC,27516,8202,"",REYNARD,"",RD,"","","CHAPEL HILL",NC,27516,53,MALE,CARRBORO,"50TH HOUSE","HOGAN FARMS","CHAPEL HILL",DEMOCRATIC,WHITE,ACTIVE
MOODY,"MOODY, BRADLEY KEITH","2004 WHITMORE CIR","CHAPEL HILL",NC,27516,2004,"",WHITMORE,"",CIR,"","","CHAPEL HILL",NC,27516,45,MALE,CARRBORO,"50TH HOUSE","HOGAN FARMS","CHAPEL HILL",REPUBLICAN,WHITE,ACTIVE
MOODY,"MOODY, CHELSEA GREY","2004 WHITMORE CIR","CHAPEL HILL",NC,27516,2004,"",WHITMORE,"",CIR,"","","CHAPEL HILL",NC,27516,18,FEMALE,CARRBORO,"50TH HOUSE","HOGAN FARMS","CHAPEL HILL",REPUBLICAN,WHITE,ACTIVE
MOODY,"MOODY, ELIZABETH PAIGE","2004 WHITMORE CIR","CHAPEL HILL",NC,27516,2004,"",WHITMORE,"",CIR,"","","CHAPEL HILL",NC,27516,45,FEMALE,CARRBORO,"50TH HOUSE","HOGAN FARMS","CHAPEL HILL",REPUBLICAN,WHITE,ACTIVE
MOONEY,"MOONEY, PHILIP MARK","1015 BUGLE CT","CHAPEL HILL",NC,27516,1015,"",BUGLE,"",CT,"","","CHAPEL HILL",NC,27516,32,MALE,CARRBORO,"50TH HOUSE","HOGAN FARMS","CHAPEL HILL",REPUBLICAN,WHITE,ACTIVE
MORAN,"MORAN, DANIEL RICHARD","1605 TALLYHO TRL","CHAPEL HILL",NC,27516,1605,"",TALLYHO,"",TRL,"","","CHAPEL HILL",NC,27516,58,MALE,CARRBORO,"50TH HOUSE","HOGAN FARMS","CHAPEL HILL",UNAFFILIATED,WHITE,INACTIVE
MORAN,"MORAN, DOREEN ANN","1605 TALLYHO TRL","CHAPEL HILL",NC,27516,1605,"",TALLYHO,"",TRL,"","","CHAPEL HILL",NC,27516,56,FEMALE,CARRBORO,"50TH HOUSE","HOGAN FARMS","CHAPEL HILL",REPUBLICAN,WHITE,INACTIVE
MORAN,"MORAN, PATRICK STUART","PO BOX 16421","CHAPEL HILL",NC,27516,1605,"",TALLYHO,"",TRL,"","","CHAPEL HILL",NC,27516,21,MALE,CARRBORO,"50TH HOUSE","HOGAN FARMS","CHAPEL HILL",REPUBLICAN,WHITE,ACTIVE
MORAN,"MORAN, TAYLOR JOSEPH","PO BOX 16421","CHAPEL HILL",NC,27516,1605,"",TALLYHO,"",TRL,"","","CHAPEL HILL",NC,27516,27,MALE,CARRBORO,"50TH HOUSE","HOGAN FARMS","CHAPEL HILL",REPUBLICAN,WHITE,ACTIVE
MOUW,"MOUW, MARY SHERWYN","1006 BRACE LN","CHAPEL HILL",NC,27516,1006,"",BRACE,"",LN,"","","CHAPEL HILL",NC,27516,39,FEMALE,CARRBORO,"50TH HOUSE","HOGAN FARMS","CHAPEL HILL",DEMOCRATIC,WHITE,ACTIVE
MOUW,"MOUW, THEODORE DIRK","1006 BRACE LN","CHAPEL HILL",NC,27516,1006,"",BRACE,"",LN,"","","CHAPEL HILL",NC,27516,38,MALE,CARRBORO,"50TH HOUSE","HOGAN FARMS","CHAPEL HILL",DEMOCRATIC,WHITE,ACTIVE
MULNICK,"MULNICK, MARY BELLA","1705 TALLYHO TRL","CHAPEL HILL",NC,27516,1705,"",TALLYHO,"",TRL,"","","CHAPEL HILL",NC,27516,51,FEMALE,CARRBORO,"50TH HOUSE","HOGAN FARMS","CHAPEL HILL",DEMOCRATIC,WHITE,ACTIVE
NAFTOLOWITZ,"NAFTOLOWITZ, DAVID F","918 TALLYHO TRL","CHAPEL HILL",NC,27516,918,"",TALLYHO,"",TRL,"","","CHAPEL HILL",NC,27516,48,MALE,CARRBORO,"50TH HOUSE","HOGAN FARMS","CHAPEL HILL",REPUBLICAN,WHITE,ACTIVE
NAFTOLOWITZ,"NAFTOLOWITZ, ERICA LYNN","918 TALLYHO TRL","CHAPEL HILL",NC,27516,918,"",TALLYHO,"",TRL,"","","CHAPEL HILL",NC,27516,20,FEMALE,CARRBORO,"50TH HOUSE","HOGAN FARMS","CHAPEL HILL",REPUBLICAN,WHITE,ACTIVE
NAGER,"NAGER, THOMAS DWIGHT","8122 REYNARD RD","CHAPEL HILL",NC,27516,8122,"",REYNARD,"",RD,"","","CHAPEL HILL",NC,27516,41,MALE,CARRBORO,"50TH HOUSE","HOGAN FARMS","CHAPEL HILL",UNAFFILIATED,WHITE,ACTIVE
NOUR,"NOUR, EL SAYED","2006 WHITMORE CIR","CHAPEL HILL",NC,27516,2006,"",WHITMORE,"",CIR,"","","CHAPEL HILL",NC,27516,60,MALE,CARRBORO,"50TH HOUSE","HOGAN FARMS","CHAPEL HILL",DEMOCRATIC,OTHER,ACTIVE
NOUR,"NOUR, MARTYVONNE MORTON","2006 WHITMORE CIR","CHAPEL HILL",NC,27516,2006,"",WHITMORE,"",CIR,"","","CHAPEL HILL",NC,27516,55,FEMALE,CARRBORO,"50TH HOUSE","HOGAN FARMS","CHAPEL HILL",DEMOCRATIC,WHITE,ACTIVE
NOUR,"NOUR, SARA MORTON","2006 WHITMORE CIR","CHAPEL HILL",NC,27516,2006,"",WHITMORE,"",CIR,"","","CHAPEL HILL",NC,27516,18,FEMALE,CARRBORO,"50TH HOUSE","HOGAN FARMS","CHAPEL HILL",DEMOCRATIC,OTHER,ACTIVE
PECK,"PECK, STEPHEN DARWIN","8124 N HOUND CT","CHAPEL HILL",NC,27516,8124,N,HOUND,"",CT,"","","CHAPEL HILL",NC,27516,56,MALE,CARRBORO,"50TH HOUSE","HOGAN FARMS","CHAPEL HILL",DEMOCRATIC,WHITE,ACTIVE
PECKHAM,"PECKHAM, SAMANTHA J","2000 STAFFIELD LN","CHAPEL HILL",NC,27516,2000,"",STAFFIELD,"",LN,"","","CHAPEL HILL",NC,27516,19,FEMALE,CARRBORO,"50TH HOUSE","HOGAN FARMS","CHAPEL HILL",REPUBLICAN,WHITE,ACTIVE
PENDLETON,"PENDLETON, BOBBI DANIEL","2000 STAFFIELD LN","CHAPEL HILL",NC,27516,2000,"",STAFFIELD,"",LN,"","","CHAPEL HILL",NC,27516,47,FEMALE,CARRBORO,"50TH HOUSE","HOGAN FARMS","CHAPEL HILL",REPUBLICAN,WHITE,ACTIVE
PENDLETON,"PENDLETON, RONALD ALLEN","2000 STAFFIELD LN","CHAPEL HILL",NC,27516,2000,"",STAFFIELD,"",LN,"","","CHAPEL HILL",NC,27516,51,MALE,CARRBORO,"50TH HOUSE","HOGAN FARMS","CHAPEL HILL",DEMOCRATIC,WHITE,ACTIVE
PEREZ,"PEREZ, GUSTAVO","1114 TALLYHO TRL","CHAPEL HILL",NC,27516,1114,"",TALLYHO,"",TRL,"","","CHAPEL HILL",NC,27516,58,MALE,CARRBORO,"50TH HOUSE","HOGAN FARMS","CHAPEL HILL",UNAFFILIATED,WHITE,ACTIVE
PEREZ,"PEREZ, MARY ANNE","1114 TALLYHO TRL","CHAPEL HILL",NC,27516,1114,"",TALLYHO,"",TRL,"","","CHAPEL HILL",NC,27516,59,FEMALE,CARRBORO,"50TH HOUSE","HOGAN FARMS","CHAPEL HILL",REPUBLICAN,WHITE,ACTIVE
PETERSON,"PETERSON, THOMAS EDWARD","8103 N HOUND CT","CHAPEL HILL",NC,27516,8103,N,HOUND,"",CT,"","","CHAPEL HILL",NC,27516,56,MALE,CARRBORO,"50TH HOUSE","HOGAN FARMS","CHAPEL HILL",DEMOCRATIC,WHITE,ACTIVE
PETTY,"PETTY, JANET FOUNTAIN","1001 BRACE LN","CHAPEL HILL",NC,27516,1001,"",BRACE,"",LN,"","","CHAPEL HILL",NC,27516,52,FEMALE,CARRBORO,"50TH HOUSE","HOGAN FARMS","CHAPEL HILL",DEMOCRATIC,WHITE,ACTIVE
PETTY,"PETTY, KRYSTA ALLISON","1001 BRACE LN","CHAPEL HILL",NC,27516,1001,"",BRACE,"",LN,"","","CHAPEL HILL",NC,27516,21,FEMALE,CARRBORO,"50TH HOUSE","HOGAN FARMS","CHAPEL HILL",DEMOCRATIC,WHITE,ACTIVE
PETTY,"PETTY, TASHA","1001 BRACE LN","CHAPEL HILL",NC,27516,1001,"",BRACE,"",LN,"","","CHAPEL HILL",NC,27516,24,FEMALE,CARRBORO,"50TH HOUSE","HOGAN FARMS","CHAPEL HILL",UNAFFILIATED,WHITE,ACTIVE
PHELAN,"PHELAN, JANINE M","1310 TALLYHO TRL","CHAPEL HILL",NC,27516,1310,"",TALLYHO,"",TRL,"","","CHAPEL HILL",NC,27516,33,FEMALE,CARRBORO,"50TH HOUSE","HOGAN FARMS","CHAPEL HILL",UNAFFILIATED,WHITE,ACTIVE
PLOGHOFT,"PLOGHOFT, ANNA MARIE","8212 HUNTSMAN CT","CHAPEL HILL",NC,27516,8212,"",HUNTSMAN,"",CT,"","","CHAPEL HILL",NC,27516,19,FEMALE,CARRBORO,"50TH HOUSE","HOGAN FARMS","CHAPEL HILL",UNAFFILIATED,WHITE,ACTIVE
PLOGHOFT,"PLOGHOFT, JANET ALEXANDER","8212 HUNTSMAN CT","CHAPEL HILL",NC,27516,8212,"",HUNTSMAN,"",CT,"","","CHAPEL HILL",NC,27516,53,FEMALE,CARRBORO,"50TH HOUSE","HOGAN FARMS","CHAPEL HILL",UNAFFILIATED,WHITE,ACTIVE
PLOGHOFT,"PLOGHOFT, KATIE E","8212 HUNTSMAN CT","CHAPEL HILL",NC,27516,8212,"",HUNTSMAN,"",CT,"","","CHAPEL HILL",NC,27516,25,FEMALE,CARRBORO,"50TH HOUSE","HOGAN FARMS","CHAPEL HILL",UNAFFILIATED,WHITE,ACTIVE
PROSSICK-SCHIRMER,"PROSSICK-SCHIRMER, ANDREA LYNN","3000 STAFFIELD LN","CHAPEL HILL",NC,27516,3000,"",STAFFIELD,"",LN,"","","CHAPEL HILL",NC,27516,46,FEMALE,CARRBORO,"50TH HOUSE","HOGAN FARMS","CHAPEL HILL",DEMOCRATIC,WHITE,ACTIVE
PUDIK,"PUDIK, LINDA MARIE","1006 STAFFIELD LN","CHAPEL HILL",NC,27516,1006,"",STAFFIELD,"",LN,"","","CHAPEL HILL",NC,27516,45,FEMALE,CARRBORO,"50TH HOUSE","HOGAN FARMS","CHAPEL HILL",DEMOCRATIC,WHITE,ACTIVE
PUDIK,"PUDIK, MICHAEL THOMAS","1006 STAFFIELD LN","CHAPEL HILL",NC,27516,1006,"",STAFFIELD,"",LN,"","","CHAPEL HILL",NC,27516,48,MALE,CARRBORO,"50TH HOUSE","HOGAN FARMS","CHAPEL HILL",UNAFFILIATED,WHITE,ACTIVE
RING,"RING, JOHN IRVIN","8223 HUNTSMAN CT","CHAPEL HILL",NC,27516,8223,"",HUNTSMAN,"",CT,"","","CHAPEL HILL",NC,27516,38,MALE,CARRBORO,"50TH HOUSE","HOGAN FARMS","CHAPEL HILL",REPUBLICAN,WHITE,ACTIVE
RING,"RING, KIMBERLY BOOMER","8223 HUNTSMAN CT","CHAPEL HILL",NC,27516,8223,"",HUNTSMAN,"",CT,"","","CHAPEL HILL",NC,27516,37,FEMALE,CARRBORO,"50TH HOUSE","HOGAN FARMS","CHAPEL HILL",UNAFFILIATED,WHITE,ACTIVE
RUDO,"RUDO, JEAN HOYLE","1005 BRENDAN CT","CHAPEL HILL",NC,27516,1005,"",BRENDAN,"",CT,"","","CHAPEL HILL",NC,27516,48,FEMALE,CARRBORO,"50TH HOUSE","HOGAN FARMS","CHAPEL HILL",DEMOCRATIC,WHITE,ACTIVE
RUDO,"RUDO, KENNETH MARK","1005 BRENDAN CT","CHAPEL HILL",NC,27516,1005,"",BRENDAN,"",CT,"","","CHAPEL HILL",NC,27516,51,MALE,CARRBORO,"50TH HOUSE","HOGAN FARMS","CHAPEL HILL",DEMOCRATIC,WHITE,ACTIVE
SAWIN,"SAWIN, PATRICIA ELIZABETH","8222 HUNTSMAN CT","CHAPEL HILL",NC,27516,8222,"",HUNTSMAN,"",CT,"","","CHAPEL HILL",NC,27516,50,FEMALE,CARRBORO,"50TH HOUSE","HOGAN FARMS","CHAPEL HILL",DEMOCRATIC,WHITE,ACTIVE
SCHENK,"SCHENK, FRED WILLIAM IV","8108 N HOUND CT","CHAPEL HILL",NC,27516,8108,N,HOUND,"",CT,"","","CHAPEL HILL",NC,27516,45,MALE,CARRBORO,"50TH HOUSE","HOGAN FARMS","CHAPEL HILL",UNAFFILIATED,WHITE,ACTIVE
SCHENK,"SCHENK, TERESE H","8108 N HOUND CT","CHAPEL HILL",NC,27516,8108,N,HOUND,"",CT,"","","CHAPEL HILL",NC,27516,44,FEMALE,CARRBORO,"50TH HOUSE","HOGAN FARMS","CHAPEL HILL",REPUBLICAN,WHITE,ACTIVE
SCHILE,"SCHILE, COURTNEY ELIZABETHGRAY","8216 S HOUND CT","CHAPEL HILL",NC,27516,8216,S,HOUND,"",CT,"","","CHAPEL HILL",NC,27516,28,FEMALE,CARRBORO,"50TH HOUSE","HOGAN FARMS","CHAPEL HILL",UNAFFILIATED,WHITE,ACTIVE
SCHILE,"SCHILE, DAVID PAUL JR","8216 S HOUND CT","CHAPEL HILL",NC,27516,8216,S,HOUND,"",CT,"","","CHAPEL HILL",NC,27516,30,MALE,CARRBORO,"50TH HOUSE","HOGAN FARMS","CHAPEL HILL",UNAFFILIATED,WHITE,ACTIVE
SCHIRMER,"SCHIRMER, MARK LEO","3000 STAFFIELD LN","CHAPEL HILL",NC,27516,3000,"",STAFFIELD,"",LN,"","","CHAPEL HILL",NC,27516,47,MALE,CARRBORO,"50TH HOUSE","HOGAN FARMS","CHAPEL HILL",DEMOCRATIC,WHITE,ACTIVE
SEES,"SEES, DONNA KAY","8108 N HOUND CT","CHAPEL HILL",NC,27516,8108,N,HOUND,"",CT,"","","CHAPEL HILL",NC,27516,44,FEMALE,CARRBORO,"50TH HOUSE","HOGAN FARMS","CHAPEL HILL",DEMOCRATIC,WHITE,ACTIVE
SHELTON,"SHELTON, ESTHER MARIE","1001 BRENDAN CT","CHAPEL HILL",NC,27516,1001,"",BRENDAN,"",CT,"","","CHAPEL HILL",NC,27516,55,FEMALE,CARRBORO,"50TH HOUSE","HOGAN FARMS","CHAPEL HILL",DEMOCRATIC,"BLACK or AFRICAN AMERICAN",ACTIVE
SHMUELI,"SHMUELI, MARY ANN","1311 TALLYHO TRL","CHAPEL HILL",NC,27516,1311,"",TALLYHO,"",TRL,"","","CHAPEL HILL",NC,27516,48,FEMALE,CARRBORO,"50TH HOUSE","HOGAN FARMS","CHAPEL HILL",UNAFFILIATED,WHITE,ACTIVE
SHMUELI,"SHMUELI, SHIMON","1311 TALLYHO TRL","CHAPEL HILL",NC,27516,1311,"",TALLYHO,"",TRL,"","","CHAPEL HILL",NC,27516,49,MALE,CARRBORO,"50TH HOUSE","HOGAN FARMS","CHAPEL HILL",UNAFFILIATED,WHITE,ACTIVE
SINGER,"SINGER, LEONARD  JR","8111 REYNARD RD","CHAPEL HILL",NC,27516,8111,"",REYNARD,"",RD,"","","CHAPEL HILL",NC,27516,38,MALE,CARRBORO,"50TH HOUSE","HOGAN FARMS","CHAPEL HILL",UNAFFILIATED,WHITE,ACTIVE
SKINNER,"SKINNER, BRON D","8222 HUNTSMAN CT","CHAPEL HILL",NC,27516,8222,"",HUNTSMAN,"",CT,"","","CHAPEL HILL",NC,27516,64,MALE,CARRBORO,"50TH HOUSE","HOGAN FARMS","CHAPEL HILL",DEMOCRATIC,WHITE,ACTIVE
SLEATH,"SLEATH, BETSY LYNN","1208 TALLYHO TRL","CHAPEL HILL",NC,27516,1208,"",TALLYHO,"",TRL,"","","CHAPEL HILL",NC,27516,42,FEMALE,CARRBORO,"50TH HOUSE","HOGAN FARMS","CHAPEL HILL",DEMOCRATIC,WHITE,ACTIVE
SNOVER,"SNOVER, DORETTE ELLEN","1002 BRACE LN","CHAPEL HILL",NC,27516,1002,"",BRACE,"",LN,"","","CHAPEL HILL",NC,27516,51,FEMALE,CARRBORO,"50TH HOUSE","HOGAN FARMS","CHAPEL HILL",DEMOCRATIC,WHITE,ACTIVE
SNOVER,"SNOVER, JARYD LEE","1002 BRACE LN","CHAPEL HILL",NC,27516,1002,"",BRACE,"",LN,"","","CHAPEL HILL",NC,27516,18,MALE,CARRBORO,"50TH HOUSE","HOGAN FARMS","CHAPEL HILL",DEMOCRATIC,WHITE,ACTIVE
SNOVER,"SNOVER, RICHARD LEE","1002 BRACE LN","CHAPEL HILL",NC,27516,1002,"",BRACE,"",LN,"","","CHAPEL HILL",NC,27516,49,MALE,CARRBORO,"50TH HOUSE","HOGAN FARMS","CHAPEL HILL",UNAFFILIATED,WHITE,ACTIVE
SOLOW,"SOLOW, CHERYLANN C","3004 STAFFIELD LN","CHAPEL HILL",NC,27516,3004,"",STAFFIELD,"",LN,"","","CHAPEL HILL",NC,27516,47,FEMALE,CARRBORO,"50TH HOUSE","HOGAN FARMS","CHAPEL HILL",DEMOCRATIC,UNDESIGNATED,ACTIVE
SOLOW,"SOLOW, DOUGLAS CRAIG","3004 STAFFIELD LN","CHAPEL HILL",NC,27516,3004,"",STAFFIELD,"",LN,"","","CHAPEL HILL",NC,27516,49,MALE,CARRBORO,"50TH HOUSE","HOGAN FARMS","CHAPEL HILL",DEMOCRATIC,UNDESIGNATED,ACTIVE
SOMBATI,"SOMBATI, STEVEN EDWARD","8124 N HOUND CT","CHAPEL HILL",NC,27516,8124,N,HOUND,"",CT,"","","CHAPEL HILL",NC,27516,28,MALE,CARRBORO,"50TH HOUSE","HOGAN FARMS","CHAPEL HILL",UNAFFILIATED,WHITE,ACTIVE
STADLER,"STADLER, GARY L","1403 TALLYHO TRL","CHAPEL HILL",NC,27516,1403,"",TALLYHO,"",TRL,"","","CHAPEL HILL",NC,27516,54,MALE,CARRBORO,"50TH HOUSE","HOGAN FARMS","CHAPEL HILL",DEMOCRATIC,WHITE,ACTIVE
STADLER,"STADLER, STEPHANIE CLONINGER","1403 TALLYHO TRL","CHAPEL HILL",NC,27516,1403,"",TALLYHO,"",TRL,"","","CHAPEL HILL",NC,27516,55,FEMALE,CARRBORO,"50TH HOUSE","HOGAN FARMS","CHAPEL HILL",DEMOCRATIC,WHITE,ACTIVE
STEMPER,"STEMPER, ALICIA LYNN","8107 KIT LN","CHAPEL HILL",NC,27516,8107,"",KIT,"",LN,"","","CHAPEL HILL",NC,27516,44,FEMALE,CARRBORO,"50TH HOUSE","HOGAN FARMS","CHAPEL HILL",DEMOCRATIC,WHITE,ACTIVE
STINNETT,"STINNETT, AMY JO","1015 BUGLE CT","CHAPEL HILL",NC,27516,1015,"",BUGLE,"",CT,"","","CHAPEL HILL",NC,27516,32,FEMALE,CARRBORO,"50TH HOUSE","HOGAN FARMS","CHAPEL HILL",REPUBLICAN,WHITE,INACTIVE
STODDARD,"STODDARD, JAN A","903 TALLYHO TRL","CHAPEL HILL",NC,27516,903,"",TALLYHO,"",TRL,"","","CHAPEL HILL",NC,27516,47,FEMALE,CARRBORO,"50TH HOUSE","HOGAN FARMS","CHAPEL HILL",REPUBLICAN,WHITE,ACTIVE
STODDARD,"STODDARD, JEFFERY BRYAN","903 TALLYHO TRL","CHAPEL HILL",NC,27516,903,"",TALLYHO,"",TRL,"","","CHAPEL HILL",NC,27516,49,MALE,CARRBORO,"50TH HOUSE","HOGAN FARMS","CHAPEL HILL",REPUBLICAN,WHITE,ACTIVE
STOUDER,"STOUDER, APRIL LOEHMER","8108 REYNARD RD","CHAPEL HILL",NC,27516,8108,"",REYNARD,"",RD,"","","CHAPEL HILL",NC,27516,31,FEMALE,CARRBORO,"50TH HOUSE","HOGAN FARMS","CHAPEL HILL",DEMOCRATIC,WHITE,ACTIVE
STOUDER,"STOUDER, KEITH EUGENE","8108 REYNARD RD","CHAPEL HILL",NC,27516,8108,"",REYNARD,"",RD,"","","CHAPEL HILL",NC,27516,37,MALE,CARRBORO,"50TH HOUSE","HOGAN FARMS","CHAPEL HILL",UNAFFILIATED,WHITE,ACTIVE
STOUMEN,"STOUMEN, ALAN LEE","904 TALLYHO TRL","CHAPEL HILL",NC,27516,904,"",TALLYHO,"",TRL,"","","CHAPEL HILL",NC,27516,44,MALE,CARRBORO,"50TH HOUSE","HOGAN FARMS","CHAPEL HILL",DEMOCRATIC,WHITE,ACTIVE
STROTHER,"STROTHER, GRAHAM IVES","1703 TALLYHO TRL","CHAPEL HILL",NC,27516,1703,"",TALLYHO,"",TRL,"","","CHAPEL HILL",NC,27516,23,MALE,CARRBORO,"50TH HOUSE","HOGAN FARMS","CHAPEL HILL",UNAFFILIATED,WHITE,ACTIVE
STROTHER,"STROTHER, MARILYN ORMSBEE","1703 TALLYHO TRL","CHAPEL HILL",NC,27516,1703,"",TALLYHO,"",TRL,"","","CHAPEL HILL",NC,27516,56,FEMALE,CARRBORO,"50TH HOUSE","HOGAN FARMS","CHAPEL HILL",UNAFFILIATED,WHITE,ACTIVE
STROTHER,"STROTHER, NELSON BERNARD","PO BOX 17222","CHAPEL HILL",NC,27516,1703,"",TALLYHO,"",TRL,"","","CHAPEL HILL",NC,27516,50,MALE,CARRBORO,"50TH HOUSE","HOGAN FARMS","CHAPEL HILL",UNAFFILIATED,WHITE,ACTIVE
STROTHER,"STROTHER, RAEFORD JET","1703 TALLYHO TRL","CHAPEL HILL",NC,27516,1703,"",TALLYHO,"",TRL,"","","CHAPEL HILL",NC,27516,20,FEMALE,CARRBORO,"50TH HOUSE","HOGAN FARMS","CHAPEL HILL",UNAFFILIATED,WHITE,ACTIVE
SU,"SU, LISHAN","2003 WHITMORE CIR","CHAPEL HILL",NC,27516,2003,"",WHITMORE,"",CIR,"","","CHAPEL HILL",NC,27516,47,MALE,CARRBORO,"50TH HOUSE","HOGAN FARMS","CHAPEL HILL",DEMOCRATIC,OTHER,ACTIVE
SURRATT,"SURRATT, JONATHAN WILLIAM","1208 TALLYHO TRL","CHAPEL HILL",NC,27516,1208,"",TALLYHO,"",TRL,"","","CHAPEL HILL",NC,27516,32,MALE,CARRBORO,"50TH HOUSE","HOGAN FARMS","CHAPEL HILL",REPUBLICAN,WHITE,INACTIVE
SURRATT,"SURRATT, ROBIN CHILTON","1208 TALLYHO TRL","CHAPEL HILL",NC,27516,1208,"",TALLYHO,"",TRL,"","","CHAPEL HILL",NC,27516,31,FEMALE,CARRBORO,"50TH HOUSE","HOGAN FARMS","CHAPEL HILL",DEMOCRATIC,WHITE,INACTIVE
TAFT,"TAFT, ANN MICHELLE","8220 HUNTSMAN CT","CHAPEL HILL",NC,27516,8220,"",HUNTSMAN,"",CT,"","","CHAPEL HILL",NC,27516,48,FEMALE,CARRBORO,"50TH HOUSE","HOGAN FARMS","CHAPEL HILL",DEMOCRATIC,OTHER,ACTIVE
THOMAS,"THOMAS, JESSICA LEIGH","2007 WHITMORE CIR","CHAPEL HILL",NC,27516,2007,"",WHITMORE,"",CIR,"","","CHAPEL HILL",NC,27516,19,FEMALE,CARRBORO,"50TH HOUSE","HOGAN FARMS","CHAPEL HILL",REPUBLICAN,WHITE,ACTIVE
THOMAS,"THOMAS, KATHRYN JEAN","1415 TALLYHO TRL","CHAPEL HILL",NC,27516,1415,"",TALLYHO,"",TRL,"","","CHAPEL HILL",NC,27516,50,FEMALE,CARRBORO,"50TH HOUSE","HOGAN FARMS","CHAPEL HILL",DEMOCRATIC,WHITE,ACTIVE
THOMAS,"THOMAS, STEVEN MICHAEL","2007 WHITMORE CIR","CHAPEL HILL",NC,27516,2007,"",WHITMORE,"",CIR,"","","CHAPEL HILL",NC,27516,57,MALE,CARRBORO,"50TH HOUSE","HOGAN FARMS","CHAPEL HILL",REPUBLICAN,WHITE,ACTIVE
THOMAS,"THOMAS, THERESA SENOUR","2007 WHITMORE CIR","CHAPEL HILL",NC,27516,2007,"",WHITMORE,"",CIR,"","","CHAPEL HILL",NC,27516,51,FEMALE,CARRBORO,"50TH HOUSE","HOGAN FARMS","CHAPEL HILL",REPUBLICAN,WHITE,ACTIVE
TUCKER,"TUCKER, DARRELL EDDY","1109 TALLYHO TRL","CHAPEL HILL",NC,27516,1109,"",TALLYHO,"",TRL,"","","CHAPEL HILL",NC,27516,49,MALE,CARRBORO,"50TH HOUSE","HOGAN FARMS","CHAPEL HILL",DEMOCRATIC,WHITE,ACTIVE
TUCKER,"TUCKER, JERRY WAYNE","1109 TALLYHO TRL","CHAPEL HILL",NC,27516,1109,"",TALLYHO,"",TRL,"","","CHAPEL HILL",NC,27516,55,MALE,CARRBORO,"50TH HOUSE","HOGAN FARMS","CHAPEL HILL",UNAFFILIATED,WHITE,INACTIVE
TUCKER,"TUCKER, PEGGY JEAN","1109 TALLYHO TRL","CHAPEL HILL",NC,27516,1109,"",TALLYHO,"",TRL,"","","CHAPEL HILL",NC,27516,48,FEMALE,CARRBORO,"50TH HOUSE","HOGAN FARMS","CHAPEL HILL",REPUBLICAN,WHITE,ACTIVE
TUCKER,"TUCKER, WILLIAM ANDREW","1109 TALLYHO TRL","CHAPEL HILL",NC,27516,1109,"",TALLYHO,"",TRL,"","","CHAPEL HILL",NC,27516,22,MALE,CARRBORO,"50TH HOUSE","HOGAN FARMS","CHAPEL HILL",UNAFFILIATED,WHITE,INACTIVE
TULOWIECKI,"TULOWIECKI, JANET B","1503 TALLYHO TRL","CHAPEL HILL",NC,27516,1503,"",TALLYHO,"",TRL,"","","CHAPEL HILL",NC,27516,50,FEMALE,CARRBORO,"50TH HOUSE","HOGAN FARMS","CHAPEL HILL",DEMOCRATIC,WHITE,ACTIVE
TULOWIECKI,"TULOWIECKI, PAUL R","1503 TALLYHO TRL","CHAPEL HILL",NC,27516,1503,"",TALLYHO,"",TRL,"","","CHAPEL HILL",NC,27516,56,MALE,CARRBORO,"50TH HOUSE","HOGAN FARMS","CHAPEL HILL",DEMOCRATIC,WHITE,ACTIVE
"VAN SANT","VAN SANT, LAURA C","8207 REYNARD RD","CHAPEL HILL",NC,27516,8207,"",REYNARD,"",RD,"","","CHAPEL HILL",NC,27516,40,FEMALE,CARRBORO,"50TH HOUSE","HOGAN FARMS","CHAPEL HILL",UNAFFILIATED,WHITE,ACTIVE
VANDERSLICE,"VANDERSLICE, JAMES A","8105 LAIR CT","CHAPEL HILL",NC,27516,8105,"",LAIR,"",CT,"","","CHAPEL HILL",NC,27516,49,MALE,CARRBORO,"50TH HOUSE","HOGAN FARMS","CHAPEL HILL",DEMOCRATIC,WHITE,ACTIVE
"VARGAS DE CONROY","VARGAS DE CONROY, LUCILA DEL CARMEN","1121 TALLYHO TRL","CHAPEL HILL",NC,27516,1121,"",TALLYHO,"",TRL,"","","CHAPEL HILL",NC,27516,53,FEMALE,CARRBORO,"50TH HOUSE","HOGAN FARMS","CHAPEL HILL",DEMOCRATIC,"TWO or MORE RACES",ACTIVE
VINCENT,"VINCENT, PEGGY S","1001 BRENDAN CT","CHAPEL HILL",NC,27516,1001,"",BRENDAN,"",CT,"","","CHAPEL HILL",NC,27516,55,FEMALE,CARRBORO,"50TH HOUSE","HOGAN FARMS","CHAPEL HILL",DEMOCRATIC,WHITE,ACTIVE
WALLEN,"WALLEN, SCOTT L","1319 TALLYHO TRL","CHAPEL HILL",NC,27516,1319,"",TALLYHO,"",TRL,"","","CHAPEL HILL",NC,27516,44,MALE,CARRBORO,"50TH HOUSE","HOGAN FARMS","CHAPEL HILL",UNAFFILIATED,WHITE,ACTIVE
WENZEL,"WENZEL, LAURA KAY","1015 TALLYHO TRL","CHAPEL HILL",NC,27516,1015,"",TALLYHO,"",TRL,"","","CHAPEL HILL",NC,27516,45,FEMALE,CARRBORO,"50TH HOUSE","HOGAN FARMS","CHAPEL HILL",UNAFFILIATED,WHITE,ACTIVE
WERK,"WERK, LYNN GIBBS","8107 N HOUND CT","CHAPEL HILL",NC,27516,8107,N,HOUND,"",CT,"","","CHAPEL HILL",NC,27516,47,FEMALE,CARRBORO,"50TH HOUSE","HOGAN FARMS","CHAPEL HILL",REPUBLICAN,WHITE,ACTIVE
WERK,"WERK, STEPHEN RODGERS","8107 N HOUND CT","CHAPEL HILL",NC,27516,8107,N,HOUND,"",CT,"","","CHAPEL HILL",NC,27516,49,MALE,CARRBORO,"50TH HOUSE","HOGAN FARMS","CHAPEL HILL",REPUBLICAN,WHITE,ACTIVE
WEST,"WEST, DIRK DELMONT","1008 STAFFIELD LN","CHAPEL HILL",NC,27516,1008,"",STAFFIELD,"",LN,"","","CHAPEL HILL",NC,27516,53,MALE,CARRBORO,"50TH HOUSE","HOGAN FARMS","CHAPEL HILL",UNAFFILIATED,WHITE,ACTIVE
WEST,"WEST, LUKE ANDREW","1008 STAFFIELD LN","CHAPEL HILL",NC,27516,1008,"",STAFFIELD,"",LN,"","","CHAPEL HILL",NC,27516,22,MALE,CARRBORO,"50TH HOUSE","HOGAN FARMS","CHAPEL HILL",DEMOCRATIC,WHITE,ACTIVE
WEST,"WEST, SALLIE ZARTMAN","1008 STAFFIELD LN","CHAPEL HILL",NC,27516,1008,"",STAFFIELD,"",LN,"","","CHAPEL HILL",NC,27516,52,FEMALE,CARRBORO,"50TH HOUSE","HOGAN FARMS","CHAPEL HILL",UNAFFILIATED,WHITE,ACTIVE
WEYEL,"WEYEL, DONALD  JR","1311 TALLYHO TRL","CHAPEL HILL",NC,27516,1311,"",TALLYHO,"",TRL,"","","CHAPEL HILL",NC,27516,55,MALE,CARRBORO,"50TH HOUSE","HOGAN FARMS","CHAPEL HILL",UNAFFILIATED,WHITE,ACTIVE
WILBANKS,"WILBANKS, ALYSON M","8101 REYNARD RD","CHAPEL HILL",NC,27516,8101,"",REYNARD,"",RD,"","","CHAPEL HILL",NC,27516,34,FEMALE,CARRBORO,"50TH HOUSE","HOGAN FARMS","CHAPEL HILL",DEMOCRATIC,WHITE,INACTIVE
WILBANKS,"WILBANKS, JOHN THOMPSON","8101 REYNARD RD","CHAPEL HILL",NC,27516,8101,"",REYNARD,"",RD,"","","CHAPEL HILL",NC,27516,34,MALE,CARRBORO,"50TH HOUSE","HOGAN FARMS","CHAPEL HILL",DEMOCRATIC,WHITE,INACTIVE
WILSON,"WILSON, ADRIA RENSI","8122 REYNARD RD","CHAPEL HILL",NC,27516,8122,"",REYNARD,"",RD,"","","CHAPEL HILL",NC,27516,40,FEMALE,CARRBORO,"50TH HOUSE","HOGAN FARMS","CHAPEL HILL",DEMOCRATIC,WHITE,ACTIVE
WILSON,"WILSON, BENJAMIN LOUIS","8122 REYNARD RD","CHAPEL HILL",NC,27516,8122,"",REYNARD,"",RD,"","","CHAPEL HILL",NC,27516,38,MALE,CARRBORO,"50TH HOUSE","HOGAN FARMS","CHAPEL HILL",UNAFFILIATED,WHITE,ACTIVE
WINSTEAD,"WINSTEAD, DEBORAH KAY","1322 TALLYHO TRL","CHAPEL HILL",NC,27516,1322,"",TALLYHO,"",TRL,"","","CHAPEL HILL",NC,27516,57,FEMALE,CARRBORO,"50TH HOUSE","HOGAN FARMS","CHAPEL HILL",DEMOCRATIC,WHITE,ACTIVE
WRIGHT,"WRIGHT, ANDREW C","8211 HUNTSMAN CT","CHAPEL HILL",NC,27516,8211,"",HUNTSMAN,"",CT,"","","CHAPEL HILL",NC,27516,30,MALE,CARRBORO,"50TH HOUSE","HOGAN FARMS","CHAPEL HILL",DEMOCRATIC,WHITE,ACTIVE
WRIGHT,"WRIGHT, BARRY RICHARD","1002 TALLYHO TRL","CHAPEL HILL",NC,27516,1002,"",TALLYHO,"",TRL,"","","CHAPEL HILL",NC,27516,59,MALE,CARRBORO,"50TH HOUSE","HOGAN FARMS","CHAPEL HILL",UNAFFILIATED,WHITE,ACTIVE
WRIGHT,"WRIGHT, DOROTHY LIPSCOMB","8211 HUNTSMAN CT","CHAPEL HILL",NC,27516,8211,"",HUNTSMAN,"",CT,"","","CHAPEL HILL",NC,27516,60,FEMALE,CARRBORO,"50TH HOUSE","HOGAN FARMS","CHAPEL HILL",DEMOCRATIC,WHITE,ACTIVE
XIAO,"XIAO, DANA","1522 TALLYHO TRL","CHAPEL HILL",NC,27516,1522,"",TALLYHO,"",TRL,"","","CHAPEL HILL",NC,27516,48,FEMALE,CARRBORO,"50TH HOUSE","HOGAN FARMS","CHAPEL HILL",UNAFFILIATED,ASIAN,ACTIVE
YAO,"YAO, TSO-PANG","1004 BRENDAN CT","CHAPEL HILL",NC,27516,1004,"",BRENDAN,"",CT,"","","CHAPEL HILL",NC,27516,43,MALE,CARRBORO,"50TH HOUSE","HOGAN FARMS","CHAPEL HILL",UNAFFILIATED,ASIAN,ACTIVE
YOUNG,"YOUNG, MARY JANE","8221 HUNTSMAN CT","CHAPEL HILL",NC,27516,8221,"",HUNTSMAN,"",CT,"","","CHAPEL HILL",NC,27516,79,FEMALE,CARRBORO,"50TH HOUSE","HOGAN FARMS","CHAPEL HILL",REPUBLICAN,WHITE,ACTIVE
YOUNG,"YOUNG, PATRICK LEO","8221 HUNTSMAN CT","CHAPEL HILL",NC,27516,8221,"",HUNTSMAN,"",CT,"","","CHAPEL HILL",NC,27516,48,MALE,CARRBORO,"50TH HOUSE","HOGAN FARMS","CHAPEL HILL",REPUBLICAN,WHITE,ACTIVE
YOUNG-WRIGHT,"YOUNG-WRIGHT, KIM SUZANNE","1002 TALLYHO TRL","CHAPEL HILL",NC,27516,1002,"",TALLYHO,"",TRL,"","","CHAPEL HILL",NC,27516,48,FEMALE,CARRBORO,"50TH HOUSE","HOGAN FARMS","CHAPEL HILL",UNAFFILIATED,WHITE,ACTIVE
ZAVREL,"ZAVREL, ROBERT J","8122 REYNARD RD","CHAPEL HILL",NC,27516,8122,"",REYNARD,"",RD,"","","CHAPEL HILL",NC,27516,56,MALE,CARRBORO,"50TH HOUSE","HOGAN FARMS","CHAPEL HILL",REPUBLICAN,WHITE,INACTIVE
ZURLIENE,"ZURLIENE, GINGER JONES","3003 STAFFIELD LN","CHAPEL HILL",NC,27516,3003,"",STAFFIELD,"",LN,"","","CHAPEL HILL",NC,27516,45,FEMALE,CARRBORO,"50TH HOUSE","HOGAN FARMS","CHAPEL HILL",DEMOCRATIC,WHITE,ACTIVE
ZURLIENE,"ZURLIENE, TIMOTHY JAMES","3003 STAFFIELD LN","CHAPEL HILL",NC,27516,3003,"",STAFFIELD,"",LN,"","","CHAPEL HILL",NC,27516,45,MALE,CARRBORO,"50TH HOUSE","HOGAN FARMS","CHAPEL HILL",DEMOCRATIC,WHITE,ACTIVE
