Ellen Gratch Abrams,1014 Bugle Ct,Chapel Hill NC 27516
Nancy Lynn Agnew,1203 Tallyho Trl,Chapel Hill NC 27516
Marco Aleman,106 Bay View Dr,Chapel Hill NC 27516
Ebony Marie Allen,7803 Rogers Rd,Chapel Hill NC 27516
James Murdis Allen Sr,7803 Rogers Rd,Chapel Hill NC 27516
Patricia Ann Allen,7803 Rogers Rd,Chapel Hill NC 27516
Kenneth T Andrews,124 South Fields Cir,Chapel Hill NC 27516
Anne Marie Ardica,230 Towne Ridge Ln,Chapel Hill NC 27516
Dena Carver Armstrong,305 Jewell Dr,Chapel Hill NC 27516
Don Michael Armstrong,305 Jewell Dr,Chapel Hill NC 27516
Rebecca Perkins Arnold,114 Hogan Ridge Ct,Chapel Hill NC 27516
Todd Graham Arnold,114 Hogan Ridge Ct,Chapel Hill NC 27516
Perry Joseph Baptiste,114 Jones Creek Pl,Chapel Hill NC 27516
Jill Julia Baron,416 Hogan Woods Cir,Chapel Hill NC 27516
Emmanuel L Bateson,8105 Lair Ct,Chapel Hill NC 27516
James Thomas Bateson,8105 Lair Ct,Chapel Hill NC 27516
Rosalie Ellis Bateson,8105 Lair Ct,Chapel Hill NC 27516
Clayton Walter Beard,113 Shadow Ridge Pl,Chapel Hill NC 27516
Kaija Lewis Beard,113 Shadow Ridge Pl,Chapel Hill NC 27516
Ethan Owen Beattie,103 Arbor Creek Ct,Chapel Hill NC 27516
Scott Michael Beck,8317 Burns Pl,Chapel Hill NC 27516
Maureen Anne Bellavia,200 Lake Manor Rd,Chapel Hill NC 27516
Adam Ian Berger,216 Lake Manor Rd,Chapel Hill NC 27516
Juel Berliner,117 Jones Creek Pl,Chapel Hill NC 27516
Michael Paul Berliner,117 Jones Creek Pl,Chapel Hill NC 27516
Sharon Durham Best,100 N Fields Cir,Chapel Hill NC 27516
Willie Armster Best,100 N Fields Cir,Chapel Hill NC 27516
Virginia R Bethea,6001 Meadow Run Ct,Chapel Hill NC 27516
Sarah Rachel Blau,1130 Tallyho Trl,Chapel Hill NC 27516
David Elias Blum,104 Shadow Ridge Pl,Chapel Hill NC 27516
Kathleen Louise Bowerman,133 South Fields Cir,Chapel Hill NC 27516
Michael Jay Brazda,110 Jones Creek Pl,Chapel Hill NC 27516
Ronald Lee Britton,1002 Staffield Ln,Chapel Hill NC 27516
April Susan Brown,234 Towne Ridge Ln,Chapel Hill NC 27516
John Timothy Brown,1605 Skye Dr,Chapel Hill NC 27516
Kisa Sharnae Brown,7621 Rogers Rd,Chapel Hill NC 27516
Lillie Mae Brown,7621 Rogers Rd,Chapel Hill NC 27516
Darrin Patrick Bryan,105 Whispering Oak Ct,Chapel Hill NC 27516
Jennifer Garnett Bryan,105 Whispering Oak Ct,Chapel Hill NC 27516
Claudia Donovan Burbage,113 Hogan Glen Ct,Chapel Hill NC 27516
Jermaine Cornelius Burnette,7715 Rogers Rd,Chapel Hill NC 27516
Gail S Butler,125 Shadow Ridge Pl,Chapel Hill NC 27516
Matthew Miele Butler,8101 Reynard Rd,Chapel Hill NC 27516
Jo Ann Nicole Bynum,7709 Rogers Rd,Chapel Hill NC 27516
Shaquiera Denine Bynum,7709 Rogers Rd,Chapel Hill NC 27516
Grover Patterson Cable,406 Hogan Woods Cir,Chapel Hill NC 27516
Nancy Marie Cable,406 Hogan Woods Cir,Chapel Hill NC 27516
Camilo Rafael Cabrera,125 N Fields Cir,Chapel Hill NC 27516
Rafael Aristides Cabrera,125 North Fields Cir,Chapel Hill NC 27516
Justin Gersam Cahuantzi,206 Towne Ridge Ln,Chapel Hill NC 27516
Douglas William Call,139 S Fields Cir,Chapel Hill NC 27516
Maria Dimitra Callimanis,1004 Camden Ln,Chapel Hill NC 27516
Aaron Blair Caracci,1702 Homestead Rd,Chapel Hill NC 27516
Blair Joseph Caracci,1702 Homestead Rd,Chapel Hill NC 27516
Madeline Carrig,108 Dairy Ct,Chapel Hill NC 27516
Kelly Lynn Carruthers,104 Whispering Oak Ct,Chapel Hill NC 27516
Della Marie Chambless,145 S Fields Cir,Chapel Hill NC 27516
Helen E Chandler,1011 Bugle Ct,Chapel Hill NC 27516
Anthony Gbolahan Charles,1007 Camden Ln,Chapel Hill NC 27516
Oyin Omotayo Charles,1007 Camden Ln,Chapel Hill NC 27516
Jacob Taylor Chitwood,1003 Tallyho Trl,Chapel Hill NC 27516
Michael Jon Cicale,309 E Winmore Ave,Chapel Hill NC 27516
Rebecca Kay Cicale,309 E Winmore Ave,Chapel Hill NC 27516
Rachael Annette Clemens,115 S Fields Cir,Chapel Hill NC 27516
Erin Frances Cocke,212 Commons Way Dr,Chapel Hill NC 27516
Coleen Kathryn Cunningham,101 Hogan Ridge Ct,Chapel Hill NC 27516
Mary Margaret Cunningham,101 Hogan Ridge Ct,Chapel Hill NC 27516
Tyler Davis Currin,2005 Whitmore Cir,Chapel Hill NC 27516
Amy Goulson Cutrell,301 Hogan Woods Cir,Chapel Hill NC 27516
Rani Dasi,8509 Balmoral Pl,Chapel Hill NC 27516
Richard Leslie Daugherty,405 Hogan Woods Cir,Chapel Hill NC 27516
Naomi Ornstein Davis,603 Lake Hogan Farm Rd,Chapel Hill NC 27516
Wayne Betts Davis,304 Jewell Dr,Chapel Hill NC 27516
Bridget Claire Dean,112 Bay View Dr,Chapel Hill NC 27516
James W Dean Jr,112 Bay View Dr,Chapel Hill NC 27516
Guy D Dear,103 Dairy Ct,Chapel Hill NC 27516
Rhonda Blackwood Dear,103 Dairy Ct,Chapel Hill NC 27516
Lyse Madeleine De Bourguignon,120 Della St,Chapel Hill NC 27516
Anthony Philip Delima,8017 Rogers Rd,Chapel Hill NC 27516
Gregory Alexander Delima,8017 Rogers Rd,Chapel Hill NC 27516
Mei Zhong Dey,408 Hogan Woods Cir,Chapel Hill NC 27516
Ranabir Dey,408 Hogan Woods Cir,Chapel Hill NC 27516
Caroline Dobbs,312 Hogan Woods Cir,Chapel Hill NC 27516
Karen Marie Dold,1203 Tallyho Trl,Chapel Hill NC 27516
Jason Albert Dubray,8202 S Hound Ct,Chapel Hill NC 27516
Allyson Flynn Dwyer,206 Towne Ridge Ln,Chapel Hill NC 27516
Michael Joseph Dwyer,206 Towne Ridge Ln,Chapel Hill NC 27516
Sarah Ann Dwyer,206 Towne Ridge Ln,Chapel Hill NC 27516
Karl J Eggleton,7707 Rogers Rd,Chapel Hill NC 27516
Kasey Janai El-Chayeb,208 Commons Way Dr,Chapel Hill NC 27516
Fenwick Walter English,3001 Staffield Ln,Chapel Hill NC 27516
Terry Winston English,104 Randolph Ct,Chapel Hill NC 27516
Sandra B Estacio,112 Shadow Ridge Pl,Chapel Hill NC 27516
Gloria Marie Faley,3006 Staffield Ln,Chapel Hill NC 27516
Robert Michael Faley,3006 Staffield Ln,Chapel Hill NC 27516
Rajah Reginald Farrington,7731 Rogers Rd,Chapel Hill NC 27516
June Olicia Fearrington,7715 Rogers Rd,Chapel Hill NC 27516
John Franklin Feltch,1016 Tallyho Trl,Chapel Hill NC 27516
Maria E Fernandez,8105 Lair Ct,Chapel Hill NC 27516
Renee M Ferrari,126 North Fields Cir,Chapel Hill NC 27516
Mark Evans Foley,220 Turtleback Crossing Dr,Chapel Hill NC 27516
Cynthia Mary Freund,116 Bay View Dr,Chapel Hill NC 27516
Anna D Gage,2009 Whitmore Cir,Chapel Hill NC 27516
Kevin William Gaido,407 Hogan Woods Cir,Chapel Hill NC 27516
Lorenzo A Gallo Jr,3002 Staffield Ln,Chapel Hill NC 27516
Helen Maret Garard,1908 N Hawick Ct,Chapel Hill NC 27516
Richard Stephen Garard,1908 N Hawick Ct,Chapel Hill NC 27516
Elizabeth Ann Garfunkel,402 S Camellia St,Chapel Hill NC 27516
April Cotten Geer,PO Box 16751,Chapel Hill NC 27516
Kimberly Marie Gibson-Forrest,6000 Meadow Run Ct,Chapel Hill NC 27516
Eric Paul Gilchrist,409 Lake Hogan Farm Rd,Chapel Hill NC 27516
Gary Louis Gilleskie,308 Hogan Woods Cir,Chapel Hill NC 27516
Barbara Sessoms Gillmer,237 Towne Ridge Ln,Chapel Hill NC 27516
Cynthia Johnson Girman,107 Turtleback Crossing Dr,Chapel Hill NC 27516
Donna Kay Godfrey,418 Hogan Woods Cir,Chapel Hill NC 27516
Jacob Godfrey,108 Dairy Ct,Chapel Hill NC 27516
Joe Jimenez Gonzalez,2000 Camden Ln,Chapel Hill NC 27516
Jay Spencer Goss,2001 S Hawick Ct,Chapel Hill NC 27516
Alan Norwood Gove,231 Towne Ridge Ln,Chapel Hill NC 27516
Gabriel Jacob Gran,2000 Camden Ln,Chapel Hill NC 27516
Mary Gratch,1014 Bugle Ct,Chapel Hill NC 27516
Caroline Kelly Green,8218 Huntsman Ct,Chapel Hill NC 27516
Nancy Lee Green,141 South Fields Cir,Chapel Hill NC 27516
Elizabeth Gualtieri-Reed,105 Hogan Glen Ct,Chapel Hill NC 27516
Thomas P Gualtieri-Reed,105 Hogan Glen Ct,Chapel Hill NC 27516
Janet Teresa Hadar,105 Lake Ridge Pl,Chapel Hill NC 27516
Kimberly Ardell Hamden,1612 Homestead Rd,Chapel Hill NC 27516
Hani Adel Hanna,1603 Skye Dr,Chapel Hill NC 27516
Gullan Zenobia Hanson,1003 Camden Ln,Chapel Hill NC 27516
Laurie Sherman Hart,108 Towne Ridge Ln,Chapel Hill NC 27516
Roy Paul Hart,108 Towne Ridge Ln,Chapel Hill NC 27516
Alberta Koch Hattem,304 Della St,Chapel Hill NC 27516
Benjamin Clifford Hattem,304 Della St,Chapel Hill NC 27516
Christopher M Haughton,222 Towne Ridge Ln,Chapel Hill NC 27516
Julie Lambert Haughton,222 Towne Ridge Ln,Chapel Hill NC 27516
Walter Rosebrooks Havener,402 Hogan Woods Cir,Chapel Hill NC 27516
Curt Einar Heine,303 Long Meadows Rd,Chapel Hill NC 27516
Christopher Garth Heivly,302 Hogan Woods Cir,Chapel Hill NC 27516
James Douglas Hermann,119 Jones Creek Pl,Chapel Hill NC 27516
Elisabeth McCaughan Herrin,1611 Skye Dr,Chapel Hill NC 27516
Andrew Carl Hertzberg,8413 Inverness Way,Chapel Hill NC 27516
Victoria Knefel Hofmann,205 Lake Hogan Farm Rd,Chapel Hill NC 27516
Joseph Bernard Hopfinger,154 N Fields Cir,Chapel Hill NC 27516
Margaret Cortese Howe,104 Hogan Glen Ct,Chapel Hill NC 27516
Mark Alan Howe,104 Hogan Glen Ct,Chapel Hill NC 27516
Xiaopei Huang,205 Lake Manor Rd,Chapel Hill NC 27516
Christopher Eric Jensen,111 Hogan Glen Ct,Chapel Hill NC 27516
Elizabeth Thom Clark Jensen,111 Hogan Glen Ct,Chapel Hill NC 27516
Jian Jin,108 Shadow Ridge Pl #359,Chapel Hill NC 27516
Caroline Ann Johnson,1223 Tallyho Trl,Chapel Hill NC 27516
Henry Van Johnson,7719 Rogers Rd,Chapel Hill NC 27516
Lynda G Johnson,8116 N Hound Ct,Chapel Hill NC 27516
Brian Charles Johnston,217 Towne Ridge Ln,Chapel Hill NC 27516
David Michael Johnston,203 Dairy Glen Rd,Chapel Hill NC 27516
Jennifer Leigh Lett Johnston,203 Dairy Glen Rd,Chapel Hill NC 27516
Clifford Delano Jones II,1001 Brendan Ct,Chapel Hill NC 27516
Kevin Alexander Kahn,405 Lake Hogan Farm Rd,Chapel Hill NC 27516
Matt Steven Kanoy,2000 Whitmore Cir,Chapel Hill NC 27516
Bennett Davis Calvert Kaplan,1215 Tallyho Trl,Chapel Hill NC 27516
Rachel Tiffany Calvert Kaplan,1215 Tallyho Trl,Chapel Hill NC 27516
Michael David Kappelman,212 Turtleback Crossing Dr,Chapel Hill NC 27516
Kathleen Marie Kauffmann,236 Towne Ridge Ln,Chapel Hill NC 27516
David Justin Kent,8323 Burns Pl,Chapel Hill NC 27516
John Joseph Kerr,110 Lake Ridge Pl,Chapel Hill NC 27516
Tracy Lynn Kerr,110 Lake Ridge Pl,Chapel Hill NC 27516
Alexandra Dunsmore King,503 Lake Hogan Farm Rd,Chapel Hill NC 27516
Catherine Ann King,120 Shadow Ridge Pl,Chapel Hill NC 27516
Joe Neal Kornegay,110 N Fields Cir,Chapel Hill NC 27516
Kristin Leigh Kornegay,110 N Fields Cir,Chapel Hill NC 27516
Philip John Kowalski,1010 Tallyho Trl,Chapel Hill NC 27516
Christopher Daniel Kubica,203 Lake Hogan Farm Rd,Chapel Hill NC 27516
Michele Milligan Lake,117 Towne Ridge Ln,Chapel Hill NC 27516
Rhonda Cheri Lambert-Tucker,8015 Rogers Rd,Chapel Hill NC 27516
Daniela Linn Lammers,6006 Meadow Run Ct,Chapel Hill NC 27516
Andrew White Lathren,149 South Fields Cir,Chapel Hill NC 27516
Christine Ragusa Lathren,149 S Fields Cir,Chapel Hill NC 27516
Keith Edward Layden,115 Hogan Glen Ct,Chapel Hill NC 27516
Yvette Broughton Layden,115 Hogan Glen Ct,Chapel Hill NC 27516
Dana Lynn Lebo,108 Lake Ridge Pl,Chapel Hill NC 27516
Aron Manuel Lelental,205 Dairy Glen Rd,Chapel Hill NC 27516
Jessica Lelental,205 Dairy Glen Rd,Chapel Hill NC 27516
Fredrick Michael Lemoine,108 Hogan Ridge Ct,Chapel Hill NC 27516
Michelle Elaine Lener,209 Lake Manor Rd,Chapel Hill NC 27516
Bradford Richard Lenox,128 Shadow Ridge Pl,Chapel Hill NC 27516
Robin Ann Lin,101 Redfoot Run Rd,Chapel Hill NC 27516
Steven Carl Lin,101 Redfoot Run Rd,Chapel Hill NC 27516
Yan Li,2003 Whitmore Cir,Chapel Hill NC 27516
David Michael Malone,1007 Brendan Ct,Chapel Hill NC 27516
Thomas Joseph Mangano,1322 Tallyho Trl,Chapel Hill NC 27516
Elizabeth W Manis,121 Shadow Ridge Pl,Chapel Hill NC 27516
Paul Barton Manis,121 Shadow Ridge Pl,Chapel Hill NC 27516
Chris James Manning,132 South Fields Cir,Chapel Hill NC 27516
Susan J Manning,109 Hogan Ridge Ct,Chapel Hill NC 27516
Sarah Jane Mansfield,1007 Brendan Ct,Chapel Hill NC 27516
Monika Barbara Marszalek,102 Shadow Ridge Pl,Chapel Hill NC 27516
Ashley Elizabeth Mattison,414 Hogan Woods Cir,Chapel Hill NC 27516
Arche Lee McAdoo,8013 Rogers Rd,Chapel Hill NC 27516
Djenna Angelle McAdoo,8013 Rogers Rd,Chapel Hill NC 27516
Sandra Kay McAdoo,8013 Rogers Rd,Chapel Hill NC 27516
Ryan Michael McCluskey,8201 S Hound Ct,Chapel Hill NC 27516
Steve D McConaughey,132 Shadow Ridge Pl,Chapel Hill NC 27516
Mark Edward McCormick,412 E Winmore Ave,Chapel Hill NC 27516
Connie Rae McDonald-Bell,1601 Skye Dr,Chapel Hill NC 27516
Ann M McNeill,214 Towne Ridge Ln,Chapel Hill NC 27516
Kenneth Robert Meardon,1008 Bugle Ct,Chapel Hill NC 27516
Patricia Serena Meegan,211 Turtleback Crossing Dr,Chapel Hill NC 27516
Erin Marie Merritt,118 Shadow Ridge Pl,Chapel Hill NC 27516
Michael Henry Merritt,118 Shadow Ridge Pl,Chapel Hill NC 27516
Jaye Powell Meyer,1011 Brace Ln,Chapel Hill NC 27516
Sarah Catherine Michalak,209 Hogan Woods Cir,Chapel Hill NC 27516
Christopher Ryan Miller,8327 Loch Laven Ln,Chapel Hill NC 27516
Melissa Carole Miller,8327 Loch Laven Ln,Chapel Hill NC 27516
Gregory James Mimmack,1509 Tallyho Trl,Chapel Hill NC 27516
Roberta Burks Mimmack,1509 Tallyho Trl,Chapel Hill NC 27516
Alice Neece Mine,2002 Camden Ln,Chapel Hill NC 27516
Mark Arnold Mine,2002 Camden Ln,Chapel Hill NC 27516
Sarah Judith Mine,2002 Camden Ln,Chapel Hill NC 27516
Elizabeth Slavin Mirkin,101 Turtleback Crossing Dr,Chapel Hill NC 27516
Mark Harris Mirkin,101 Turtleback Crossing Dr,Chapel Hill NC 27516
Kshitij Pankaj Mistry,115 Towne Ridge Ln,Chapel Hill NC 27516
Loisann Maria Moran,110 Hogan Glen Ct,Chapel Hill NC 27516
Cydney Marie Morel,210 Turtleback Crossing Dr,Chapel Hill NC 27516
Amy Katherine Mottl,312 Hogan Woods Cir,Chapel Hill NC 27516
Catherine Glauber Mullen,103 Dairy Glen Rd,Chapel Hill NC 27516
Jessica Good Murley,109 S Fields Cir,Chapel Hill NC 27516
Robert A Murphy,210 Jewell Dr,Chapel Hill NC 27516
Joan Constance Muzzillo,211 Towne Ridge Ln,Chapel Hill NC 27516
Odin Johann Naderer,112 Hogan Woods Cir,Chapel Hill NC 27516
Jessie Nicole Nelson,8622 Lake Hogan Farm Rd,Chapel Hill NC 27516
Allonious Rogers Nickens,7725 Rogers Rd,Chapel Hill NC 27516
Keith Franklin Nickens,7725 Rogers Rd,Chapel Hill NC 27516
Terry Michael Nicotra,300 Long Meadows Rd,Chapel Hill NC 27516
Toni Ann Nicotra,300 Long Meadows Rd,Chapel Hill NC 27516
Elyse Carmen Nieves,137 S Fields Cir,Chapel Hill NC 27516
El Sayed Nour,2006 Whitmore Cir,Chapel Hill NC 27516
Sara Morton Nour,2006 Whitmore Cir,Chapel Hill NC 27516
James Leon Obriant,106 Shadow Ridge Pl,Chapel Hill NC 27516
Laura Myeko Oliveira,1000 Staffield Ln,Chapel Hill NC 27516
Michael Joseph O'Neill,117 Hogan Glen Ct,Chapel Hill NC 27516
Priscilla Jane Oneill,117 Hogan Glen Ct,Chapel Hill NC 27516
Sonda Maye Oppewal,105 Hogan Ridge Ct,Chapel Hill NC 27516
Joan Finley Orourke,102 North Fields Cir,Chapel Hill NC 27516
Ruth Mary Ouimette,116 Bay View Dr,Chapel Hill NC 27516
Charlotte Patton Parks,507 Lake Hogan Farm Rd,Chapel Hill NC 27516
Natalie Patton Parks,507 Lake Hogan Farm Rd,Chapel Hill NC 27516
Sharon Denise Pasley-Nieves,137 South Fields Cir,Chapel Hill NC 27516
Jonathan David Paslov,105 North Fields Cir,Chapel Hill NC 27516
Elizabeth Jean Passannante,1601 Claymore Rd,Chapel Hill NC 27516
Barbara Baker Pater,107 Bay View Dr,Chapel Hill NC 27516
Cayley Elizabeth Pater,107 Bay View Dr,Chapel Hill NC 27516
Kristen Suzanne Peckham,2000 Staffield Ln,Chapel Hill NC 27516
Bjorn David Pedersen,8318 Loch Laven Ln,Chapel Hill NC 27516
Ronald Allen Pendleton,2000 Staffield Ln,Chapel Hill NC 27516
Amanda F Peppercorn,103 Turtleback Crossing Dr,Chapel Hill NC 27516
Jeffrey M Peppercorn,103 Turtleback Crossing Dr,Chapel Hill NC 27516
Elizabeth Gayle Peterson,202 Commons Way Dr,Chapel Hill NC 27516
Elizabeth White Peterson,202 Commons Way Dr,Chapel Hill NC 27516
Mary Jae Peterson,1322 Tallyho Trl,Chapel Hill NC 27516
Janet Fountain Petty,1001 Brace Ln,Chapel Hill NC 27516
Krysta Allison Petty,1001 Brace Ln,Chapel Hill NC 27516
Katherine Ann Pierson,8319 Loch Laven Ln,Chapel Hill NC 27516
Andrew Ness Pilant,102 Jones Creek Pl,Chapel Hill NC 27516
Clare Alexandra Pipkin,212 Turtleback Crossing Dr,Chapel Hill NC 27516
Scott Plevy,217 Turtleback Crossing Dr,Chapel Hill NC 27516
Pradeep John Poonnen,103 Randolph Ct,Chapel Hill NC 27516
Vinita Mariam Poonnen,103 Randolph Ct #14,Chapel Hill NC 27516
Paul Robert Popick,211 Towne Ridge Ln,Chapel Hill NC 27516
Harry Wynn Powell,109 Bay View Dr,Chapel Hill NC 27516
Linda L Powers,8318 Burns Pl,Chapel Hill NC 27516
Caitlin Carla Powers-Maher,8318 Burns Pl,Chapel Hill NC 27516
Elizabeth A Presler-Marshall,6004 Meadow Run Ct,Chapel Hill NC 27516
Robert Mackenzie Price,200 Commons Way Dr,Chapel Hill NC 27516
Matthew Dominic Priselac,1223 Tallyho Trl,Chapel Hill NC 27516
Andrea Lynn Prossick-Schirmer,3000 Staffield Ln,Chapel Hill NC 27516
Rashii Roslyn Purefoy,7731 Rogers Rd,Chapel Hill NC 27516
Mala Puri,103 Arbor Creek Ct,Chapel Hill NC 27516
Puja Kumari Puri,103 Arbor Creek Ct,Chapel Hill NC 27516
Richard Allen Quinn,414 Hogan Woods Cir,Chapel Hill NC 27516
Ruth Bard Rampel,1600 Skye Dr,Chapel Hill NC 27516
Joshua Carter Ray,8015 Rogers Rd,Chapel Hill NC 27516
Christopher Ross Raymond,8411 Inverness Way,Chapel Hill NC 27516
Ross Neil Raymond,8411 Inverness Way,Chapel Hill NC 27516
Ashleigh Taylor Redfoot,8505 Sterling Bridge Rd,Chapel Hill NC 27516
Mark Douglas Retherford,111 Turtleback Crossing Dr,Chapel Hill NC 27516
Manuel Reyes Reyes,110 Towne Ridge Ln,Chapel Hill NC 27516
Maria Lorna Reyes,110 Towne Ridge Ln,Chapel Hill NC 27516
William Bernard Rinehart,110 Hogan Ridge Ct,Chapel Hill NC 27516
Michael Patrick Roberts,111 Shadow Ridge Pl,Chapel Hill NC 27516
Deborah J Rodgers,127 Shadow Ridge Pl,Chapel Hill NC 27516
Eric Franklin Rodgers,127 Shadow Ridge Pl,Chapel Hill NC 27516
Bettie Rogers,7907 Rogers Rd,Chapel Hill NC 27516
Heather Ann Rogers,8405 Sterling Bridge Rd,Chapel Hill NC 27516
Marcus Freeman Rogers,7907 Rogers Rd,Chapel Hill NC 27516
Samuel F Rogers,7907 Rogers Rd,Chapel Hill NC 27516
Warren Rogers,7907 Rogers Rd,Chapel Hill NC 27516
Michael Tebay Rose,1609 Skye Dr,Chapel Hill NC 27516
Jean Hoyle Rudo,1005 Brendan Ct,Chapel Hill NC 27516
Kenneth Mark Rudo,1005 Brendan Ct,Chapel Hill NC 27516
Lawrence Joseph Sanna,108 Hogan Glen Ct,Chapel Hill NC 27516
Jessie A Satia,225 Towne Ridge Ln,Chapel Hill NC 27516
Lisa Leigh Satterwhite,104 Hogan Ridge Ct,Chapel Hill NC 27516
Mark Leo Schirmer,3000 Staffield Ln,Chapel Hill NC 27516
Mariana Schmajuk,8507 Balmoral Pl,Chapel Hill NC 27516
Nestor A Schmajuk,8507 Balmoral Pl,Chapel Hill NC 27516
Scott Curtis Schmidler,104 Bay View Dr,Chapel Hill NC 27516
Banalata Sen,102 Jones Creek Pl,Chapel Hill NC 27516
Frances Brown Sessoms,237 Towne Ridge Ln,Chapel Hill NC 27516
Brenda E Shafiei,113 Dairy Ct,Chapel Hill NC 27516
Anne Bellin Shelton,200 Dairy Glen Rd,Chapel Hill NC 27516
Liang Shi,104 Arbor Creek Ct,Chapel Hill NC 27516
Katherine Marie Shipman,117 Shadow Ridge Pl,Chapel Hill NC 27516
Megan Elizabeth Shipman,117 Shadow Ridge Pl,Chapel Hill NC 27516
Adam Lawrence Sidell,1616 Homestead Rd,Chapel Hill NC 27516
Anna Maria Siega-Riz,132 South Fields Cir,Chapel Hill NC 27516
Fannye Simon,1001 Camden Ln,Chapel Hill NC 27516
Susannah Page Simpson,58 Menahan St,Brooklyn Ny 11221
Betsy Lynn Sleath,1208 Tallyho Trl,Chapel Hill NC 27516
Laurie Jean Smith,1604 Skye Dr,Chapel Hill NC 27516
Trista Day Snyder,125 South Fields Cir,Chapel Hill NC 27516
Cherylann C Solow,3004 Staffield Ln,Chapel Hill NC 27516
Douglas Craig Solow,3004 Staffield Ln,Chapel Hill NC 27516
Jonathan Spencer Solow,3004 Staffield Ln,Chapel Hill NC 27516
Janet Elaine Sorel,PO Box 2172,Chapel Hill NC 27515
Frances Annette G Sparrow,108 South Fields Cir,Chapel Hill NC 27516
Sandra Joan Spooner,115 Jones Creek Pl,Chapel Hill NC 27516
Leigh Woolard Staelin,210 Commons Way Dr,Chapel Hill NC 27516
Edward R Stashko,306 Hogan Woods Cir,Chapel Hill NC 27516
Eric Nicholas Stashko,306 Hogan Woods Cir,Chapel Hill NC 27516
Cheryl B Stevens,204 Commons Way Dr,Chapel Hill NC 27516
Mark Gerald Stevenson,100 Commons Way Dr,Chapel Hill NC 27516
Alan Lee Stoumen,904 Tallyho Trl,Chapel Hill NC 27516
Addie J Street,7619 Rogers Rd,Chapel Hill NC 27516
John A Street,7619 Rogers Rd,Chapel Hill NC 27516
Lishan Su,2003 Whitmore Cir,Chapel Hill NC 27516
Colin Samuel Sullivan,203 Lake Manor Rd,Chapel Hill NC 27516
Ann Michelle Taft,8220 Huntsman Ct,Chapel Hill NC 27516
Ailee Swagerty Tempest,1015 Bugle Ct,Chapel Hill NC 27516
Todd Eric Thiele,105 South Fields Cir,Chapel Hill NC 27516
James Clair Thomas,113 Orlando Pl,Chapel Hill NC 27516
Mark Alexander Thomas,111 Jones Creek Pl,Chapel Hill NC 27516
Karen Loren Thompson,7707 Rogers Rd,Chapel Hill NC 27516
Robin D'Anne Thompson,101 Lake Ridge Pl,Chapel Hill NC 27516
Kevin Ryan Timp,409 Lake Hogan Farm Rd,Chapel Hill NC 27516
Dennis William Toomey,6006 Meadow Run Ct,Chapel Hill NC 27516
Kristin Ranae Trangsrud,121 Lake Hogan Farm Rd,Chapel Hill NC 27516
Alexander Tropsha,101 Randolph Ct,Chapel Hill NC 27516
Lidia Mabel Tyberg,8507 Balmoral Pl,Chapel Hill NC 27516
Jamie Bernard Understein,408 E Winmore Ave,Chapel Hill NC 27516
Edwin Booth Vaden Jr,2006 Camden Ln,Chapel Hill NC 27516
Robin Lynne Visser,114 North Fields Cir,Chapel Hill NC 27516
Kelly Marie Waicus,201 Dairy Glen Rd,Chapel Hill NC 27516
Michaela Holder Walker,116 Jones Creek Pl,Chapel Hill NC 27516
Hui Wang,1605 Claymore Rd,Chapel Hill NC 27516
Virginia Susan Warwick,139 S Fields Cir,Chapel Hill NC 27516
James Creal Waters,107 Shadow Ridge Pl,Chapel Hill NC 27516
Lindsay Scott Waters,107 Shadow Ridge Pl,Chapel Hill NC 27516
Georg Ann Watson,125 Shadow Ridge Pl,Chapel Hill NC 27516
Linda Sue Watson,103 Whispering Oak Ct,Chapel Hill NC 27516
Ashley Monique Weaver,7731 Rogers Rd,Chapel Hill NC 27516
Anne Elizabeth West,110 Hogan Ridge Ct,Chapel Hill NC 27516
Gary Ray West,602 Lake Hogan Farm Rd,Chapel Hill NC 27516
James Alexander West,602 Lake Hogan Farm Rd,Chapel Hill NC 27516
Helen S Westland,103 Commons Way Dr,Chapel Hill NC 27516
William Stuart Westland,103 Commons Way Dr,Chapel Hill NC 27516
Barbara Linda White,105 Jones Creek Pl,Chapel Hill NC 27516
Lee Franklin Whitney,201 Hogan Woods Cir,Chapel Hill NC 27516
Dorothy Otho Whitt,153 South Fields Cir #201,Chapel Hill NC 27516
Rose Mary Wignall,608 S Camellia St,Chapel Hill NC 27516
Dennis Michael Williams,209 Lake Manor Rd,Chapel Hill NC 27516
Elinor T Williams,8410 Inverness Way,Chapel Hill NC 27516
Lindsey Helm Williams,8410 Inverness Way,Chapel Hill NC 27516
Andrew Rene Williamson,102 Dairy Ct,Chapel Hill NC 27516
Samantha Bethany Lener Williams,209 Lake Manor Rd,Chapel Hill NC 27516
Mary Colleen Willingham,214 Commons Way Dr,Chapel Hill NC 27516
Megan Joan Willingham,214 Commons Way Dr,Chapel Hill NC 27516
Stephen Lee Winters,8322 Loch Laven Ln,Chapel Hill NC 27516
Kelly Lyn Wood,122 Shadow Ridge Pl,Chapel Hill NC 27516
William Allen Wood Jr,122 Shadow Ridge Pl,Chapel Hill NC 27516
Dorothy Lipscomb Wright,8211 Huntsman Ct,Chapel Hill NC 27516
Souzan Boshra Yanni,1603 Skye Dr,Chapel Hill NC 27516
Pavel Sergeyevich Yarmolenko,100 Hogan Glen Ct,Chapel Hill NC 27516
Nancy Lee Yelverton,118 Jones Creek Pl,Chapel Hill NC 27516
Xufang Ye,108 Shadow Ridge Pl,Chapel Hill NC 27516
Brett William Yusiewicz,101 Shadow Ridge Pl,Chapel Hill NC 27516
Jayne Melissa Steinbe Zeevi,106 Hogan Ridge Ct,Chapel Hill NC 27516
Shahar Zeevi,106 Hogan Ridge Ct,Chapel Hill NC 27516
Eva Caroline Zelson,120 Shadow Ridge Pl,Chapel Hill NC 27516
Michael F Zelson,120 Shadow Ridge Pl,Chapel Hill NC 27516
Stephanie Christine Zerwas,105 N Fields Cir,Chapel Hill NC 27516
Junhui Zhong,408 Hogan Woods Cir,Chapel Hill NC 27516
Tong Zhu,104 Arbor Creek Ct,Chapel Hill NC 27516
Mark Zylka,120 Della St,Chapel Hill NC 27516
