Courtney Marie Agar,112 NC Hwy 54 Byp #F8,Carrboro Nc 27510
Karen Jane Altman,104 NC Hwy 54 Byp #R-196,Carrboro Nc 27510
Richard S Atkinson III,PO Box 818,Carrboro NC 27510
Sarah Kimberly Ayers,112 NC Hwy 54 Byp #I7,Carrboro Nc 27510
Lorraine Lee Bailey,200 NC Hwy 54 Byp #H104,Carrboro Nc 27510
Cheryl Renee Baldwin,222 Old Fayetteville Rd #A204,Carrboro NC 27510
Brad Newton Barlow,112 NC Hwy 54 Byp #M3,Carrboro Nc 27510
Ellen Preston Bell,310 W Poplar Ave,Carrboro NC 27510
Mary D Bobbitt,600 W Poplar Ave #232,Carrboro NC 27510
Michael Friedrich Johan Bode,101 NC Hwy 54 Byp #L3,Carrboro Nc 27510
Richard Bryce Bordone,112 NC Hwy 54 Byp #Q7,Carrboro Nc 27510
Rachel Marie Bottorff,302 Davie Rd,Carrboro NC 27510
David Maurice Bowers,709 W Main St,Carrboro NC 27510
William Stuart Britt,112 NC Hwy 54 Byp #R8,Carrboro Nc 27510
Jennifer Lynn Burkhardt,112 NC Hwy 54 Byp #C8,Carrboro Nc 27510
Anna Marie Cargill,600 W Poplar Ave #316,Carrboro NC 27510
Joshua Kay Carr,200 Jones Ferry Rd,Carrboro NC 27510
Barry Eugene Carter,116 Fidelity St,Carrboro NC 27510
Kaitlyn Michelle Casciere,101 Raven Ln,Carrboro NC 27510
Mary Lauren Cheek,204 Jones Ferry Rd,Carrboro NC 27510
Tona Marie Cox,PO Box 1013,Carrboro NC 27510
Josh David Currie,112 Bim St #A,Carrboro NC 27510
Benjamin Randy Darnell,112 NC Hwy 54 Byp #J8,Carrboro Nc 27510
Charlie Raeford Davis,104 Kay St,Carrboro NC 27510
Cynthia Neal Davis,104 Kay St,Carrboro NC 27510
Steven Michael Deconto,102 Gary Rd,Carrboro NC 27510
Arlene Marie Devon,600 W Poplar Ave #352,Carrboro NC 27510
Helga Maria Dresher,400 Davie Rd #66,Carrboro NC 27510
Paul Raymond Dresher,400 Davie Rd #66,Carrboro NC 27510
Richard Michael Drogos,124 Fidelity St #25,Carrboro NC 27510
Courtney Elaine Dutton,222 Old Fayetteville Rd #J201,Carrboro NC 27510
Mary Oliver Dutton,109 Cathy Rd,Carrboro NC 27510
Joel Robert Duvall,202 Oleander Rd,Carrboro NC 27510
Joshua James Earhart,200 NC Hwy 54 Byp #M-204,Carrboro Nc 27510
Jennifer Schleider Edney,222 Old Fayetteville Rd #D-301,Carrboro NC 27510
Kelly Michele Ennis,222 Old Fayetteville Rd #C305,Carrboro NC 27510
Christopher Mils Fuhrmann,318 Davie Rd,Carrboro NC 27510
Kathryn Elizabeth Gardner,222 Old Fayetteville Rd #F-203,Carrboro NC 27510
Andrea Dawn Goettsch,200 NC Hwy 54 Byp #M303,Carrboro Nc 27510
Ethan Henry Guthauser,112 NC Hwy 54 Byp #M-8,Carrboro Nc 27510
Michael James Hall,112 NC Hwy 54 Byp #S4,Carrboro Nc 27510
Hillary Van De Carr Harper,222 Old Fayetteville Rd #D306,Carrboro NC 27510
John William Hastay,600 W Poplar Ave #351,Carrboro NC 27510
Lucille N Hastay,600 W Poplar Ave #351,Carrboro NC 27510
Kristen Amanda Helveston,112 NC Hwy 54 Byp #B5,Carrboro Nc 27510
Matthew Harrison Hines,200 NC Hwy 54 Byp #B101,Carrboro Nc 27510
Stephanie Nicole Horton,222 Old Fayetteville Rd #C105,Carrboro NC 27510
Camille Alwine Hudimac,222 Old Fayetteville Rd #G107,Carrboro NC 27510
Nancy Jane Humphries,400 Davie Rd #30,Carrboro NC 27510
Nancy Davis Jarrell,105 Fidelity St #A-6,Carrboro NC 27510
Amanda Ruth Johns,112 NC Hwy 54 Byp #T3,Carrboro Nc 27510
Amanda Lea Johnson,222 Old Fayetteville Rd #G206,Carrboro NC 27510
Brian Allen Jones,104 NC Hwy 54 Byp #204,Carrboro Nc 27510
Anne Katherine Jorgensen,121 Westview Dr #103,Carrboro NC 27510
Karen Marie Kassel,222 Old Fayetteville Rd #A204,Carrboro NC 27510
Rochelle Farrington Kraehe,201 NC Hwy 54 Byp #202,Carrboro Nc 27510
Amanda Taylor Lackett,222 Old Fayetteville Rd #M-208,Carrboro NC 27510
Judith Suzanne Laferriere,PO Box 93,Carrboro NC 27510
Scott Davis Lambeth,203 Oleander Rd,Carrboro NC 27510
Amber Marie Leasure,124 Fidelity St #43,Carrboro NC 27510
Alicia Levin,101 NC Hwy 54 Byp #E7,Carrboro Nc 27510
Jeremy Scott Long,200 NC Hwy 54 Byp #E-202,Carrboro Nc 27510
Norine McCurdy Lucas,600 W Poplar Ave #225,Carrboro NC 27510
Steven Daniel Majeski,404 Jones Ferry Rd #E2,Carrboro NC 27510
Stephen Matthew Manning,200 NC Hwy 54 Byp #F304,Carrboro Nc 27510
Susan Elisabeth Many,300 Oleander Rd,Carrboro NC 27510
Joshua David Markwordt,112 NC Hwy 54 Byp #H6,Carrboro Nc 27510
Natalie Darlene Matthews,222 Old Fayetteville Rd #F305,Carrboro NC 27510
Thelma Jean Maynard,201 NC Hwy 54 Byp #402,Carrboro Nc 27510
Ryan Christopher May,112 NC Hwy 54 Byp #G5,Carrboro Nc 27510
Jessica Robin McRoy,222 Old Fayetteville Rd,Carrboro NC 27510
Alicia Michele Mejia,201 NC Hwy 54 Byp #605,Carrboro Nc 27510
Kylee Marie Miller,400 Davie Rd #49,Carrboro NC 27510
Nathaniel Leadworth Mills,706 Davie Rd,Carrboro NC 27510
David Winston Moran,200 Hwy 54 Bypass #A-203,Carrboro NC 27510
Michael Phillip Neuman,222 Old Fayetteville Rd #E308,Carrboro NC 27510
Laura Elizabeth Newberry,222 Old Fayetteville Rd #H-201,Carrboro NC 27510
Linda Lee Noblit,609 W Main St,Carrboro NC 27510
Peggy Sue Noblit,609 W Main St,Carrboro NC 27510
Bethany Bodwell Parks,222 Old Fayetteville Rd #K103,Carrboro NC 27510
Jesse Michael Parks,222 Old Fayetteville Rd #K103,Carrboro NC 27510
Karra Michelle Pate,400 Davie Rd #52,Carrboro NC 27510
Gregg Charles Punger Sr,302 Davie Rd,Carrboro NC 27510
Tiffany Nelson Quast,200 NC Hwy 54 Byp #G-202,Carrboro Nc 27510
Melissa Barnes Rajappan,222 Old Fayetteville Rd #J202,Carrboro NC 27510
Sridhar Rajappan,222 Old Fayetteville Rd #J202,Carrboro NC 27510
Joseph Arthur Recomendes,222 Old Fayetteville Rd #F107,Carrboro NC 27510
Kristin Rebecca Riggs,222 Old Fayetteville Rd #I204,Carrboro NC 27510
Alexander Smith Ritter,206 Davie Rd,Carrboro NC 27510
Erin Marie Roach,222 Old Fayetteville Rd #F-302,Carrboro NC 27510
Carl J Rokos,222 Old Fayetteville Rd #H101,Carrboro NC 27510
Anna Elizabeth Rothfuss,306 Gary Rd,Carrboro NC 27510
Julia Michelle Schmitz,222 Old Fayetteville Rd #E101,Carrboro NC 27510
Charles Byerly Sebastian,201 Hwy 54 Bypass #412,Carrboro NC 27510
Andrea Rae Seng,200 Lynn Dr,Carrboro NC 27510
David Jerome Seng,200 Lynn Dr,Carrboro NC 27510
Vickie Lynn Seng,200 Lynn Dr,Carrboro NC 27510
Christopher Joel Shaw,222 Old Fayetteville Rd #H202,Carrboro NC 27510
Henry George Singer,600 W Poplar Ave #223,Carrboro NC 27510
Karlton Edward Singleton,112 NC Hwy 54 Byp #A6,Carrboro Nc 27510
Emily Slagle,222 Old Fayetteville Rd #L102,Carrboro NC 27510
Jonathan Wayne Slagle,222 Old Fayetteville Rd #Lsl102,Carrboro NC 27510
Jonathan Gaspard Smoak,222 Old Fayetteville Rd #J103,Carrboro NC 27510
Deborah L Squires,105 Fidelity St #A-10,Carrboro NC 27510
Nicholas Thurman Stabile,316 Davie Rd,Carrboro NC 27510
Carmen Hilda Stoianovitch,600 W Poplar Ave #121,Carrboro NC 27510
Keiko Marie Stout,112 NC Hwy 54 Byp #C8,Carrboro Nc 27510
Melissa Joyce Stout,204 Westview Dr,Carrboro NC 27510
Anne Rain Tanner,222 Old Fayetteville Rd #L203,Carrboro NC 27510
Julie Ann Teasdale,112 NC Hwy 54 Byp #A-8,Carrboro Nc 27510
Kelly Rebekah Thore,222 Old Fayetteville Rd #L103,Carrboro NC 27510
Ellen Ruth Thornburg,101 Raven Ln,Carrboro NC 27510
Gail Walter Tickle,404 Gary Rd,Carrboro NC 27510
Katherine Campbell Townsend,400 Davie Rd #60,Carrboro NC 27510
Eric Shane Tucker,222 Old Fayetteville Rd #I-304,Carrboro NC 27510
Charles Braxton Turpin Jr,404 Jones Ferry Rd #15,Carrboro NC 27510
Zita A Vavruska,600 W Poplar Ave #253,Carrboro NC 27510
Lolita Rodier Villani,119 Fidelity St,Carrboro NC 27510
Michael Alan Vincent,101 NC Hwy 54 Byp #N2,Carrboro Nc 27510
Kenneth Vogt,107 Lilac Dr,Carrboro NC 27510
Lennore Ann Waddell,201 NC Hwy 54 Byp #304,Carrboro Nc 27510
Jennifer Danielle Ward,400 Davie Rd #35,Carrboro NC 27510
Jonathan Kent Weisner,222 Old Fayetteville Rd #E104,Carrboro NC 27510
Brandi Michelle Whaley,222 Old Fayetteville Rd #F-302,Carrboro NC 27510
Alicia Michael Whittier,101 NC Hwy 54 Byp #F4,Carrboro Nc 27510
Ryan Thomas Winston,222 Old Fayetteville Rd #M108,Carrboro NC 27510
Amanda Beth Wisz,314 Davie Rd #B,Carrboro NC 27510
Vivian Lee Wommack,205 W Poplar Ave #B,Carrboro NC 27510
Rebecca Megan Worthington,112 NC Hwy 54 Byp #P-2,Carrboro Nc 27510
Neil Anthony Younce,707 Davie Rd,Carrboro NC 27510
