Stevi Michelle Allen,103 Milton Dr #B,Carrboro NC 27510
Jessica Michelle Allred,1607 N Greensboro St,Carrboro NC 27510
Jessica Jean Bailey,100 Quail Roost Dr,Carrboro NC 27510
John Carr Bailey,100 Quail Roost Dr,Carrboro NC 27510
Kim Ross Barker,210a Simpson St,Carrboro NC 27510
Trevor Daniel Barrick,111 Dillard St,Carrboro NC 27510
Lindley Helen Barrow,109 Dillard St #A,Carrboro NC 27510
Vernon Michael Barth,511 N Greensboro St #A,Carrboro NC 27510
Elizabeth Cady Bean-Smith,105 Cheek St,Carrboro NC 27510
Hollis Meryl Berns,102 Todd St #A,Carrboro NC 27510
Amelia Tillery Black,512 Hillsborough Rd,Carrboro NC 27510
Thomas Allen Blackmar,201 Simpson St,Carrboro NC 27510
Alex Robert Bloom,503 N Greensboro St #E,Carrboro NC 27510
John William Bolton,1205 N Greensboro St #A,Carrboro NC 27510
Fred Price Boulais,100 Rainbow Dr,Carrboro NC 27510
Dane Stuart Bradshaw,106 Pine St,Carrboro NC 27510
Lisa Regina Brenman,305 Lisa Dr,Carrboro NC 27510
Floyd Wayne Brockwell,1229 Hillsborough Rd,Chapel Hill NC 27516
Lorren Manton Bryant,P.o. Box 1411,Carrboro NC 27510
Alex Jordan Bryce,619 Hillsborough Rd,Carrboro NC 27510
David John Buck,603a N Greensboro St,Carrboro NC 27510
Ann P Burrus,118 Pine St,Carrboro NC 27510
Thomas Vernon Burrus,118 Pine St,Carrboro NC 27510
Emily Buss,112 Dillard St,Carrboro NC 27510
Rachel Emma Byrne,103 Oak St #A,Carrboro NC 27510
John Michael Cali III,PO Box 3814,Chapel Hill NC 27515
Carolyn Patricia Campbell,501 Hillsborough Rd,Carrboro NC 27510
Robert James Carnell,504 Hillsborough Rd #2,Carrboro NC 27510
Nathaniel Andrew Charles,718 Old Fayetteville Rd,Chapel Hill NC 27516
Jonathan Randal Cheek,108 Cheek St,Carrboro NC 27510
Brent Buchanan Clark,105 Rocky Pt,Carrboro NC 27510
Elizabeth Michelle Colacurcio,303 Lorraine St,Carrboro NC 27510
Erica Celeste Collis,102 Oak St,Carrboro NC 27510
Charlotte Lynn Coman,103 Milton Dr #A,Carrboro NC 27510
Richard Dayton Coman,102 Milton Dr #A,Carrboro NC 27510
Sandra Coman,909 N Greensboro St #D,Carrboro NC 27510
Wesley James Coman,102 Milton Dr #A,Carrboro NC 27510
Mariel Lea Conlon,1207 N Greensboro St #B,Carrboro NC 27510
David Lloyd Consaga,1701 N Greensboro St,Carrboro NC 27510
Ryan Helen Cozens,503 N Greensboro St #B,Carrboro NC 27510
Adam Cory Creech,106 Bel Arbor Ln,Carrboro NC 27510
John Joseph Crncic,608 Hillsborough Rd,Carrboro NC 27510
Amorelle Joycelyn Crossley,504 Hillsborough Rd #4,Carrboro NC 27510
John Ryan Crouch,700 Old Fayetteville Rd,Chapel Hill NC 27516
Heather Catherine Cunningham,219 Hillsborough Rd #A,Carrboro NC 27510
Phillip Michael Daniel,1101 N Greensboro St #D,Carrboro NC 27510
Jennifer Brooke Danilowicz,504 Hillsborough Rd,Carrboro NC 27510
Jennifer Racquel De La Rosa,104 Shelton St #A,Carrboro NC 27510
David Michael Dellea,810 Old Fayetteville Rd #31,Chapel Hill NC 27516
Katherine Grace Donahoe,503 N Greensboro St #D,Carrboro NC 27510
Catherine Louise Dwyer,1028 W Main St,Carrboro NC 27510
Nancy Ellen Earhart,810 Old Fayetteville Rd #42,Chapel Hill NC 27516
Thaddaeus A Edwards,1101 N Greensboro St #A,Carrboro NC 27510
Rachel Evans,702 W Main St,Carrboro NC 27510
Emily Suzanne Faison,212 Simpson St #B,Carrboro NC 27510
John Thomas Faison,212 Simpson St #B,Carrboro NC 27510
Ebony Nicole Farrington,103 Sue Ann Ct #C,Carrboro NC 27510
Elena Margaret Feinstein,504 Oak Ave,Carrboro NC 27510
George Richard Feller,112 Dillard St,Carrboro NC 27510
Natalie Anne Ferrero,124 Winsome Ln,Chapel Hill NC 27516
Alyssa Chana Fine,105 Dove St,Carrboro NC 27510
Rachael Elizabeth Fiorentino,108 Sue Ann Ct #B,Carrboro NC 27510
Mary Elizabeth Fitts,104 Milton Dr #B,Carrboro NC 27510
Susan Kay Fletcher,108 Woods Walk Ct,Carrboro NC 27510
Janet Andrea Ford,108 Sue Ann Ct #C,Carrboro NC 27510
Jeff Alan Fowler,108 Pine St #A,Carrboro NC 27510
Joseph Chad Franklin,407 Oak Ave,Carrboro NC 27510
Marc Bruce Frank,103 Goldston Ave,Carrboro NC 27510
Melissa Erin Frazier,106 Shelton St,Carrboro NC 27510
William Guyton Fricks Jr,105 Carol St,Carrboro NC 27510
Debra Ann Fritz,105 Winsome Ln,Chapel Hill NC 27516
Kristen Marie Fromal,520 Hillsborough Rd,Carrboro NC 27510
Carol Christine Frye,103 Melba Cir,Carrboro NC 27510
Robert James Funk,109 Cheek St,Carrboro NC 27510
Slavik Robert Gabinsky,505 N Greensboro St #D,Carrboro NC 27510
Jesse Ellen Gey,407 Lindsay St #A,Carrboro NC 27510
Annelies Margaretha Goger,407 Oak Ave,Carrboro NC 27510
Sara Emily Gomez,513 N Greensboro St #A,Carrboro NC 27510
Michael Gordy,1101 N Greensboro St #D,Carrboro NC 27510
Frith Ann Gowan,102 Lisa Dr,Carrboro NC 27510
Michael Gowan,102 Lisa Dr,Carrboro NC 27510
Whitney Carter Griffith,120 Cheek St #C,Carrboro NC 27510
Daniel Ananda Growe,619 Hillsborough Rd,Carrboro NC 27510
Elizabeth Kate Halamay,102 High St,Carrboro NC 27510
Debra Faye Hall,408 James St,Carrboro NC 27510
Kacey Jeanette Hammel,608 Hillsborough Rd,Carrboro NC 27510
Maggie Althea Hargrave,301 Hillsborough Rd #B,Carrboro NC 27510
Ciaran Rea Harris,1207 Hillsborough Rd,Chapel Hill NC 27516
Loren Stanley Hart,117 Oak St,Carrboro NC 27510
Heather Lynn Havlina,107 Sue Ann Ct #C,Carrboro NC 27510
Andreas Henry Hay,107 Pine St,Carrboro NC 27510
Joseph Vincent Hendrix,901 N Greensboro St #I,Carrboro NC 27510
Lamar Antonio Henley,909 N Greensboro St #E,Carrboro NC 27510
Rachel Hope Hill,105 The Hollow,Chapel Hill NC 27516
Donald Gene Holloway,101 Quail Roost Dr,Carrboro NC 27510
Caroline Catherine Hopke,103 Cheswick Ct,Carrboro NC 27510
Dylan Darrow House,1205 N Greensboro St #B,Carrboro NC 27510
Cathrine Hoyo,202 Lisa Dr,Carrboro NC 27510
Than Than Htway,106 Milton Dr #A,Carrboro NC 27510
Anne Carter Nelson Hubbard,PO Box 2724,Chapel Hill NC 27515
Benjamin Bryan Hubbard,1607 N Greensboro St,Carrboro NC 27510
John Brad Hunter,109 Todd St #D,Carrboro NC 27510
Jeremy Peter Huynh,503 N Greensboro St #C,Carrboro NC 27510
James Andrew Jackson,703 N Greensboro St #A,Carrboro NC 27510
Justin Michael Jaklic,308 Lindsay St,Carrboro NC 27510
William Richard Jeck,111 Cheswick Ct,Carrboro NC 27510
Andrew Rawdon Jones,112 Winsome Ln,Chapel Hill NC 27516
Barbara Ray Jones,201 Carol St,Carrboro NC 27510
Robert Andrew Jones Jr,605 N Greensboro St #5,Carrboro NC 27510
Nancy Jane Joyce,307 Lindsay St #A,Carrboro NC 27510
Alexander Julian,103 Mary St,Carrboro NC 27510
Payong A Kale,1102 W Main St,Carrboro NC 27510
Jordan Dean Kalmanides,106 Winsome Ln,Chapel Hill NC 27516
David Wilburn Kaminski,113 Simpson St,Carrboro NC 27510
Elyse Keefe,501 N Greensboro St,Carrboro NC 27510
Betsy Danielle Kelly,103 Rocky Pt,Carrboro NC 27510
Miranda Suitt Kelly,200 Shelton St,Carrboro NC 27510
Dan Kelo,103 Rocky Pt,Carrboro NC 27510
Paul Burnett Kendall,400 Oak Ave #3,Carrboro NC 27510
Adam J Kish,700 Old Fayetteville Rd,Chapel Hill NC 27516
Paul C Klem,110 Pine Hill Dr,Carrboro NC 27510
Andrea Beth Koinski,115 Pine St #3,Carrboro NC 27510
Emily Elizabeth Krebill,509 N Greensboro St #A,Carrboro NC 27510
Brian Wayne Kurtz,310 Carol St,Carrboro NC 27510
Juan Marquis Landis,102 Sue Ann Ct #B,Carrboro NC 27510
David Rooker Laney,700 Old Fayetteville Rd,Chapel Hill NC 27516
William Anderson Langley,501 Oak Ave,Carrboro NC 27510
Catherine See-Ning Lee,104 Carol St,Carrboro NC 27510
Eddie Hyungsoo Lee,510 Hillsborough Rd,Carrboro NC 27510
Sally Virginia Lee,511 N Greensboro St,Carrboro NC 27510
Timothy Patrick Lendino,108 Pine St,Carrboro NC 27510
Braden Lundberg Leonard,108 Lisa Dr,Carrboro NC 27510
Kendal Lundberg Leonard,108 Lisa Dr,Carrboro NC 27510
Stephen Thomas Leonard,108 Lisa Dr,Carrboro NC 27510
Thomas John Leonard,3 Bedford Square,
Ronald Joseph Liberti,902 W Main St #C,Carrboro NC 27510
Kathryn Ann Livers,109 Goldston Ave,Carrboro NC 27510
John Collier Locke,101 Cheek St,Carrboro NC 27510
Antoine L Loftin,215 Hillsborough Rd,Carrboro NC 27510
Margaret Howe Lovatt,400 Oak Ave #4,Carrboro NC 27510
Kincaid Adair Lowe,503 N Greensboro St #B,Carrboro NC 27510
Kevin Scott Magee,103 Goldston Ave,Carrboro NC 27510
Andrew Finn Magill,511 N Greensboro St,Carrboro NC 27510
Hassan Mahini,1605 N Greensboro St,Carrboro NC 27510
Mackensie Ann Malkemes,901 N Greensboro St #E,Carrboro NC 27510
Peter James Malone,407 Lindsay St,Carrboro NC 27510
David Michael Maloney,105 Bel Arbor Ln,Carrboro NC 27510
Angela Mannino-Cooke,106 Quail Roost Dr,Carrboro NC 27510
Justin King Many,109 Cheek St,Carrboro NC 27510
Peter Matischak,100 Bel Arbor Ln,Carrboro NC 27510
Robert Bradley Matthews,705 N Greensboro St #C,Carrboro NC 27510
Macallagh James McEvoy,103 Cheswick Ct,Carrboro NC 27510
Helen Jean McKenna,94 Pine Hill Dr,Carrboro NC 27510
Kalbryn Adelaide McLean,106 Sue Ann Ct #A,Carrboro NC 27510
Benjamin Blake McMillan,403 Oak Ave,Carrboro NC 27510
Luke Jordan Meadows,503 N Greensboro St #C,Carrboro NC 27510
Megan Kelly Mitchell,621 Hillsborough Rd,Carrboro NC 27510
Carrie Elizabeth Monette,302 Lindsay St,Carrboro NC 27510
Lauren Elisabeth Monroe,505 N Greensboro St #C,Carrboro NC 27510
Alfred Montalvo Jr,712 W Main St,Carrboro NC 27510
Kevin Thomas Morgan,116 High St,Carrboro NC 27510
Elsie Telfair Murphy,303 Rainbow Dr,Carrboro NC 27510
Martha Hampton Murphy,106 Goldston Ave,Carrboro NC 27510
Elizabeth McClaskey Navratil,706 W Main St,Carrboro NC 27510
Patricia D Noell,810 Old Fayetteville Rd #25,Chapel Hill NC 27516
Joseph Martin Norkus,205 Carol St,Carrboro NC 27510
William Thomas Ogonowski,100 Pine St,Carrboro NC 27510
Patrick Brian O'Keefe,505 Hillsborough Rd,Carrboro NC 27510
Sheila D Olivo,810 Old Fayetteville Rd #14,Chapel Hill NC 27516
Allen William Olsen,106 Carol St,Carrboro NC 27510
Amy Marie Olsen,106 Carol St,Carrboro NC 27510
Kathryn Cuneo Omara,106 Todd St #B,Carrboro NC 27510
Jennifer Lynn Orning,103 Milton Dr #A,Carrboro NC 27510
Ian Mark Ostrowski,PO Box 1194,Carrboro NC 27510
Evan Lee Overton,108 Milton Dr #A,Carrboro NC 27510
Christopher Nathan Peters,106 Shelton St #A,Carrboro NC 27510
Lwin Min Phyoe,106 Milton Dr #A,Carrboro NC 27510
Gregory Heath Pool,1209 Hillsborough Rd,Chapel Hill NC 27516
Catherine Michelle Poulos,503 N Greensboro St #D,Carrboro NC 27510
Walter Sean Quinn,303 Lorraine St,Carrboro NC 27510
Joshua Aaron Quirk,101 Cheek St #B,Carrboro NC 27510
James Sawyer Reagan III,518 Hillsborough Rd,Carrboro NC 27510
Debbie Bascos Rebosa,1207 Hillsborough Rd,Chapel Hill NC 27516
Francis Eugene Rhea,102 Todd St #B,Carrboro NC 27510
Sarah Kathleen Rhea,102 Todd St #B,Carrboro NC 27510
Ana Bastos Rider,208 Quail Roost Dr,Carrboro NC 27510
John Edward Rider III,208 Quail Roost Dr,Carrboro NC 27510
Carson Elizabeth Riedel,112 Oak St,Carrboro NC 27510
Rebecca Riggsbee,304 Lindsay St,Carrboro NC 27510
Vickie D Robinette,810 Old Fayetteville Rd #22,Chapel Hill NC 27516
Brian Michael Robinson,402 James St,Carrboro NC 27510
Mary Elizabeth Johns Rockers,1201 N Greensboro St #B,Carrboro NC 27510
Eric Christopher Roe,106 Sue Ann Ct #B,Carrboro NC 27510
Kimberly Gayler Rogers,105 Cheswick Ct,Carrboro NC 27510
Adrienne Emily Rooks,109 Winsome Ln,Chapel Hill NC 27516
Brian William Rose,605 N Greensboro St #8,Carrboro NC 27510
Margaret Bridgid Rosier,403 Hillsborough Rd,Carrboro NC 27510
Sylvia Bowman Saade,103 Mary St,Carrboro NC 27510
Roberto Nieto Sanchez,606 W Main St #A,Carrboro NC 27510
Beverly Jean Sanders,206 Simpson St,Carrboro NC 27510
Mary Patrica Sassn,505 N Greensboro St #C,Carrboro NC 27510
Brad Lucas Saunders,1215 Hillsborough Rd #A,Chapel Hill NC 27516
Lauren Leigh Sauve,106 Sarita Dr,Chapel Hill NC 27516
Kyle Allen Savage,109 Milton Dr #A,Carrboro NC 27510
Adam Lowell Sawyer,1101 N Greensboro St #B,Carrboro NC 27510
Margot Gabrielle Schneider,107 Todd St #D,Carrboro NC 27510
William Clarence Schrader III,116 Cheek St #A,Carrboro NC 27510
Eric Alan Schroeder,907 N Greensboro St #A,Carrboro NC 27510
Andrew Munro Scott,504 Hillsborough Rd,Carrboro NC 27510
John Bartlett Senter,800 W Main St,Carrboro NC 27510
Meghan Elizabeth Shanahan,204 Quail Roost Dr,Carrboro NC 27510
Dickie Ernest Shelton,115 Pine St #2,Carrboro NC 27510
Benjamin Michael Shields,104 Milton Dr #B,Carrboro NC 27510
Keith John Shipman,201 Simpson St #A,Carrboro NC 27510
Taylor Merrielle Shirley,104 Sue Ann Ct #B,Carrboro NC 27510
Elizabeth Stone Shoemaker,205 Hillsborough Rd,Carrboro NC 27510
Mark Samuel Shuman,118 Oak St,Carrboro NC 27510
Walker Alexander Sigmon,109 Dillard St,Carrboro NC 27510
William Taylor Sisk Jr,PO Box 1353,Carrboro NC 27510
Vijay Sivaraman,100 High St #B,Carrboro NC 27510
Courtney Anne Sommer,110 Todd St #B,Carrboro NC 27510
Autumn L Spencer,100 Pine St,Carrboro NC 27510
Yeu-Fann Wayne Stafford,300 Rainbow Dr,Carrboro NC 27510
Spencer Allen Stoltz,102 Strowd Ln,Chapel Hill NC 27516
David John Stuckey,411 James St,Carrboro NC 27510
Sam Adam Suchoff,107 Oak St,Carrboro NC 27510
Sarah Rachael Taves,100 Shelton St,Carrboro NC 27510
Joel Clayton Thomas,1705 N Greensboro St,Carrboro NC 27510
Marshall Jamieson Thompson,102 Sue Ann Ct #B,Carrboro NC 27510
Marjorie Burd Tippett,103 High St #A,Carrboro NC 27510
Jordan Thomas Treakle,511 N Greensboro St,Carrboro NC 27510
Shannon Louise Tuohey,100 Pine Hill Dr #B,Carrboro NC 27510
Richard Henry Turlington,705 N Greensboro St #C,Carrboro NC 27510
Marcus Lee Tuttle Jr,218 Hillsborough Rd,Carrboro NC 27510
Stephanie Ann Urbin,907 N Greensboro St #A,Carrboro NC 27510
Dana Lea Vanderlinden,102 Quail Roost Dr,Carrboro NC 27510
Mathew Olickara Varughese,200 James St,Carrboro NC 27510
Francisco Hernandez Vasques,1303 Hillsborough Rd,Chapel Hill NC 27516
Maya Elaine Waite-Jones,501 Hillsborough Rd,Carrboro NC 27510
Zachary Joseph Ward,PO Box 1023,Chapel Hill NC 27514
Sarah Marnell Weaver,404 Oak Ave #C,Carrboro NC 27510
Laura J White,200 Quail Roost Dr,Carrboro NC 27510
Thomas A Whitelock,703 N Greensboro St #C,Carrboro NC 27510
Donald Andrews Whittier,PO Box 742,Chapel Hill NC 27516
Blake Aaron Wilder,705 N Greensboro St #B,Carrboro NC 27510
Katie Gail Wilkerson,503 N Greensboro St #D,Carrboro NC 27510
Charles Richard Williams Jr,109b Milton Dr,Carrboro NC 27510
Sarah Kaye Williams,100 Shelton St,Carrboro NC 27510
Andrea Marlowe Winkler,407 Lindsay St #A,Carrboro NC 27510
Griffin Schaum Witte,1818 A St Se,Washington Dc 20003
Christian Arno Wolf,100 Milton Dr #A,Carrboro NC 27510
Noreen Wise Woltz,PO Box 2894,Chapel Hill NC 27515
Mary Hamlin Womble,701 Hillsborough Rd,Carrboro NC 27510
Zachary Lee Woods,810 Old Fayetteville Rd #25,Chapel Hill NC 27516
Adam Blake Wright,503 N Greensboro St #C,Carrboro NC 27510
Holly Christine Wright,94 Pine Hill Dr,Carrboro NC 27510
Albert Francis Wu,605 N Greensboro St #4,Carrboro NC 27510
Sheue-Mei Wu,300 Rainbow Dr,Carrboro NC 27510
Jacqueline Crawford Young,109 Pine St,Carrboro NC 27510
Maurice Edward Young,109 Pine St,Carrboro NC 27510
Mariya Vladimirovna Zarubina,501 Hillsborough Rd,Carrboro NC 27510
Bruce Gregory Zecca,305 Lisa Dr,Carrboro NC 27510
Scott David Zimmerman,100 Goldston Ave,Carrboro NC 27510
