Jeff Noble Berndt,211 Rose Walk Ln,Carrboro NC 27510
Mira Brancu,112 Primrose Ln,Carrboro NC 27510
Melissa Villanueva Cabellon,215 Rose Walk Ln,Carrboro NC 27510
Gina Marie Carlotti,331 Rose Walk Ln,Carrboro NC 27510
Jolanta Piechowka Coley,114 Primrose Ln,Carrboro NC 27510
Paul Alexander Dayton,101 River Walk Ln,Carrboro NC 27510
Jeffrey Alan Greene,112 Primrose Ln,Carrboro NC 27510
Gail Marietta McMillan,110 Rose Walk Ln,Carrboro NC 27510
Laurie Kathryn Power,114 Rose Walk Ln,Carrboro NC 27510
Timothy Brian Power,114 Rose Walk Ln,Carrboro NC 27510
Elise Michele Schwartz,341 Rose Walk Ln,Carrboro NC 27510
Samantha Leigh Schwartz,341 Rose Walk Ln,Carrboro NC 27510
Joel Forrest Wright,106 Rose Walk Ln,Carrboro NC 27510
Rebecca Bailey Wright,106 Rose Walk Ln,Carrboro NC 27510
