Judith Davis Adcock,307 Carol St,Carrboro NC 27510
Norman Berkeley Adcock,307 Carol St,Carrboro NC 27510
Alex Bayne Andrews,814 W Main St,Carrboro NC 27510
Robert Erle Barham,107 Todd St #C,Carrboro NC 27510
Judith Baumhover Belch,200 Simpson St,Carrboro NC 27510
Brad Northwood Bennett,111 Cheswick Ct,Carrboro NC 27510
Mcneill Blue Bethune,108 Pine St,Carrboro NC 27510
Emily Marie Boone,503 N Greensboro St #D,Carrboro NC 27510
Catherine Ann Bryant,100 James St,Carrboro NC 27510
Walker Hall Busby Jr,103 Rainbow Dr,Carrboro NC 27510
Anthony Joseph Bybell,105 Milton Dr #B,Carrboro NC 27510
Janice Cheek Campbell,PO Box 1211,Carrboro NC 27510
Kenneth Wayne Campbell Jr,104 Milton Dr #A,Carrboro NC 27510
Ronald J Cooke,106 Quail Roost Dr,Carrboro NC 27510
Thomas Bancroft Cornwell,304 Rainbow Dr,Carrboro NC 27510
Phillip Eugene Davis,PO Box 245,Carrboro NC 27510
John Joseph Duff III,314 Carol St,Carrboro NC 27510
Maria Esperanza Duff,314 Carol St,Carrboro NC 27510
Kim Lacock Dunn,106 Dillard St,Carrboro NC 27510
Christine Piette Durrance,106 Phipps St,Carrboro NC 27510
Joseph Mathew Durrance,106 Phipps St,Carrboro NC 27510
Robert Morris Earhart,810 Old Fayetteville Rd #1,Chapel Hill NC 27516
Kristi Leigh Engelman,907 N Greensboro St #A,Carrboro NC 27510
Robert Charles Fellner,106 Pine Hill Dr,Carrboro NC 27510
Deborah J Ferrero-Conover,124 Winsome Ln,Chapel Hill NC 27516
Anjeannette Marie Fox,106 Cheswick Ct,Carrboro NC 27510
Taylor Shane Fox,106 Cheswick Ct,Carrboro NC 27510
William Franklin Grice,107 Dillard St,Carrboro NC 27510
Rita Bailey Hales,206 Lisa Dr,Carrboro NC 27510
Ronnie Dean Hanks,710 W Main St,Carrboro NC 27510
Laura Rachael Hayden,203 Hillsborough Rd,Carrboro NC 27510
Beth N Henderson,305 Hillsborough Rd,Carrboro NC 27510
Lemuel W Henderson,305 Hillsborough Rd,Carrboro NC 27510
Curtis Jerome Hendrickson,201 Carol St,Carrboro NC 27510
Robert Evelyn Henry III,109 Cheswick Ct,Carrboro NC 27510
Ian Davis Ingalls,101 Goldston Ave,Carrboro NC 27510
Delmar Ben Jones,201 Carol St,Carrboro NC 27510
Mildred Horne Jones,818 Old Fayetteville Rd,Chapel Hill NC 27516
Grace E Kennedy,203 Simpson St,Carrboro NC 27510
Marcia Joan Funk Kirshner,301 Hillsborough Rd #A,Carrboro NC 27510
Teresa Jeanne Leonarz,204 Carol St,Carrboro NC 27510
Elizabeth Marie Matthews,503 N Greensboro St #D,Carrboro NC 27510
Jeffrey Douglas McArthur,214 Simpson St #A,Carrboro NC 27510
Megan Rose McArthur,214 Simpson St #A,Carrboro NC 27510
Samuel Howard McClure,103 Simpson St,Carrboro NC 27510
Kenneth Clayton Mills,403 James St,Carrboro NC 27510
Jeanette Watts Moody,105 Phipps St,Carrboro NC 27510
Andrew Chase Mossman,510 Hillsborough Rd,Carrboro NC 27510
Holly Marie Neel,106 High St #A,Carrboro NC 27510
Shelby Jean Nichols,118 Cheek St #A,Carrboro NC 27510
Sean Francis Xavier Omara,106 Todd St #B,Carrboro NC 27510
Gina Marie Panasik,105 Goldston Ave,Carrboro NC 27510
Carol Billow Parrish,113 Carol St,Carrboro NC 27510
Suzanne Janie Ploeger,520 Hillsborough Rd,Carrboro NC 27510
Billie W Ragan,808 Old Fayetteville Rd,Chapel Hill NC 27516
Clara C Ragan,804 Old Fayetteville Rd,Chapel Hill NC 27516
Ernest L Riggsbee,304 Hillsborough Rd,Carrboro NC 27510
Andre Gerard Ristaino,202 Carol St,Carrboro NC 27510
Claudio Rodriguez,202 Shelton St,Carrboro NC 27510
Jeffrey Andrews Rubish,214 Hillsborough Rd,Carrboro NC 27510
Beverly Williamson Suitt,399 Oak Ave,Carrboro NC 27510
Phillip R Suitt,399 Oak Ave,Carrboro NC 27510
William Wesley Tilghman,110 Carol St,Carrboro NC 27510
Michael Scott Tippett,103 High St #A,Carrboro NC 27510
Alice Marguerite Vanfleet-Kelley,204 Lorraine St,Carrboro NC 27510
Carolyn Jean Hackney Ward,111 Cheek St,Carrboro NC 27510
James Gregory Watts,PO Box 361,Carrboro NC 27510
Gary Coleman Webb,301 Rainbow Dr,Carrboro NC 27510
Gary Spurgeon Webb,301 Rainbow Dr,Carrboro NC 27510
Jacquelyn Brooke Webb,301 Rainbow Dr,Carrboro NC 27510
Kathie M Webb,301 Rainbow Dr,Carrboro NC 27510
Wendy Jean Willis,105 Rainbow Dr,Carrboro NC 27510
Taylor Daly Windett,101 Cheswick Ct,Carrboro NC 27510
Timothy Andrew Wright Jr,111 Goldston Ave,Carrboro NC 27510
Katie Leigh Zickefoose,117 Pine St #A,Carrboro NC 27510
