Susan Kathleen Adams,211 Hogan Woods Cir,Chapel Hill NC 27516
Asif Ahmad,105 Turtleback Crossing Dr,Chapel Hill NC 27516
Joel Levi Altman,1009 Brendan Ct,Chapel Hill NC 27516
Kari Granda Altman,1009 Brendan Ct,Chapel Hill NC 27516
Steven Nathan Andrawes,401 Lake Hogan Farm Rd,Chapel Hill NC 27516
Phyllis Lane Arrington,1310 Tallyho Trl,Chapel Hill NC 27516
Stafford Balderson,109 North Fields Cir,Chapel Hill NC 27516
Noel Issam Bannout,221 Towne Ridge Ln,Chapel Hill NC 27516
Ziab Ali Bannout,131 North Fields Cir,Chapel Hill NC 27516
Charles Michael Baucom,127 N Fields Cir,Chapel Hill NC 27516
Jennifer Barry Baucom,127 North Fields Cir,Chapel Hill NC 27516
Diane Duffy Beecham,218 Turtleback Crossing Dr,Chapel Hill NC 27516
Edward Jeffrey Beecham,218 Turtleback Crossing Dr,Chapel Hill NC 27516
Kurt Bradley Bell,1601 Skye Dr,Chapel Hill NC 27516
Ellynn Berger,216 Lake Manor Rd,Chapel Hill NC 27516
Patricia Shea Bergey,1003 Gloucester Ct,Chapel Hill NC 27516
Ronald Steven Bergey,1003 Gloucester Ct,Chapel Hill NC 27516
Gary Stephen Bernier,107 Dairy Ct,Chapel Hill NC 27516
John Hardee Bethea III,6001 Meadow Run Ct,Chapel Hill NC 27516
Robert Alan Blouin,102 Lake Manor Rd,Chapel Hill NC 27516
Alyson Lynn Bradfield,126 Shadow Ridge Pl,Chapel Hill NC 27516
Cara Brick,110 Bay View Dr,Chapel Hill NC 27516
Blaire Fallon Byrley,1008 Staffield Ln,Chapel Hill NC 27516
Amelia Ann Capalbo,107 Painted Turtle Ln,Chapel Hill NC 27516
Kevin Michael Capalbo,107 Painted Turtle Ln,Chapel Hill NC 27516
Alicia Lynette Carter,305 Lake Hogan Farm Rd,Chapel Hill NC 27516
Mary Lewis Carter,102 Hogan Woods Cir,Chapel Hill NC 27516
Charles Dover Chamberlain,8100 Lair Ct,Chapel Hill NC 27516
Leslie Christine Proch Chamberlain,8100 Lair Ct,Chapel Hill NC 27516
Leah Jeanine Chandler,2007 S Hawick Ct,Chapel Hill NC 27516
Cheng-Chun Chang,109 Turtleback Crossing Dr,Chapel Hill NC 27516
Chun-Pi Chang,109 Turtleback Crossing Dr,Chapel Hill NC 27516
Vivian Susan Chen,126 South Fields Cir,Chapel Hill NC 27516
Mario Frank Ciocca Jr,104 Lake Ridge Pl,Chapel Hill NC 27516
Britton Given Clarke,1001 Staffield Ln,Chapel Hill NC 27516
Natalie Susann Clarke,1001 Staffield Ln,Chapel Hill NC 27516
George Addison Clark Jr,1102 Tallyho Trl,Chapel Hill NC 27516
Cynthia Clauss,106 Bay View Dr,Chapel Hill NC 27516
Steven Thomas Clayton,300 Lake Manor Rd,Chapel Hill NC 27516
David Alan Clemens,115 S Fields Cir,Chapel Hill NC 27516
William Gary Clemente Sr,130 Shadow Ridge Pl,Chapel Hill NC 27516
Alfred John Cloutier,609 Lake Hogan Farm Rd,Chapel Hill NC 27516
Kay Kirkland Cloutier,609 Lake Hogan Farm Rd,Chapel Hill NC 27516
Megan Lindsey Cloutier,609 Lake Hogan Farm Rd,Chapel Hill NC 27516
Edward George Cole,216 Towne Ridge Ln,Chapel Hill NC 27516
Michael S Collins,1607 Claymore Rd,Chapel Hill NC 27516
Marianne Elizabeth Cook,1610 Claymore Rd,Chapel Hill NC 27516
Jon Christopher Corton,210 Turtleback Crossing Dr,Chapel Hill NC 27516
Gail Parker Cox,1512 Tallyho Trl,Chapel Hill NC 27516
Barbara Ford Coyle,105 Bay View Dr,Chapel Hill NC 27516
Joseph Michael Coyle,105 Bay View Dr,Chapel Hill NC 27516
Benita White Cozzens,132 North Fields Cir,Chapel Hill NC 27516
John Michael Crowell,1011 Brace Ln,Chapel Hill NC 27516
Ian Jonathan Davis,603 Lake Hogan Farm Rd,Chapel Hill NC 27516
Benjamin Francis Dawson,126 South Fields Cir,Chapel Hill NC 27516
Ranitha Hyacinth Dep,102 Randolph Ct,Chapel Hill NC 27516
Wewage Hiran Dep,102 Randolph Ct,Chapel Hill NC 27516
Brett Michael Derby,134 Shadow Ridge Pl,Chapel Hill NC 27516
Kelly Nicole Derby,134 Shadow Ridge Pl,Chapel Hill NC 27516
Marcella Lynn Hook Derby,134 Shadow Ridge Pl,Chapel Hill NC 27516
Steven Robert Devrieze,8509 Balmoral Pl,Chapel Hill NC 27516
Prasun Dewan,114 Bay View Dr,Chapel Hill NC 27516
Graeme Neville Dixon,114 Jones Creek Pl,Chapel Hill NC 27516
Gregory Bruce Doble,115 Shadow Ridge Pl,Chapel Hill NC 27516
Amy Stein Drumheller,100 Hogan Woods Cir,Chapel Hill NC 27516
Gary Edward Drumheller,100 Hogan Woods Cir,Chapel Hill NC 27516
Sandra Moss Edgerly,1504 Homestead Rd,Chapel Hill NC 27516
Jacques A Elchayeb,208 Commons Way Dr,Chapel Hill NC 27516
D Vance Elderkin,1220 Tallyho Trl,Chapel Hill NC 27516
Scott David Elderkin,1220 Tallyho Trl,Chapel Hill NC 27516
Betty Eileen English,3001 Staffield Ln,Chapel Hill NC 27516
Stephen Thomas Johnston Faley,3006 Staffield Ln,Chapel Hill NC 27516
Scott Warren Feinstein,110 Bay View Dr,Chapel Hill NC 27516
John Alexander Feltch,1016 Tallyho Trl,Chapel Hill NC 27516
Mitzie Jokich Feltch,1016 Tallyho Trl,Chapel Hill NC 27516
Kristin Anne Ferriter,8111 N Hound Ct,Chapel Hill NC 27516
Matthew Skelly Ferriter,8111 N Hound Ct,Chapel Hill NC 27516
Jason Peter Fine,1606 Claymore Rd,Chapel Hill NC 27516
Sherry Lynn Fontaine,100 Bay View Dr,Chapel Hill NC 27516
Brian Graham Fravel,100 Redfoot Run Rd,Chapel Hill NC 27516
Nicole Lynn Fravel,100 Redfoot Run Rd,Chapel Hill NC 27516
James Randolph Gage,2009 Whitmore Cir,Chapel Hill NC 27516
Katherine Lynn Gaido,407 Hogan Woods Cir,Chapel Hill NC 27516
Christopher Joseph Gallo,3002 Staffield Ln,Chapel Hill NC 27516
John Thomas Ganzi,111 Towne Ridge Ln,Chapel Hill NC 27516
Jeffrey Scott Giersbrook Jr,1600 Claymore Rd,Chapel Hill NC 27516
Brian Christopher Glish,1906 N Hawick Ct,Chapel Hill NC 27516
Donald Francis Godfrey,418 Hogan Woods Cir,Chapel Hill NC 27516
Matthew Isaac Gonzalez,123 Shadow Ridge Pl,Chapel Hill NC 27516
Robin Luis Gonzalez,123 Shadow Ridge Pl,Chapel Hill NC 27516
Elizabeth Jayne Goode,8119 Reynard Rd,Chapel Hill NC 27516
John K Goode,8119 Reynard Rd,Chapel Hill NC 27516
Dion Craig Graham,219 Turtleback Crossing Dr,Chapel Hill NC 27516
Tina Renee Graham,219 Turtleback Crossing Dr,Chapel Hill NC 27516
Nancy R Greenberg,129 Shadow Ridge Pl,Chapel Hill NC 27516
Carole Annette Groux,216 Turtleback Crossing Dr,Chapel Hill NC 27516
Clinton R Gwaltney,700 Long Meadows Rd,Chapel Hill NC 27516
Eldad Joseph Hadar,105 Lake Ridge Pl,Chapel Hill NC 27516
Jacqueline Ruth Halladay,104 Dairy Glen Rd,Chapel Hill NC 27516
Brian Hugh Halstater,112 Hogan Ridge Ct,Chapel Hill NC 27516
Michael Stephen Hamden,1612 Homestead Rd,Chapel Hill NC 27516
Adel Fahim Hanna,1603 Skye Dr,Chapel Hill NC 27516
Rodrick Lars Hanson,1003 Camden Ln,Chapel Hill NC 27516
Christine Lynn Harburg,904 Tallyho Trl,Chapel Hill NC 27516
Debra Dean Haroon,8103 N Hound Ct,Chapel Hill NC 27516
Sarblund Ahmad Haroon,PO Box 17089,Chapel Hill NC 27516
Kathy Ann Harris,219 Towne Ridge Ln,Chapel Hill NC 27516
Sarah Thompson Harris,204 Towne Ridge Ln,Chapel Hill NC 27516
John Gilbert Haus III,109 Shadow Ridge Pl,Chapel Hill NC 27516
Randall Kenneth Heffelfinger,3008 Staffield Ln,Chapel Hill NC 27516
Eric Joseph Hegedus,136 North Fields Cir,Chapel Hill NC 27516
Theresa Anne Hegedus,136 N Fields Cir,Chapel Hill NC 27516
Hong He,1707 Tallyho Trl,Chapel Hill NC 27516
Patricia Lynn Heivly,302 Hogan Woods Cir,Chapel Hill NC 27516
Edward Ferguson Hendershot,213 Turtleback Crossing Dr,Chapel Hill NC 27516
Mickey Alexander Herrin Jr,1611 Skye Dr,Chapel Hill NC 27516
Brian Phillip Hertzberg,8413 Inverness Way,Chapel Hill NC 27516
Li Qin Hinchman,148 North Fields Cir,Chapel Hill NC 27516
Gregory Charles Hoffmeyer,8112 N Hound Ct,Chapel Hill NC 27516
Nancy E F Hornik,138 North Fields Cir,Chapel Hill NC 27516
John Richard Horton,118 Jones Creek Pl,Chapel Hill NC 27516
James Anthony Hunt,102 Arbor Creek Ct,Chapel Hill NC 27516
Phyllis Stickell Hunt,102 Arbor Creek Ct,Chapel Hill NC 27516
Andrew William Ingham,130 North Fields Cir,Chapel Hill NC 27516
Rachel Anne Ingham,130 North Fields Cir,Chapel Hill NC 27516
Dianhua Jiang,105 Hogan Woods Cir,Chapel Hill NC 27516
Linda Yuan Jiang,105 Hogan Woods Cir,Chapel Hill NC 27516
Judith A Johnson,1005 Staffield Ln,Chapel Hill NC 27516
Lisa Ann Johnson,103 Commons Way Dr,Chapel Hill NC 27516
Rebecca Louise Johnson,1005 Staffield Ln,Chapel Hill NC 27516
James A Jordan,1003 Staffield Ln,Chapel Hill NC 27516
Kathryn Elizabeth Jordan,1003 Staffield Ln,Chapel Hill NC 27516
Shreyas P Joshi,113 North Fields Cir,Chapel Hill NC 27516
Michelle Simmons Kahn,405 Lake Hogan Farm Rd,Chapel Hill NC 27516
Daniel Luis Kamakura,106 Hogan Woods Cir,Chapel Hill NC 27516
Robert Charles Kark,126 North Fields Cir,Chapel Hill NC 27516
Kenneth Dale Kauffmann,236 Towne Ridge Ln,Chapel Hill NC 27516
Sabih Ur-Rahman Khan,1006 Brendan Ct,Chapel Hill NC 27516
Saif Ur-Rahman Khan,1006 Brendan Ct,Chapel Hill NC 27516
Zeba Syed Khan,1006 Brendan Ct,Chapel Hill NC 27516
Myong Hee Kim,6007 Meadow Run Ct,Chapel Hill NC 27516
William Youngkwan Kim,304 Lake Manor Rd,Chapel Hill NC 27516
Jonathon Charles King,503 Lake Hogan Farm Rd,Chapel Hill NC 27516
Keith Preston King,503 Lake Hogan Farm Rd,Chapel Hill NC 27516
Michael Rudolph Komada,107 Lake Ridge Pl,Chapel Hill NC 27516
Sondra Porter Komada,107 Lake Ridge Pl,Chapel Hill NC 27516
Aleksandra Elzbieta Kozlowska,202 Lake Manor Rd,Chapel Hill NC 27516
Tomasz Kozlowski,202 Lake Manor Rd,Chapel Hill NC 27516
Vinod Kurup,103 Arbor Creek Ct,Chapel Hill NC 27516
David Alan Laubscher,105 Arbor Creek Ct,Chapel Hill NC 27516
Elena Schuhmann Lea,207 Hogan Woods Cir,Chapel Hill NC 27516
Joseph Davis Lea III,207 Hogan Woods Cir,Chapel Hill NC 27516
Willy Ledon,8506 Balmoral Pl,Chapel Hill NC 27516
Joycelyn Evon Leigh,227 Towne Ridge Ln,Chapel Hill NC 27516
Carol Jiurong Liang,105 Hogan Woods Cir,Chapel Hill NC 27516
Huiling Li,120 North Fields Cir,Chapel Hill NC 27516
Moe Lim,101 Hogan Woods Cir,Chapel Hill NC 27516
Peter Liu,102 Lake Ridge Pl,Chapel Hill NC 27516
Aliza B Lurie,122 South Fields Cir,Chapel Hill NC 27516
Cynthia A Lurie,1002 Camden Ln,Chapel Hill NC 27516
Kimberly Ann Lurie,1002 Camden Ln,Chapel Hill NC 27516
Ronel D Lurie,1002 Camden Ln,Chapel Hill NC 27516
Drake Theodore Mailes,8216 S Hound Ct,Chapel Hill NC 27516
Andrew J Martin,209 Towne Ridge Ln,Chapel Hill NC 27516
Nannette Blois Martin,209 Towne Ridge Ln,Chapel Hill NC 27516
Lauren Ann McCarthy,8112 Kit Ln,Chapel Hill NC 27516
Marcus David McCarthy,8112 Kit Ln,Chapel Hill NC 27516
Linda Crosby McCluskey,8201 S Hound Ct,Chapel Hill NC 27516
Michael James McCluskey,8201 S Hound Ct,Chapel Hill NC 27516
Blair Edgar McConnell,207 Commons Way Dr,Chapel Hill NC 27516
Deborah Lynn McCormick,412 E Winmore Ave,Chapel Hill NC 27516
Susan Sabatino McDonald,102 Commons Way Dr,Chapel Hill NC 27516
Lori Bundy McElroy,228 Towne Ridge Ln,Chapel Hill NC 27516
Steven Wayne McElroy,228 Towne Ridge Ln,Chapel Hill NC 27516
Aaron James McHale,8100 Kit Ln,Chapel Hill NC 27516
Howard Lawrence McLeod,207 Lake Manor Rd,Chapel Hill NC 27516
Melinda Kay McMaster,3008 Staffield Ln,Chapel Hill NC 27516
Mohamad Abdul Ghani Mikati,412 Hogan Woods Cir,Chapel Hill NC 27516
Mona Mohamed Mikati,412 Hogan Woods Cir,Chapel Hill NC 27516
Michael Francis Minozzi II,312 Hogan Woods Cir,Chapel Hill NC 27516
Jerelyn Roberson Moffet,105 Lake Manor Rd,Chapel Hill NC 27516
Linda Rosemary Moiseenko,117 South Fields Cir,Chapel Hill NC 27516
Oleg Moiseenko,117 South Fields Cir,Chapel Hill NC 27516
Barbara Raffield Moore,232 Towne Ridge Ln,Chapel Hill NC 27516
Daniel Richard Moran,1605 Tallyho Trl,Chapel Hill NC 27516
Nicole Rae Morrison Sidell,1616 Homestead Rd,Chapel Hill NC 27516
Joyce Yuriko Mudra,6010 Meadow Run Ct,Chapel Hill NC 27516
Thomas James Mullen,103 Dairy Glen Rd,Chapel Hill NC 27516
Valerie Ann Murrah,409 Lake Hogan Farm Rd,Chapel Hill NC 27516
Lindsey Suzanne Nadolski,303 Lake Hogan Farm Rd,Chapel Hill NC 27516
Thomas Dwight Nager,8122 Reynard Rd,Chapel Hill NC 27516
David Chester Nagle,116 South Fields Cir,Chapel Hill NC 27516
Paul Joseph Neville,103 Arbor Creek Ct,Chapel Hill NC 27516
Chuong H Nguyen,105 Shadow Ridge Pl,Chapel Hill NC 27516
Miguel Angelo Nicolelis,1000 Staffield Ln,Chapel Hill NC 27516
Elizabeth K Oconnor,229 Towne Ridge Ln,Chapel Hill NC 27516
Patrick Lane Ogdin,403 Jewell Dr,Chapel Hill NC 27516
Christopher William Olcott,104 Dairy Glen Rd,Chapel Hill NC 27516
William Ben Oneal,102 Bay View Dr,Chapel Hill NC 27516
Leslie Victoria Parise,301 Jewell Dr,Chapel Hill NC 27516
Donna Lee Parker,108 Hogan Woods Cir,Chapel Hill NC 27516
Stacy Jean Parker-Fisher,129 South Fields Cir,Chapel Hill NC 27516
Jon Steven Parker,108 Hogan Woods Cir,Chapel Hill NC 27516
Paul Newton Parks,507 Lake Hogan Farm Rd,Chapel Hill NC 27516
Sara Kate Pasquali,403 Jewell Dr,Chapel Hill NC 27516
Anthony Nicholas Passannante,1601 Claymore Rd,Chapel Hill NC 27516
Kokilaben A Patel,100 Randolph Ct,Chapel Hill NC 27516
Sailash Indurhal Patel,119 Shadow Ridge Pl,Chapel Hill NC 27516
Daniel Chester Pater,107 Bay View Dr,Chapel Hill NC 27516
Kent Jarrod Pecora,2006 S Hawick Ct,Chapel Hill NC 27516
Gregory Joseph Perentis,306 Lake Manor Rd,Chapel Hill NC 27516
Gustavo Perez,1114 Tallyho Trl,Chapel Hill NC 27516
Angela Dee Peterson,112 Della St,Chapel Hill NC 27516
David Alan Peterson,112 Della St,Chapel Hill NC 27516
Jeffrey Robert Petrella,121 Lake Hogan Farm Rd,Chapel Hill NC 27516
John Pisko,203 Hogan Woods Cir,Chapel Hill NC 27516
Nancy Marie Plevy,217 Turtleback Crossing Dr,Chapel Hill NC 27516
Katie E Ploghoft,8212 Huntsman Ct,Chapel Hill NC 27516
John Jacob Poonnen,103 Randolph Ct,Chapel Hill NC 27516
Kristopher Michael Porterfield,305 Hogan Woods Cir,Chapel Hill NC 27516
Cynthia Marion Powell,109 Bay View Dr,Chapel Hill NC 27516
Luchang Qin,116 Hogan Ridge Ct,Chapel Hill NC 27516
Mark Andrew Rampel,1600 Skye Dr,Chapel Hill NC 27516
Jason David Ravenscraft,1907 N Hawick Ct,Chapel Hill NC 27516
Manuel Miguel Reyes,110 Towne Ridge Ln,Chapel Hill NC 27516
Melanie Arangelovich Reynolds,210 Lake Manor Rd,Chapel Hill NC 27516
Michael Winston Riggsbee Jr,134 N Fields Cir,Chapel Hill NC 27516
Samuel Lake Rosenberg,2003 S Hawick Ct,Chapel Hill NC 27516
George Rubinstein,121 South Fields Cir,Chapel Hill NC 27516
Rose Rubinstein,121 South Fields Cir,Chapel Hill NC 27516
Elizbieta Ewa Rybicka-Kozlowska,202 Lake Manor Rd,Chapel Hill NC 27516
Janine Onufrak Rydin,103 Lake Manor Rd,Chapel Hill NC 27516
Richard Warren Rydin,103 Lake Manor Rd,Chapel Hill NC 27516
Jennifer Maria Schaaf,154 N Fields Cir,Chapel Hill NC 27516
Courtney Elizabethgray Schile,8216 S Hound Ct,Chapel Hill NC 27516
David Paul Schile Jr,8216 S Hound Ct,Chapel Hill NC 27516
Nadine G Schroeder,107 South Fields Cir,Chapel Hill NC 27516
Imran Ali Shah,8405 Sterling Bridge Rd,Chapel Hill NC 27516
Susan Shareshian,106 Lake Ridge Pl,Chapel Hill NC 27516
Tanya Smirnov,121 North Fields Cir,Chapel Hill NC 27516
Jacquelyn Anne Soderling,133 North Fields Cir,Chapel Hill NC 27516
Scott Haydn Soderling,133 North Fields Cir,Chapel Hill NC 27516
Allen W Song,8403 Inverness Way,Chapel Hill NC 27516
Jean Mae Spear,112 Jones Creek Pl,Chapel Hill NC 27516
Nicole Kristen Spooner,115 Jones Creek Pl,Chapel Hill NC 27516
Kathleen Ann Stark,602 Lake Hogan Farm Rd,Chapel Hill NC 27516
Paul Michael Steed,214 Lake Manor Rd,Chapel Hill NC 27516
David Walter Stevens,204 Commons Way Dr,Chapel Hill NC 27516
Regina Ann Stoffel,602 Long Meadows Rd,Chapel Hill NC 27516
Paola Dessire Stone Martinez,105 Lake Ridge Pl,Chapel Hill NC 27516
Graham Ives Strother,1703 Tallyho Trl,Chapel Hill NC 27516
Raeford Jet Strother,1703 Tallyho Trl,Chapel Hill NC 27516
Caitlin Ayn Styres,102 Painted Turtle Ln,Chapel Hill NC 27516
Joe David Styres,102 Painted Turtle Ln,Chapel Hill NC 27516
Karen Louise Styres,102 Painted Turtle Ln,Chapel Hill NC 27516
Ashley Elizabeth Sullivan,211 Lake Manor Rd,Chapel Hill NC 27516
Patrick Michael Sullivan,203 Lake Manor Rd,Chapel Hill NC 27516
Zuowei Su,120 North Fields Cir,Chapel Hill NC 27516
Rachel A Tesser,1604 Claymore Rd,Chapel Hill NC 27516
Tiffany Anne Thieken,233 Towne Ridge Ln,Chapel Hill NC 27516
Dorothee Regine Thielisch,206 Lake Manor Rd,Chapel Hill NC 27516
Sarah Taylor Tomlin,100 Hogan Ridge Ct,Chapel Hill NC 27516
Janice Alvey Trusky,314 Hogan Woods Cir,Chapel Hill NC 27516
Richard Edward Trusky III,314 Hogan Woods Cir,Chapel Hill NC 27516
Bruce Dwayne Tucker,8015 Rogers Rd,Chapel Hill NC 27516
Timna Michelle Understein,408 E Winmore Ave,Chapel Hill NC 27516
John Ananda Van Aalst,114 Hogan Woods Cir,Chapel Hill NC 27516
Yelena Revmirovna Vasina,100 Hogan Glen Ct,Chapel Hill NC 27516
Amber Elise Vaughn,226 Towne Ridge Ln,Chapel Hill NC 27516
Andrew Paul Vickers,151 South Fields Cir,Chapel Hill NC 27516
Anthony Gabriele Visco,110 Hogan Woods Cir,Chapel Hill NC 27516
Anthony Paul Volpe,1706 Claymore Rd,Chapel Hill NC 27516
Hang Anh Vu,105 Shadow Ridge Pl,Chapel Hill NC 27516
Elizabeth Ann Wallace,100 Shadow Ridge Pl,Chapel Hill NC 27516
Abigail Elizabeth Wallen,1319 Tallyho Trl,Chapel Hill NC 27516
Thomas Burke Wall,108 Bay View Dr,Chapel Hill NC 27516
Susan Walter Walton,101 Dairy Ct,Chapel Hill NC 27516
Joseph Martin Wander,115 Hogan Woods Cir,Chapel Hill NC 27516
Lin Wang,1707 Tallyho Trl,Chapel Hill NC 27516
Jan-Ru Wan,8403 Inverness Way,Chapel Hill NC 27516
Lindsay Marie Warner,1006 Camden Ln,Chapel Hill NC 27516
Daniel R Waugh,6005 Meadow Run Ct,Chapel Hill NC 27516
Abby Lynne Weber,8317 Loch Laven Ln,Chapel Hill NC 27516
Marie Lea Weber,8505 Sterling Bridge Rd,Chapel Hill NC 27516
Kimberly Dawn Jones Whitney,201 Hogan Woods Cir,Chapel Hill NC 27516
John Franklin Wilkerson,305 Long Meadows Rd,Chapel Hill NC 27516
Millicent Marsh Wilkerson,305 Long Meadows Rd,Chapel Hill NC 27516
Jon David Williams,102 Hogan Glen Ct,Chapel Hill NC 27516
Rita Anne Winsor,101 North Fields Cir,Chapel Hill NC 27516
Yue Xiong,104 Hogan Woods Cir,Chapel Hill NC 27516
Lik Sang Yam,131 South Fields Cir,Chapel Hill NC 27516
Tso-Pang Yao,1004 Brendan Ct,Chapel Hill NC 27516
Jen Jen Yeh,304 Lake Manor Rd,Chapel Hill NC 27516
Fang Fang Yin,208 Turtleback Crossing Dr,Chapel Hill NC 27516
Sora Christina Yoon,101 Hogan Woods Cir,Chapel Hill NC 27516
Susan Elaine Young,233 Towne Ridge Ln,Chapel Hill NC 27516
Ross Maxwell Young-Wright,1002 Tallyho Trl,Chapel Hill NC 27516
Shaocai Yu,123 N Fields Cir,Chapel Hill NC 27516
Carly Noel Yusiewicz,101 Shadow Ridge Pl,Chapel Hill NC 27516
Yanling Zhang,112 N Fields Cir,Chapel Hill NC 27516
Shuqing Zhao,8101 Lair Ct,Chapel Hill NC 27516
Hong Zhou,131 South Fields Cir,Chapel Hill NC 27516
