Natalie R Abraham,107 Roberts St,Carrboro NC 27510
Vincent Michael Abraham,107 Roberts St,Carrboro NC 27510
Guney Acipayamli Acipayamli,107 Mulberry St #C,Carrboro NC 27510
Pallas McKenna Adamopoulos,1104 N Greensboro St #5,Carrboro NC 27510
Daniel Eugene Adkins,606 N Greensboro St #B2,Carrboro NC 27510
Jonathan Albert,107 Mulberry St #A,Carrboro NC 27510
Stuart Clay Albert,107 Mulberry St #A,Carrboro NC 27510
Bernadette Lanell Albritton,301 Pleasant Dr #D,Carrboro NC 27510
Aaron Kyle Alexander,104 Brewer Ln #A2,Carrboro NC 27510
Daniel Almirall,101 Thomas Ln #E2,Carrboro NC 27510
Angeline Annette Alston,200 Crest St #A7,Carrboro NC 27510
Dorothy Lynette Alston,106 Starlite Dr,Carrboro NC 27510
Jurother Rother Alston,106 Starlite Dr,Carrboro NC 27510
Natasha Jafaye Alston,106 Starlite Dr,Carrboro NC 27510
Tanisha Lynette Alston,106 Starlite Dr,Carrboro NC 27510
Magdaleno Alvarez,101 Eugene St #E,Carrboro NC 27510
Claire Hawley Anderson,600 N Greensboro St,Carrboro NC 27510
Emily Holladay Anderson,800 N Greensboro St,Carrboro NC 27510
Jacob Fortner Anderson,200 Broad St #B,Carrboro NC 27510
Neil David Anderson,606 N Greensboro St #A4,Carrboro NC 27510
Miles William Andrews II,102 Elm St #C,Carrboro NC 27510
Nicole Beaumont Anthony,306 Estes Drive Ext #H5,Carrboro NC 27510
Mandi Leigh Arak,200 Lloyd St #A,Carrboro NC 27510
Kathryn Rose Ardizzone,104 Brewer Ln #B3,Carrboro NC 27510
Richard Creagh Ashley,506 N Greensboro St #36,Carrboro NC 27510
Evan Meade Ashworth,100 Crest St #B,Carrboro NC 27510
Rose Sophia Aslan,600 N Greensboro St #A,Carrboro NC 27510
Rosalyn Cynthia Fras Auguste,PO Box 41,Carrboro NC 27510
Tavanah Makea Auguste,PO Box 41,Carrboro NC 27510
Stephen Ronald Aylward,249 Sweet Bay Pl,Carrboro NC 27510
Gretchen Kaye Bade,413 S Greensboro St #A,Carrboro NC 27510
Rhonda R Bailey,506 N Greensboro St #8,Carrboro NC 27510
Eric David Bair,106 Red Sunset Pl,Carrboro NC 27510
Jill Hope Baker,207 Purple Leaf Pl,Carrboro NC 27510
William Terrance Baker,207 Purple Leaf Pl,Carrboro NC 27510
Debra Kreth Ball,505 E Poplar Ave,Carrboro NC 27510
Katherine C Ballew,229 Stable Rd,Carrboro NC 27510
Amy Ellen Banks,100 Hillcrest Ave #B,Carrboro NC 27510
Nekiita Khan Banks,605 Oak Ave #L2,Carrboro NC 27510
Blaine Elizabeth Barbee,101 Hillview St #3,Carrboro NC 27510
Marius Tremayne Barbee,120 Starlite Dr,Carrboro NC 27510
Christopher Allen Barcroft,306 Estes Drive Ext #F1,Carrboro NC 27510
Paul Bernard Barrett,240 Sweet Bay Pl,Carrboro NC 27510
Andrea Michelle Barron,105 Hanna St,Carrboro NC 27510
Sean Christopher Barron,105 Hanna St,Carrboro NC 27510
Elizabeth Bryant Basnight,302 W Main St,Carrboro NC 27510
Genevieve Dzifa Batse-Addison,120 Estes Drive Ext #A,Carrboro NC 27510
Millicent Batse,120a Estes Drive Ext,Carrboro NC 27510
Danielle Marie Baumgartner,105 Pleasant Dr #C,Carrboro NC 27510
Adam Jacob Bausch,606 N Greensboro St #B5,Carrboro NC 27510
Richard Carroll Baysden,708 W Rosemary St,Carrboro NC 27510
Christopher W Beacham,259 Sweet Bay Pl,Carrboro NC 27510
Hunter Comley Beattie,PO Box 614,Carrboro NC 27510
Meghan Alexander Beddingfield,204 Oak Ave,Carrboro NC 27510
Gwendolyn Beebe,108 Lindsay St #A,Carrboro NC 27510
Kelly Lynn Bell,PO Box 4111,Chapel Hill NC 27515
Michael Allen Bell,200 E Poplar Ave,Carrboro NC 27510
Corrine Lenore Belt,101 Cobb St,Carrboro NC 27510
Todd Kelly Bendor,256 Sweet Bay Pl,Carrboro NC 27510
Carolyn Hanaway Benjamin,200 Weathervane Dr,Carrboro NC 27510
Lee Steven Benjamin,200 Weathervane Dr,Carrboro NC 27510
Maudy Louise Benz,204 Purple Leaf Pl,Carrboro NC 27510
Jodi Michelle Berkowitz,506 N Greensboro St #32,Carrboro NC 27510
Francisco Bermudez,306 Estes Drive Ext #M6,Carrboro NC 27510
Carrie Marie Bertling,204 Broad St,Carrboro NC 27510
Scott Michael Bicherl,702 N Greensboro St #B,Carrboro NC 27510
Lauren Victoria Biddle,1300 N Greensboro St #A,Carrboro NC 27510
Mary Lynn Bircher,PO Box 338,Carrboro NC 27510
Brianna Lauren Bishop,1104 N Greensboro St #11,Carrboro NC 27510
Chelsea Lynn Black,600 N Greensboro St #C,Carrboro NC 27510
Brandon Wayne Blair,306 Estes Drive Ext #M3,Carrboro NC 27510
Charmyne Torres Blake,504 N Greensboro St #F,Carrboro NC 27510
Alesia Ruffin Bleau,605 Oak Ave #L-1,Carrboro NC 27510
Lauren Michelle Bomba,506 N Greensboro St #28,Carrboro NC 27510
Elena Kinley Bordonali,111 Estes Drive Ext #A,Carrboro NC 27510
Shaunte Danielle Bostic,605 Oak Ave #C1,Carrboro NC 27510
Christopher Ray Boston,306 Estes Drive Ext #I-17,Carrboro NC 27510
Mary Evelyn Boswell-Vilt,317 Sweet Bay Pl,Carrboro NC 27510
Jeffrey Scott Bowlen,306 Estes Drive Ext #O-12,Carrboro NC 27510
Sabrina Christine Boyce,121 Hanna St,Carrboro NC 27510
Lisa E Boyd,277 Sweet Bay Pl,Carrboro NC 27510
Joshua Alan Boyer,105 Starlite Dr #B,Carrboro NC 27510
Patricia Ann Bracken,115 N Merritt Mill Rd #203,Chapel Hill NC 27516
William Joseph Brady,104 Brewer Ln #C-5,Carrboro NC 27510
Claire Ann Brandow,600 N Greensboro St,Carrboro NC 27510
Maria Henriquez Britton,102 Crest St #B,Carrboro NC 27510
Christen Lynn Broecker,273 Sweet Bay Pl,Carrboro NC 27510
Marion Jones Brooks,101-B Eugene St,Carrboro NC 27510
Mo-Neka Brooks Brooks,306 Estes Drive Ext #D11,Carrboro NC 27510
Adrienne Shea Brown,111 Mulberry St #C,Carrboro NC 27510
Brendan Robert Brown,302 Oak Ave,Carrboro NC 27510
Gracie Eller Brown,113 Lindsay St,Carrboro NC 27510
Charles Douglas Browning Jr,PO Box 906,Carrboro NC 27510
Jordana Alisa Brown,103 Watters Rd,Carrboro NC 27510
Roy Deland Brown,113 Lindsay St,Carrboro NC 27510
Jeffrey Thomas Brubaker,231 Sweet Bay Pl,Carrboro NC 27510
Elizabeth Ann Bryant,101 Hanna St,Carrboro NC 27510
Meghann McClennan Bryant,101 Cobb St,Carrboro NC 27510
Tara Elyse Bubniak,273 Sweet Bay Pl,Carrboro NC 27510
Alvater A Burnette,102 Hill St,Carrboro NC 27510
Deborah A Burnette,105 Fowler St #B,Carrboro NC 27510
James Paul Burnette,102 Hill St,Carrboro NC 27510
James Pervis Burnette,105 Fowler St #B,Carrboro NC 27510
Brian McNeil Burns,209 Maple Ave,Carrboro NC 27510
Damon A Burton,606 N Greensboro St #D3,Carrboro NC 27510
William Carpenter Buxton,108 Watters Rd,Carrboro NC 27510
Roberto Luis Buzo,PO Box 454,Carrboro NC 27510
James E Byassee,157 Viburnum Way,Carrboro NC 27510
Angela Marie Bynum,203 Broad St #A,Carrboro NC 27510
Amanda Jordan Byrd,606 N Greensboro St #B2,Carrboro NC 27510
Ashley Elizabeth Byrd,1104 N Greensboro St #13,Carrboro NC 27510
Leslie Ann Caia,209 Maple Ave,Carrboro NC 27510
Louise Chapman Calhoun,210 Maple Ave #B,Carrboro NC 27510
Christine Ann Campbell,100 Roberts St,Carrboro NC 27510
Cynthia Jane Campbell,241 Sweet Bay Pl,Carrboro NC 27510
Charles Aydin Canel,104 Brewer Ln #C-3,Carrboro NC 27510
Philip Robert Canning,102 Elm St #D,Carrboro NC 27510
Jessica Caroline Cardenas,606 N Greensboro St #D2,Carrboro NC 27510
Gloria Mercedes Cardona,315 Sweet Bay Pl,Carrboro NC 27510
Jack Farrell Carley,506 N Greensboro St #40,Carrboro NC 27510
David Christian Carlisle,606 N Greensboro St #C4,Carrboro NC 27510
Jennie Kathryn Carlisle,106 Pleasant Dr #2,Carrboro NC 27510
Alex Perrow Carll,110 Estes Drive Ext #C,Carrboro NC 27510
Jacqueline S Carlock,234 Stable Rd,Carrboro NC 27510
Rebecca Frank Carpenter,306 Estes Drive Ext #9-I,Carrboro NC 27510
Craig Russell Carter,200 Lloyd St,Carrboro NC 27510
Erin Louise Carter,104 Brewer Ln #C6,Carrboro NC 27510
Linda Diane Carver,202 Lloyd St,Carrboro NC 27510
Kathleen Casanova,104 Brewer Ln #4-A,Carrboro NC 27510
Jason Michael Casden,506 N Greensboro St #32,Carrboro NC 27510
Mallory Ann Cash,700 N Greensboro St,Carrboro NC 27510
Rebecca Cashman,506 N Greensboro St #29,Carrboro NC 27510
Glenn Daniel Cassidy,101-B2 Thomas Ln,Carrboro NC 27510
Lewis Lynn Caviness Jr,506 N Greensboro St #21,Carrboro NC 27510
Roseanne Cengiz,109 Hill St,Carrboro NC 27510
Michelle Ann Ceremuga,103 Jones Lake Rd,Carrboro NC 27510
Seth Wilhelm Chadbourne,205 Stable Rd,Carrboro NC 27510
Sara Alie Chandler,504 N Greensboro St #C,Carrboro NC 27510
Emily Hueywen Chang,506 N Greensboro St #47,Carrboro NC 27510
Rebecca Ryane Chasnovitz,101 Thomas Ln #B1,Carrboro NC 27510
Ann Newman Chelminski,116 Watters Rd,Carrboro NC 27510
Paul Roman Chelminski,116 Watters Rd,Carrboro NC 27510
Sarah Scott Chisolm,253 Sweet Bay Pl #A,Carrboro NC 27510
Rushina Tarun Cholera,101 Thomas Ln #B1,Carrboro NC 27510
Kendra Leigh Christensen,506 N Greensboro St #34a,Carrboro NC 27510
Jessica Jean Cisewski,243 Sweet Bay Pl,Carrboro NC 27510
Steven Chandler Clapp,104 Hillview St,Carrboro NC 27510
Charles David Clark,281 Sweet Bay Pl,Carrboro NC 27510
Scott Russell Clarke,102 Harvest Ct,Carrboro NC 27510
Karen Renee Clark,281 Sweet Bay Pl,Carrboro NC 27510
Stephen Michael Clark,306 Estes Drive Ext #G6,Carrboro NC 27510
Valencia Selene Clark,118 Starlite Dr,Carrboro NC 27510
Elsie Marie Clay,306 Estes Drive Ext #N13,Carrboro NC 27510
Virginia Burruss Clayton,104 Brewer Ln #A3,Carrboro NC 27510
Nicholas Neil Clemens,506 N Greensboro St #27,Carrboro NC 27510
Sarah Clere,506 N Greensboro St #26,Carrboro NC 27510
Jana Clever,309 Broad St #B,Carrboro NC 27510
Cynthia Cloer,153 Viburnum Way,Carrboro NC 27510
Richard Winfield Cloudt,1104 N Greensboro St #12,Carrboro NC 27510
Brenda Ann Cobbs,404 Lloyd St,Carrboro NC 27510
Andrew Bruce Cohen,301 Oak Ave,Carrboro NC 27510
Genna Cohen,102 W Main St #4,Carrboro NC 27510
Nicole Renae Cohrs,111 Hanna St,Carrboro NC 27510
Willie Eddie Coker,306 Estes Drive Ext #A4,Carrboro NC 27510
Kay L Colburn,203 Purple Leaf Pl,Carrboro NC 27510
Rhonda Lea Coleman,1300 N Greensboro St #C,Carrboro NC 27510
Natale Collins,504 N Greensboro St #B,Carrboro NC 27510
Avery Elizabeth Combs,245 Sweet Bay Pl #245a,Carrboro NC 27510
Desmond Antonio Connor,306 Estes Drive Ext #A-15,Carrboro NC 27510
Philip Allen Conoly,105 Harvest Ct,Carrboro NC 27510
Aryn Ashley Conrad,106 Red Sunset Pl,Carrboro NC 27510
Sandra Cook-Anderson,126 Estes Drive Ext,Carrboro NC 27510
Kathleen McIver Cook,121 Hanna St,Carrboro NC 27510
Julie A Cooper,126 Estes Drive Ext,Carrboro NC 27510
Magda Eugenia Corredor,145 Viburnum Way,Carrboro NC 27510
Stephanie Rae Corriher,104 Brewer Ln #C-7,Carrboro NC 27510
Carina Daniela Cortese,407 N Greensboro St,Carrboro NC 27510
Stacey Etta Costner,302 W Main St,Carrboro NC 27510
Tanesha Renee Cottman,200 Crest St #A4,Carrboro NC 27510
Clifton Lee Cotton,301 Broad St,Carrboro NC 27510
Rufus Cotton Jr,116 Eugene St #K,Carrboro NC 27510
Jennifer Louise Coughlan,243 Sweet Bay Pl,Carrboro NC 27510
Patrick Charles Coulter,115 Estes Drive Ext #A,Carrboro NC 27510
Robert Yanley Covinton,503 E Poplar Ave,Carrboro NC 27510
Bradley Joseph Cox,115 N Merritt Mill Rd,Chapel Hill NC 27516
Erin Coyle,300 Oak Ave,Carrboro NC 27510
Leita D Crabtree,403 N Greensboro St,Carrboro NC 27510
Joseph Charles Critelli,104 E Carr St,Carrboro NC 27510
Andrew James Crosson,115 Estes Drive Ext #A,Carrboro NC 27510
Benjamin Kennedy Crosswell,103 Evans Ct,Carrboro NC 27510
Barbara Jean Cudmore,101 Thomas Ln #B-4,Carrboro NC 27510
Gwendolyn Benedict Cummings,103 Hanna St #B,Carrboro NC 27510
Debra Marie Cunningham,155 Viburnum Way,Carrboro NC 27510
Carmen Carol Cuthbertson,506 N Greensboro St #4,Carrboro NC 27510
Michael Keeter Cvelich,200 Lloyd St,Carrboro NC 27510
Lorraine Cyrus,306 Estes Drive Ext #19-H,Carrboro NC 27510
Adrial Benjamin Dale,104 Hillcrest Ave #A,Carrboro NC 27510
Mecca Dallas,605 Oak Ave,Carrboro NC 27510
Craig Myers Dalton,606 N Greensboro St #A1,Carrboro NC 27510
James Tyrell Daniel,100 Crest St #C,Carrboro NC 27510
Donna J Daniels,101 Thomas Ln #C4,Carrboro NC 27510
Adam Robert Danielson,1202 N Greensboro St,Carrboro NC 27510
Brandon Antonio Dantzler,217 Broad St,Carrboro NC 27510
Michael Evan Darden,606 N Greensboro St #B1,Carrboro NC 27510
Juliana Kathryn Daugherty,502 N Greensboro St #2,Carrboro NC 27510
Alexander McDowell Davenport,306 Estes Drive Ext #H-6,Carrboro NC 27510
Jesse Wade Davidson,306 Estes Drive Ext #A18,Carrboro NC 27510
Alberta B Davis,506 N Greensboro St,Carrboro NC 27510
Angela Davis,200 Crest St #A-12,Carrboro NC 27510
Margaret Suzanne Davis-Bausch,606 N Greensboro St #B5,Carrboro NC 27510
Charles Edward Davis,306 Estes Drive Ext #5b,Carrboro NC 27510
Erica Leigh Davis,1202 N Greensboro St,Carrboro NC 27510
Erick Jabari Davis,PO Box 1521,Pittsboro NC 27312
John Richard Davis,119 Estes Drive Ext,Carrboro NC 27510
Russell Scott Day,301 Pleasant Dr,Carrboro NC 27510
Jacqueline Marie Dean,101 Thomas Ln #A-1,Carrboro NC 27510
Kaitlin Ann Dean,104 Brewer Ln #A-1,Carrboro NC 27510
Christopher Joseph Defilippo,506 N Greensboro St #5,Carrboro NC 27510
Natalie Branco Defilippo,506 N Greensboro St #5,Carrboro NC 27510
Jane J Degraffenreid,300 Lloyd St,Carrboro NC 27510
Nicolette Degroot,306 Estes Drive Ext #A12,Carrboro NC 27510
Kristin Renee Dellinger,306 Estes Drive Ext #M12,Carrboro NC 27510
Michele Ruth-Skell Demers,101 Thomas Ln #E2,Carrboro NC 27510
Anupa Deshpande,506 N Greensboro St #44,Carrboro NC 27510
Alexandra Esther Desousa,506 N Greensboro St #10,Carrboro NC 27510
Carmen Detitta III,108 Lindsay St #B,Carrboro NC 27510
Diana Jean Deveaugh-Geiss,114 Estes Drive Ext #F,Carrboro NC 27510
Catherine Amanda Dewalt,702 N Greensboro St #B,Carrboro NC 27510
Jeffrey Diamond,175 Viburnum Way,Carrboro NC 27510
Jonathan David Director,212 Stable Rd,Carrboro NC 27510
Laird Shropshire Dixon,102 W Main St,Carrboro NC 27510
Nathan Bradford Dixon,207 Oak Ave,Carrboro NC 27510
Kathleen Elizabeth Doll,104 Brewer Ln #C1,Carrboro NC 27510
Paul Martin Dombrower,211 Stable Rd,Carrboro NC 27510
Sarah Elizabeth Dooley,206 Maple Ave,Carrboro NC 27510
Mark William Driscoll,244 Sweet Bay Pl,Carrboro NC 27510
Melaine Eberley Duchastel,201 Oak Ave,Carrboro NC 27510
Adrienne Turner Duffield,100 Hillcrest Ave #A,Carrboro NC 27510
Kevin George Duffield,100 Hillcrest Ave #A,Carrboro NC 27510
Courtney Brown Duffy,700 N Greensboro St,Carrboro NC 27510
Cecilia Rose Durbin,606 N Greensboro St #A1,Carrboro NC 27510
Joseph Thomas Duval,115 N Merritt Mill Rd #305,Chapel Hill NC 27516
Leslie Ann Eager,606 N Greensboro St #B4,Carrboro NC 27510
Hannah Sue Early,200 Broad St,Carrboro NC 27510
Jennifer Elizabeth Eastman,1200 N Greensboro St,Carrboro NC 27510
Riva I Econopouly,101 Lindsay St,Carrboro NC 27510
Heather Ballinger Edelblute,252 Sweet Bay Pl,Carrboro NC 27510
James Edoukou,120 Estes Drive Ext #A,Carrboro NC 27510
Estelle Edwards,102 Pleasant Dr #A,Carrboro NC 27510
Laura F Edwards,221 Stable Rd,Carrboro NC 27510
Lewandra Deyotta Edwards,605 Oak Ave #J3,Carrboro NC 27510
Sandra V Edwards,605 Oak Ave #H4,Carrboro NC 27510
Shirley Elaine Edwards,110 Starlite Dr,Carrboro NC 27510
Tkea Ianna Edwards,605 Oak Ave #H4,Carrboro NC 27510
Kimberly Ellison,605 Oak Ave #F1,Carrboro NC 27510
Rebecca C Elmore,1104 N Greensboro St #9,Carrboro NC 27510
Sarah Elaine Englund,1202 N Greensboro St,Carrboro NC 27510
Veronica Escamilla,606 N Greensboro St,Carrboro NC 27510
Arturo Escobar,112 Purple Leaf Pl,Carrboro NC 27510
Fredrika Ann Evans,306 Estes Drive Ext #Q7,Carrboro NC 27510
Julie Anne Falconer,107 Hanna St #A,Carrboro NC 27510
Larry Dean Farrell Jr,506 N Greensboro St #4,Carrboro NC 27510
Brenda Carol Farrington,105 Pleasant Dr #D,Carrboro NC 27510
Denise D Farrington,301 Crest St,Carrboro NC 27510
Reginald Eugene Farrington,116 Eugene St,Carrboro NC 27510
Christopher Charles Faulkenberry,306 Estes Drive Ext #B10,Carrboro NC 27510
Virginia Ruth Faust,201 Estes Drive Ext #E,Carrboro NC 27510
Wayne Douglas Faust,201 Estes Drive Ext #E,Carrboro NC 27510
Catherine Wright Fearrington,302 Broad St,Carrboro NC 27510
Donna Marie Fearrington,111 Eugene St,Carrboro NC 27510
James Fearrington Jr,302 Broad St,Carrboro NC 27510
Jamie Lamar Fearrington,302 Broad St,Carrboro NC 27510
Rachel Ann Fearrington,109 Hillcrest Ave #A,Carrboro NC 27510
Patricia Wakefield Felton,1289 Fordham Blvd,Chapel Hill NC 27514
Jean Elizabeth Ferguson,239 Stable Rd,Carrboro NC 27510
Darlene April Fernandez,605 Oak Ave #K3,Carrboro NC 27510
Luis Roberto Fernandez,110 Estes Drive Ext #A,Carrboro NC 27510
Tamara L Fetters,104 Pleasant Dr,Carrboro NC 27510
Laura V Fielden,PO Box 711,Chapel Hill NC 27514
Ida M Fikes,120 Starlite Dr,Carrboro NC 27510
Mariana Fiorentino,102 Purple Leaf Pl,Carrboro NC 27510
Noah Michael Fiorentino,102 Purple Leaf Pl,Carrboro NC 27510
Musai Kazim Firat,112 Hillcrest Ave,Carrboro NC 27510
Jonathan Eli Fischer,103 Watters Rd,Carrboro NC 27510
William M Fisher,512 N Greensboro St,Carrboro NC 27510
Clare Jensen Fitzgerald,101 Starlite Dr,Carrboro NC 27510
Owen Matthew Fitzgerald,101 Starlite Dr,Carrboro NC 27510
Jennifer Jean Flaherty,506 N Greensboro St #28,Carrboro NC 27510
Joseph Andrew Fletcher,212 Maple Ave,Carrboro NC 27510
Mayra Florez,104 Brewer Ln #C1,Carrboro NC 27510
Riley Christopher Flowers,606 N Greensboro St #D1,Carrboro NC 27510
Annie Jane Foust,605 Oak Ave #F2,Carrboro NC 27510
Marvelyn Louise Francis,605 Oak Ave #E2,Carrboro NC 27510
Veronica Rogers Frazier,104 Fowler St,Carrboro NC 27510
Katharine French-Fuller,117 Viburnum Way,Carrboro NC 27510
Garrett Winston Frere,104 Brewer Ln #3c,Carrboro NC 27510
Allan Mitchell Friedman,247 Sweet Bay Pl,Carrboro NC 27510
Travis Nagel Friedrich,239 Sweet Bay Pl,Carrboro NC 27510
Sarah Marjorie Froeber,307 Sweet Bay Pl,Carrboro NC 27510
Susan Hope Frye,100 Lindsay St,Carrboro NC 27510
Emily Megan Fulks,306 Estes Drive Ext #A20,Carrboro NC 27510
Alexandra Jane Fulton,104 Brewer Ln #B4,Carrboro NC 27510
Timothy Clay Funk,108 Estes Drive Ext #C,Carrboro NC 27510
Charles Douglas Fyle,400 Pleasant Dr,Carrboro NC 27510
John Arent Gallagher,305 Sweet Bay Pl,Carrboro NC 27510
John Cranley Gallagher,305 Sweet Bay Pl,Carrboro NC 27510
Kathleen Cranley Gallagher,305 Sweet Bay Pl,Carrboro NC 27510
Scott Davis Gallisdorfer,104 Brewer Ln #C2,Carrboro NC 27510
Marilie Denise Gammon,212 Stable Rd,Carrboro NC 27510
Abdul-Malik Wali Garnes,201 Brewer Ln,Carrboro NC 27510
Dorothea Vega Gasaway,301 Pleasant Dr #C,Carrboro NC 27510
Joy Heather Gattis,104 Guthrie Ln,Carrboro NC 27510
Martha Williams Gattis,106 Guthrie Ln,Carrboro NC 27510
William Pace Gattis,104 Guthrie Ln,Carrboro NC 27510
Daniel James Gelinne,1100 N Greensboro St #A,Carrboro NC 27510
Allison Clare George,103 Hill St,Carrboro NC 27510
Ryan Christopher Gessner,101 Thomas Ln #C-1,Carrboro NC 27510
Alison Margaret Gillette,257 Sweet Bay Pl,Carrboro NC 27510
Meredith Ashley Gilliam,104 Brewer Ln #A-3,Carrboro NC 27510
Kelley Elizabeth Gill,112 Estes Drive Ext #B,Carrboro NC 27510
Joseph Benjamin Gindi,302 W Main St,Carrboro NC 27510
Rachel Marie Glaeser,104 Brewer Ln #C7,Carrboro NC 27510
Elizabeth Nicole Glass,306 Estes Drive Ext #O-12,Carrboro NC 27510
Michael Carlton Glass,103 Parker St,Carrboro NC 27510
Jessica Nicole Glover,605 Oak Ave #H-1,Carrboro NC 27510
Hazel Waddell Goins,107 Hill St #B,Carrboro NC 27510
Judy Levon Goins,302 Lloyd St,Carrboro NC 27510
Mario Duane Goins,302 Lloyd St,Carrboro NC 27510
Matthew Cole Goins,115 Estes Drive Ext,Carrboro NC 27510
Robert Alton Goins,215 Maple Ave,Carrboro NC 27510
Sara Goldsby,112 Estes Drive Ext #B,Carrboro NC 27510
Penina Finkel Goldstein,504 N Greensboro St #E,Carrboro NC 27510
Robert Patrick Goldstein,107 Shelton St,Carrboro NC 27510
Neeta Mudlagiri Goli,104 Brewer Ln #A3,Carrboro NC 27510
Maria Maddalena Golzi,105 Harvest Ct,Carrboro NC 27510
Linda Khaled Gomaa,406 Lloyd St,Carrboro NC 27510
Jorge Hiram Gonzalez,306 Estes Drive Ext #13-F,Carrboro NC 27510
Monica Lancella Gonzalez,101 Thomas Ln #C-1,Carrboro NC 27510
Elizabeth Ivy Goodman,202 Pleasant Dr,Carrboro NC 27510
Annallys Goodwin-Landher,PO Box 2744,Chapel Hill NC 27515
Keith Phelan Gorman,252 Sweet Bay Pl,Carrboro NC 27510
Nicholas Mackenzie Graham,101 Thomas Ln #A1,Carrboro NC 27510
Percy Deleon Graves,110 Starlite Dr,Carrboro NC 27510
Nathaniel Floyd-Olen Gray,108 Williams St #A,Carrboro NC 27510
Tara Nichole Grayson,102 W Main St #4,Carrboro NC 27510
Bryson West Finklea Greenwood,100 Crest St #C,Carrboro NC 27510
Kathryn West Finklea Greenwood,100 Crest St #C,Carrboro NC 27510
Anna Louise Griffiths,103 Jones Lake Rd,Carrboro NC 27510
Rafe Delancy Grimball,506 N Greensboro St #22,Carrboro NC 27510
Andrew William Grimes,205 Elm St #C,Carrboro NC 27510
Kyle David Grode,403 S Greensboro St,Carrboro NC 27510
Russell McOwen Grote,200 Lloyd St,Carrboro NC 27510
Allison Kjellman Groves,104 Hillcrest Ave #B,Carrboro NC 27510
Peggy Jo Growe,301 Pleasant Dr #B,Carrboro NC 27510
Sharita Mollie Gruberg,104 Brewer Ln #B-4,Carrboro NC 27510
Skylar Lynn Gudas,407 N Greensboro St,Carrboro NC 27510
Meghann Hessert Gunderman,104 Red Sunset Pl,Carrboro NC 27510
Anna Alicia Gurley,404 Broad St,Carrboro NC 27510
Samantha Alison Guss,102 E Poplar Ave,Carrboro NC 27510
Rebecca Carol Gwyn,401 E Poplar Ave #B,Carrboro NC 27510
Wayne Robert Hadler,PO Box 2534,Chapel Hill NC 27515
Annallese Marie Haftman,109 Hanna St,Carrboro NC 27510
Dana Marie Hagele,215 Maple Ave,Carrboro NC 27510
Sara Marie Haines,121 Viburnum Way #2,Carrboro NC 27510
Wallis Harcourt Halliday,605 Oak Ave #K-2,Carrboro NC 27510
Kevin Wallace Hall,605 Oak Ave,Carrboro NC 27510
Sandra Jean Hall,201 Estes Drive Ext #B,Carrboro NC 27510
Craig I Halstead,708 W Rosemary St #7,Carrboro NC 27510
Livahn Rhys Ardell Hamden,306 Estes Drive Ext #H3,Carrboro NC 27510
Elise Garland Hamilton,257 Sweet Bay Pl,Carrboro NC 27510
Kelsey Ann Hammersley,203 Weathervane Dr,Carrboro NC 27510
Carol Buxton Hamon,108 Watters Rd,Carrboro NC 27510
Ghassan Badri Hamra,108 Pleasant Dr #B,Carrboro NC 27510
Adrian Edgar Hands,200 Purple Leaf Pl,Carrboro NC 27510
Alethea Williamson Hardy,228 Stable Rd,Carrboro NC 27510
Thomas Lamont Hardy,1104 N Greensboro St #2,Carrboro NC 27510
Thomas Laine Harling,104 Brewer Ln #B2,Carrboro NC 27510
Sally Frances Harmon,103 Boyd St,Carrboro NC 27510
Gillian Stephanie Harper,300 Broad St,Carrboro NC 27510
Wycliffe Harrigan,149 Viburnum Way,Carrboro NC 27510
Fannie Marie Harrington,102 Crest St #A,Carrboro NC 27510
Tyler Bishop Harrington,504 N Greensboro St #B,Carrboro NC 27510
Christopher Scott Harris,306 Estes Drive Ext #Q7,Carrboro NC 27510
Kathryn McCanna Harris,251 Sweet Bay Pl,Carrboro NC 27510
Dianne Harrison,1202 N Greensboro St,Carrboro NC 27510
Eliza D Harrison,605 Oak Ave,Carrboro NC 27510
William Carroll Harrison Jr,204 Oak Ave,Carrboro NC 27510
Lauren Ann Hart,104 Brewer Ln #C4,Carrboro NC 27510
Mary Lee Hartman,306 Sweet Bay Pl,Carrboro NC 27510
Timothy Lionel Hart,103 Red Sunset Pl,Carrboro NC 27510
Jane McKelvey Harwell,609 Shelton St,Carrboro NC 27510
Robert E Harwell III,105 Shelton St,Carrboro NC 27510
Naveed Pirzada Hassan,102 Williams St,Carrboro NC 27510
Emily Elizabeth Hass,106 Purple Leaf Pl,Carrboro NC 27510
Joanna Kathleen Hawkins,265 Sweet Bay Pl,Carrboro NC 27510
Amber Selena Hayes,111 Roberts St,Carrboro NC 27510
Barbara Michael Hayes,105 Viburnum Way,Carrboro NC 27510
Teresa Marquerite Hayes,111 Roberts St,Carrboro NC 27510
Wendy Carter Hayes,506 N Greensboro St #36,Carrboro NC 27510
Nancy Buck Hearon,105 Lindsay St,Carrboro NC 27510
Dianne Onieda Heath,306 Estes Drive Ext #I-18,Carrboro NC 27510
Henry James Hebert,104 Brewer Ln #C5,Carrboro NC 27510
David Hedeman,111 Mulberry St #C,Carrboro NC 27510
Mark Andrew Hedlund,103 Jones Lake Rd,Carrboro NC 27510
Matthew Frederick Hedt,502 Crest St,Carrboro NC 27510
Matthew Karl Heitz,107 Red Sunset Pl,Carrboro NC 27510
Naomi Jean Heitz,107 Red Sunset Pl,Carrboro NC 27510
Elizabeth Gross Heller,309 Broad St #A,Carrboro NC 27510
Margaret Carpenter Hennessey,104 Brewer Ln #C4,Carrboro NC 27510
Roman Santiago Hernandez,123 Estes Drive Ext,Carrboro NC 27510
Catherine Herzog,1104 N Greensboro St #7,Carrboro NC 27510
Sarah Anne Hess,206 Broad St,Carrboro NC 27510
Benjamin Wheatstone Heumann,202 Maple Ave #A,Carrboro NC 27510
Naomi J Hewett,204 Pleasant Dr,Carrboro NC 27510
Sarah Margaret Heying,407 N Greensboro St,Carrboro NC 27510
Julia Carolyn Hicks,101 Thomas Ln #D1,Carrboro NC 27510
Abby Darlene Hill,116 Elm St,Carrboro NC 27510
Latorya Delois Hill,306 Estes Drive Ext #L2,Carrboro NC 27510
Alison Sue Rose Hilton,105 Watters Rd,Carrboro NC 27510
Paul Edward Hinson,100 Williams St #B,Carrboro NC 27510
Betty P Hitchcock,102 Weathervane Dr,Carrboro NC 27510
Thomas Jefferson Hoban,100 Mulberry St,Carrboro NC 27510
Shannon Janette Hochman,104 Boyd St,Carrboro NC 27510
Katherine Keene Hogue,104 W Main St #1,Carrboro NC 27510
Elizabeth L Holdzkom,121 Estes Drive Ext,Carrboro NC 27510
Nicholas Joseph Holdzkom,121 Estes Drive Ext,Carrboro NC 27510
Jamie Elizabeth Holland,103 Shelton St,Carrboro NC 27510
Mark J Hollar Jr,306 Estes Drive Ext #B13,Carrboro NC 27510
John Arthur Holman Sr,110 W Main St,Carrboro NC 27510
Mark R Holmes,107 Estes Drive Ext,Carrboro NC 27510
Brittany Morgan Honeycutt,116 Elm St,Carrboro NC 27510
Darwin Kurt Hoop,133 Viburnum Way,Carrboro NC 27510
Joseph Edward Horton,306 Estes Drive Ext #H9,Carrboro NC 27510
Brian Gray Howe,1100 N Greensboro St,Carrboro NC 27510
Matthew Hoyle,306 Estes Drive Ext #I-6,Carrboro NC 27510
Seint Seint Htun,306 Estes Drive Ext #B20,Carrboro NC 27510
Melissa Hubbard,104 Brewer Ln #C3,Carrboro NC 27510
Kevin Dixon Hudnell,200 Broad St #B,Carrboro NC 27510
Clay W Hudson,PO Box 1051,Carrboro NC 27510
Gerald Hull,220 Broad St,Carrboro NC 27510
Kara Anne Hume,100 Williams St #B,Carrboro NC 27510
Kathleen Marie Hume,201 Estes Drive Ext #A,Carrboro NC 27510
Mary Patricia Hume,201 Estes Drive Ext #A,Carrboro NC 27510
Kaitlin Emelia Hunkele,112 Hillcrest Ave,Carrboro NC 27510
George William Huntley III,306 Sweet Bay Pl,Carrboro NC 27510
Judy Suitt Huntsman,205 Shelton St,Carrboro NC 27510
Allen Hartley Hurlbert,209 Broad St,Carrboro NC 27510
Rachel Catherine Huxford,306 Estes Drive Ext #M2,Carrboro NC 27510
Francesca Vivian Hyatt,200 E Poplar Ave,Carrboro NC 27510
Virginia Katherine Maria Ikenberry,155 Viburnum Way,Carrboro NC 27510
William Logan Ince,109 E Poplar Ave,Carrboro NC 27510
Brannon Dobbs Ingram,206 Broad St,Carrboro NC 27510
Erica Danielle Irvin,104 Brewer Ln #A4,Carrboro NC 27510
Jamarious Amar Irving,111 Eugene St,Carrboro NC 27510
Mary Louise Irving,111 Eugene St,Carrboro NC 27510
Cassandra Jabara,104 Pleasant Dr,Carrboro NC 27510
Christopher Warren Jackson,114 Elm St,Carrboro NC 27510
Elizabeth Fletcher Jackson,205 Stable Rd,Carrboro NC 27510
Marion Cheek Jackson,124 S Merritt Mill Rd,Chapel Hill NC 27516
Philip Frederick Jackson Jr,209 Broad St,Carrboro NC 27510
Sarah Frances Jackson,114 Elm St,Carrboro NC 27510
Adrianne Kathleen Jacobs,606 N Greensboro St #D2,Carrboro NC 27510
Alexander Isaac Jacobs,606 N Greensboro St #D2,Carrboro NC 27510
Laura Kristen Jacobsen,1104 N Greensboro St,Carrboro NC 27510
Gregory Neil Jansen,177 Viburnum Way,Carrboro NC 27510
Jonathan Michael Jeffers,100 Hanna St #1a,Carrboro NC 27510
Sandra Williams Jefferson,204 Lindsay St,Carrboro NC 27510
Mariea Antuonette Jeffries,605 Oak Ave #B2,Carrboro NC 27510
Errol Hass Jenghis,109 Hill St,Carrboro NC 27510
Stephen Stanton Jenks,165 Viburnum Way,Carrboro NC 27510
Finith Ewin Jernigan III,317 Sweet Bay Pl,Carrboro NC 27510
Matthew Jacob Jessee,201 Purple Leaf Pl,Carrboro NC 27510
Susan Rachele Jessup,103 Hanna St #B,Carrboro NC 27510
Sharin Dehese Jihad,404 Lloyd St,Carrboro NC 27510
David Michael John,112 Estes Drive Ext #B,Carrboro NC 27510
Amy Williams Johnson,100 Hillview St #B,Carrboro NC 27510
Belinda Marie Johnson,101 Cobb St,Carrboro NC 27510
Jeffrey Scott Johnson,279 Sweet Bay Pl,Carrboro NC 27510
Kathryn Marie Johnson,409 Broad St,Carrboro NC 27510
Krystal Brown Johnson,279 Sweet Bay Pl,Carrboro NC 27510
Michelle Cassandra Johnson,109 Center St,Carrboro NC 27510
Patrick William Johnson,506 N Greensboro St #18,Carrboro NC 27510
Richard Troy Johnson,100 Hillview St #B,Carrboro NC 27510
Trent Ober Johnson,104 Thomas Ln,Carrboro NC 27510
Katherine Miles Johnston,400 Lloyd St,Carrboro NC 27510
Leslie Ryon Jolley,103 Center St,Carrboro NC 27510
Alvino Lamont Jones,104 Starlite Dr,Carrboro NC 27510
Christopher Robert Jones,1100 N Greensboro St,Carrboro NC 27510
Corey Lewis Jones,101 Eugene St #F,Carrboro NC 27510
James Junior Jones,306 Estes Drive Ext #J5,Carrboro NC 27510
Pearlie M Jones,PO Box 373,Carrboro NC 27510
Robert Wayne Jones,110 Hanna St #A,Carrboro NC 27510
Jessica Jones-Smith,606 N Greensboro St #D3,Carrboro NC 27510
Stevie L Jones,114 Eugene St,Carrboro NC 27510
Warren Jonathan Jones,104 Starlite Dr,Carrboro NC 27510
Shannon Elaine Jordan,147 Viburnum Way,Carrboro NC 27510
Robert Napoleon Joyner Jr,100 Purple Leaf Pl,Carrboro NC 27510
Damir I Kadija,1300 N Greensboro St #C,Carrboro NC 27510
Greta Elizabeth Kaempf,115 Estes Drive Ext,Carrboro NC 27510
Dionysios Stavros Kakouras,100 Hanna St #A,Carrboro NC 27510
Anna Pauline Kanoy,201 Weathervane Dr,Carrboro NC 27510
Mindy Lange Kash,117-B Hanna St,Carrboro NC 27510
Bouchaib Kassabi,306 Estes Drive Ext #A9,Carrboro NC 27510
Mark Emanuel Katz,215 Stable Rd,Carrboro NC 27510
Amanda Ruth Kaufman,104 Pleasant Dr,Carrboro NC 27510
Helen Elizabeth Kearns,404 Broad St,Carrboro NC 27510
Eric Peter Keller,708 W Rosemary St #3,Carrboro NC 27510
Truphenia Michelle Kelley,105 Cobb St,Carrboro NC 27510
Tsenia Cherrelle Kelley,105 Cobb St,Carrboro NC 27510
Robin Doreen Kelly,306 Estes Drive Ext #120,Carrboro NC 27510
Elias Andrew Kennedy,203 E Carr St,Carrboro NC 27510
Sarah Jayne Kenney,302 W Main St,Carrboro NC 27510
Jill Sherene Kerr,243 Stable Rd,Carrboro NC 27510
Nathan Robert Kesegi,110 Estes Drive Ext #C,Carrboro NC 27510
John Clark Killough,1202 N Greensboro St,Carrboro NC 27510
Victoria Sun Kim,212 Maple Ave,Carrboro NC 27510
Seneta Rocarol King,105 Fowler St #A,Carrboro NC 27510
Emily Elizabeth Kiser,104 Brewer Ln #A2,Carrboro NC 27510
Pam Faye Kline,104 W Main St #2,Carrboro NC 27510
Delaney Reeves Kloesel,407 N Greensboro St,Carrboro NC 27510
Joshua Baynard Kolling Perin,108 Red Sunset Pl,Carrboro NC 27510
Marc Rand Kolman,183 Viburnum Way,Carrboro NC 27510
Soleil Ananda Konkel,118 Estes Drive Ext #A,Carrboro NC 27510
Thomas Fredrick Koonce,212 Purple Leaf Pl,Carrboro NC 27510
Stephen Herr Koons,PO Box 16684,Chapel Hill NC 27516
Heather Koopmans,102 E Poplar Ave,Carrboro NC 27510
Alexandra Bryce Athena Koukopoulos,407 N Greensboro St,Carrboro NC 27510
Stephanie Anne Kurek,101 Thomas Ln #D4,Carrboro NC 27510
John Michael Kurtz,409 Broad St,Carrboro NC 27510
Amanda Lizabeth Lail,506 N Greensboro St #25,Carrboro NC 27510
Robert William Lamb,103 Evans Ct,Carrboro NC 27510
John Barret Lancaster,105 Hillview St,Carrboro NC 27510
Damon Christopher Lapas,114 Estes Drive Ext #G,Carrboro NC 27510
Michael Steven Laslie,506 N Greensboro St,Carrboro NC 27510
Daniel Sellers Lawrence,1100 N Greensboro St,Carrboro NC 27510
Leah Michelle Lawrence,417 S Greensboro St #A,Carrboro NC 27510
Jason Lazar,112 Estes Drive Ext #D,Carrboro NC 27510
Ethan Mark Lechner,131 Viburnum Way,Carrboro NC 27510
Jessica Jane Leddington,702 N Greensboro St #A,Carrboro NC 27510
Damien Lamonte Lee,124 S Merritt Mill Rd,Chapel Hill NC 27516
Darren Russell Lee,107 E Poplar Ave,Carrboro NC 27510
Joseph Harrison Lee,506 N Greensboro St #24,Carrboro NC 27510
Karie Jackson Lee,500 S Greensboro St,Carrboro NC 27510
Rachel Evelyn Leeman-Munk,313 Sweet Bay Pl,Carrboro NC 27510
Samuel Paul Leeman-Munk,313 Sweet Bay Pl,Carrboro NC 27510
Tessa Margaret Lee,207 Oak Ave,Carrboro NC 27510
Lyle Robert Leitelt,115 N Merritt Mill Rd #202,Chapel Hill NC 27516
Veronica Mishal Lett,105 Pleasant Dr #E,Carrboro NC 27510
Benjamin Acker Levinthal,606 N Greensboro St #B1,Carrboro NC 27510
Jennifer May Lewis,506 N Greensboro St #37,Carrboro NC 27510
Connie B Lipton,100 Hillcrest Ave #B,Carrboro NC 27510
Gregory Andrew Lipton,100 Hillcrest Ave #B,Carrboro NC 27510
Vanessa Ferreira Litwinski,231 Sweet Bay Pl,Carrboro NC 27510
Pai Liu,121 Hanna St,Carrboro NC 27510
Sharon Patricia Livingston,306 Estes Drive Ext #H3,Carrboro NC 27510
Taneisha Shalanda Livingston,306 Estes Drive Ext #H3,Carrboro NC 27510
Joseph Nicholas Lobuglio,147 Viburnum Way,Carrboro NC 27510
Martin Eulee Locklear,302 Oak Ave,Carrboro NC 27510
Brenda Joyce Loftin,506 N Greensboro St #48,Carrboro NC 27510
Sarah Dandridge Logan,102 W Main St #5,Carrboro NC 27510
Lydia Maria Lopez,200 E Poplar Ave,Carrboro NC 27510
Jeanne Genre Lorio,104 Weathervane Dr,Carrboro NC 27510
Cory William Lown,110 Estes Drive Ext #C,Carrboro NC 27510
Martha Katherine Lucente,227 Stable Rd,Carrboro NC 27510
Stephen William Lucente,227 Stable Rd,Carrboro NC 27510
Peter Truesdell Lucey,100 Pleasant Dr,Carrboro NC 27510
Emma Terese Lundsmith,405 S Greensboro St,Carrboro NC 27510
Robert Daniel Lupton,1102 N Greensboro St,Carrboro NC 27510
Meghan Ruth Lyon,1104 N Greensboro St #6,Carrboro NC 27510
Emily Rainer Macguire,103 Hanna St #A,Carrboro NC 27510
Davette Antwain Mack,306 Estes Drive Ext #D-1,Carrboro NC 27510
Amy Marie Mackey,277 Sweet Bay Pl,Carrboro NC 27510
Chris Ryan Magnuson,208 Broad St,Carrboro NC 27510
Mary Elizabeth Maloney,107 Hanna St #B,Carrboro NC 27510
George Hodgeson Manlove,300 Pleasant Dr #A,Carrboro NC 27510
David Allen Manly,1100 N Greensboro St #A,Carrboro NC 27510
Kennieth Devane Mann,306 Estes Drive Ext #N1,Carrboro NC 27510
Kenneth David Marcus,1202 N Greensboro St,Carrboro NC 27510
Benyamin Margolis,506 N Greensboro St #16,Carrboro NC 27510
Alexander John Markiewicz,403 S Greensboro St #A,Carrboro NC 27510
Jan Meredith Markiewicz,403 S Greensboro St #A,Carrboro NC 27510
Molly Meredith Markiewicz,403 S Greensboro St #A,Carrboro NC 27510
Constantine Markopoulos,105 Pleasant Dr #A,Carrboro NC 27510
Kenari Victoria Marks,100 Pryersmill Rd,Cary NC 27519
Lara Batya Marks,1104 N Greensboro St #10,Carrboro NC 27510
Carolyn R Marlow,120 Hanna St,Carrboro NC 27510
Jamie Donald Marlow,120 Hanna St,Carrboro NC 27510
Mary Frances Marshall,305 E Poplar Ave,Carrboro NC 27510
Elizabeth Jane Marsh,253 Sweet Bay Pl,Carrboro NC 27510
Roy Mars,104 Ashe St,Carrboro NC 27510
Andrew James Martin,800 N Greensboro St,Carrboro NC 27510
Tyler Luis Martinez,423 S Greensboro St,Carrboro NC 27510
John Morgan Martin,112 Hanna St,Carrboro NC 27510
Amanda Lauren Marzbani,214 Sweet Bay Pl,Carrboro NC 27510
Shaun Patric Mason,506 N Greensboro St #35,Carrboro NC 27510
Virginia Louise Massey,103 Viburnum Way,Carrboro NC 27510
Brian Edward Mathieson,306 Estes Drive Ext #Q9,Carrboro NC 27510
Sarah Caitlin Mattingly,506 N Greensboro St #1,Carrboro NC 27510
Angela Ransom Maynor,101 Thomas Ln #A2,Carrboro NC 27510
John Patton McAllister,221 Stable Rd,Carrboro NC 27510
Christopher Ray McBride,605 Oak Ave #K3,Carrboro NC 27510
Cari Michelle McCachren,101 Thomas Ln #B3,Carrboro NC 27510
Gaea Annice McCaig,104 Brewer Ln #C8,Carrboro NC 27510
Ross Eric McCallum,201 Lindsay St,Carrboro NC 27510
Sean Michael McCarthy,101 Hillcrest Ave,Carrboro NC 27510
Sharon Ann McCauley,306 Estes Drive Ext #M7,Carrboro NC 27510
Sheila Ann McCauley,306 Estes Drive Ext #M7,Carrboro NC 27510
Aquilla Mechelle McClearn,605 Oak Ave #L3,Carrboro NC 27510
James Thomas McClernon,1202 N Greensboro St,Carrboro NC 27510
Karen Kay McCollough,113 Viburnum Way,Carrboro NC 27510
Rebecca Evans McCoy,401 S Greensboro St,Carrboro NC 27510
Natasha Isabel McCurley,700 N Greensboro St,Carrboro NC 27510
Jennifer J McDaneld,239 Sweet Bay Pl,Carrboro NC 27510
Charles John McGeehan,115 Estes Drive Ext,Carrboro NC 27510
Patricia Annette McGinnis,101 Hillview St #1,Carrboro NC 27510
James Craig McGlothlin,115 N Merritt Mill Rd #207,Chapel Hill NC 27516
Alex Bryson McHardy,102 Elm St #A,Carrboro NC 27510
Pat McKinley,100 Eugene St,Carrboro NC 27510
Cynthia Lay McLaren,106 Ashe St,Carrboro NC 27510
Philip Gabriel McLaughlin,107 Starlite Dr,Carrboro NC 27510
Nancy Helen McMichaels,103 Mulberry St,Carrboro NC 27510
Andrew Cuttino McNulty,700 N Greensboro St,Carrboro NC 27510
Rex Alex McQueen,306 Estes Drive Ext #P-9,Carrboro NC 27510
Beverly Rogers McSwain,605 Oak Ave #D1,Carrboro NC 27510
Kirstie Shavon McSwain,605 Oak Ave #D1,Carrboro NC 27510
Gwen L McWilliams,233 Stable Rd,Carrboro NC 27510
James Michael McWilliams,233 Stable Rd,Carrboro NC 27510
Jane Wood Meads,109 Elm St,Carrboro NC 27510
Anthony Mebane,110 W Main St,Carrboro NC 27510
Geoffrey Brian Medcalf,115 N Merritt Mill Rd #308,Chapel Hill NC 27516
Raquel Pineda Mejia,109 Hanna St #B,Carrboro NC 27510
Junaid Salim Merchant,1006 N Greensboro St,Carrboro NC 27510
Lisa Jenise Meyer,149 Viburnum Way,Carrboro NC 27510
Robin Louis Michler,504 N Greensboro St #E,Carrboro NC 27510
Guy Milhalter,101 Thomas Ln #B-3,Carrboro NC 27510
Stephen Henry Millender II,101 Hanna St,Carrboro NC 27510
Brian William Miller,606 N Greensboro St #C1,Carrboro NC 27510
Lori Ann Miller,606 N Greensboro St #A4,Carrboro NC 27510
Melody Grace Miller,117 Hanna St #B,Carrboro NC 27510
Riley Valenti Miller,108 Estes Drive Ext #A,Carrboro NC 27510
Sally Kate Miller,118 Estes Drive Ext #A,Carrboro NC 27510
Linda Misiura,200 E Carr St,Carrboro NC 27510
Charles Earn Mitchell,605 Oak Ave #L1,Carrboro NC 27510
Lakesha Nicole Mitchell,301 Crest St,Carrboro NC 27510
Sophia R Mitchell,112 Eugene St,Carrboro NC 27510
Christina Frances Mobley,108 Eugene St,Carrboro NC 27510
Lindsey Joan Mockel,105 Estes Drive Ext #B,Carrboro NC 27510
George Mojica,106 Williams St,Carrboro NC 27510
Bobby Montez,306 Estes Drive Ext #M-5,Carrboro NC 27510
Brigida Rebecca Montez,306 Estes Drive Ext #M-5,Carrboro NC 27510
Katrina Dianne Montez,306 Estes Drive Ext #M5,Carrboro NC 27510
Kianna L Moore,115 N Merritt Mill Rd #208,Chapel Hill NC 27516
Stephen Lee Moore,108 Ashe St,Carrboro NC 27510
William Everett Moore III,606 N Greensboro St #B-5,Carrboro NC 27510
Jason Edward Morales,506 N Greensboro St #1,Carrboro NC 27510
Andrew Marvin Moran,283 Sweet Bay Pl,Carrboro NC 27510
Sarah Barksdale Morgan,800 N Greensboro St,Carrboro NC 27510
Jacqueline Anne Morningstar,159 Viburnum Way,Carrboro NC 27510
Scott N Morningstar,185 Viburnum Way,Carrboro NC 27510
Ingrid H Morris,245 Stable Rd,Carrboro NC 27510
Robert C Morris,245 Stable Rd,Carrboro NC 27510
Beverly J Morrow,109 Starlite Dr,Carrboro NC 27510
Walter Neal Morrow,PO Box 856,Chapel Hill NC 27514
Ainsley Elizabeth Morse,112 Hanna St,Carrboro NC 27510
Emilie Grace Moseley,104 Brewer Ln #B4,Carrboro NC 27510
Guy Rutherford Mossman,302 W Main St,Carrboro NC 27510
Phyllis Mary Moyer,304 Sweet Bay Pl,Carrboro NC 27510
Daniel Jeffrey Moyles,101 Thomas Ln #C-1,Carrboro NC 27510
Bevin Mary Kassandra Mraw,306 Estes Drive Ext #J4,Carrboro NC 27510
Brenna Maria Muldavin,133 Viburnum Way,Carrboro NC 27510
Molly Katherine Mullin,1104 N Greensboro St #8,Carrboro NC 27510
Leigh Nathan Mundis,108 Estes Drive Ext #D,Carrboro NC 27510
Allison Elizabeth Murphy,102 Crest St #D,Carrboro NC 27510
Gayle Yvette Murrell,118 Hanna St,Carrboro NC 27510
James Webster Murrell,110 Williams St,Carrboro NC 27510
Marcus Webster Murrell,110 Williams St,Carrboro NC 27510
Ruhiyyih Serene Myers,100 Crest St #B,Carrboro NC 27510
Jonathan Carrington Nagy,306 Estes Drive Ext #G6,Carrboro NC 27510
Lawrence Jay Naumoff,109 Viburnum Way,Carrboro NC 27510
Michael Alexander Naumoff,109 Viburnum Way,Carrboro NC 27510
Lindsey Rebecca Naylor,302 Oak Ave,Carrboro NC 27510
Matthew Hobbs Neal,109 Shelton St,Carrboro NC 27510
Sheila Dalton Neal,109 Shelton St,Carrboro NC 27510
Eric Christian Nessl,102 Eugene St,Carrboro NC 27510
Lauren Vesilind Neufeld,139 Viburnum Way,Carrboro NC 27510
Evelyn Neville,103 Hillview St,Carrboro NC 27510
Jack W Neville,103 Hillview St,Carrboro NC 27510
John Taj Alexander Neville,504 N Greensboro St #A,Carrboro NC 27510
Markest Bui Nguyen,506 N Greensboro St #3,Carrboro NC 27510
Janaki Nicastro,100 Williams St #C,Carrboro NC 27510
Paris Nathaniel Nicholls,104 Brewer Ln #C5,Carrboro NC 27510
Jessica Leigh Nichols,506 N Greensboro St #9,Carrboro NC 27510
Antoinette Joan Nienaber,222 Broad St #A,Carrboro NC 27510
Joseph Carter Nienaber,222 Broad St #A,Carrboro NC 27510
Emma Nieradka,306 Estes Drive Ext #P15,Carrboro NC 27510
Harriet Divoky Nittoli,114 Hanna St #A,Carrboro NC 27510
Robert Keniston Noti,104 W Main St #3,Carrboro NC 27510
Stephanie Hope Nowotarski,200 E Carr St,Carrboro NC 27510
Nkechinyere Ofonna Nwoko,101 Hillview St #2,Carrboro NC 27510
Lars Siegfried Nyland,241 Stable Rd,Carrboro NC 27510
Anann Clare Obrien,214 Maple Ave,Carrboro NC 27510
Princess Nyanjiga Ojiaku,110 Estes Drive Ext #A,Carrboro NC 27510
Tina Louise Ongoro,306 Estes Drive Ext #G16,Carrboro NC 27510
Fabio A Ortiz,506 N Greensboro St #41,Carrboro NC 27510
Shanna Kathleen Oskin,203 Brewer Ln,Carrboro NC 27510
Lyndsi Elizabeth Ostrow,101 Thomas Ln #D4,Carrboro NC 27510
Jeffrey Alan Ottman,200 Purple Leaf Pl,Carrboro NC 27510
Eloise Owens,PO Box 1084,Carrboro NC 27510
Danny Tyrone Page,107 Eugene St,Carrboro NC 27510
Uvonne Denise Page,306 Estes Drive Ext #B-3,Carrboro NC 27510
Yvonne Wanda Page,107 Eugene St,Carrboro NC 27510
Ricardo Manuel Palao,103 Boyd St,Carrboro NC 27510
Reed Nelson Palmer,254 Sweet Bay Pl,Carrboro NC 27510
Robert Eugene Palmer,236 Sweet Bay Pl,Carrboro NC 27510
Carley W Pardington,307 Oak Ave,Carrboro NC 27510
Mary Lide Parker,407 N Greensboro St,Carrboro NC 27510
Alicia Marie Parlapiano,281 Sweet Bay Pl,Carrboro NC 27510
John William Parsons Jr,110 W Main St,Carrboro NC 27510
Kinsley Rae Parsons,600 N Greensboro St #C,Carrboro NC 27510
Debra Rae Patterson,237 Sweet Bay Pl,Carrboro NC 27510
Robert Lee Patterson,102 Ashe St #A,Carrboro NC 27510
Brian James Paulson,401 E Poplar Ave #B,Carrboro NC 27510
Brian Keith Payne,253 Sweet Bay Pl,Carrboro NC 27510
Paula Jane Pazderka,283 Sweet Bay Pl,Carrboro NC 27510
Melissa Kate Pearce,202 Maple Ave #B,Carrboro NC 27510
Carl Nicholas Peay,1104 N Greensboro St #11,Carrboro NC 27510
Joel David Peck,209 Broad St,Carrboro NC 27510
Dawn Aolani Peebles,117 Viburnum Way,Carrboro NC 27510
Sam Brock Pellerito,101 Thomas Ln #D4,Carrboro NC 27510
Gladys Thompson Pendergraph,120 S Merritt Mill Rd,Chapel Hill NC 27516
Katherine Ann Pepin,606 N Greensboro St #C3,Carrboro NC 27510
Hampton Miles Perry,808 S Merritt Mill Rd,Carrboro NC 27510
Kenneth Allan Perry,109 Hanna St #A,Carrboro NC 27510
Lindsay Elizabeth Perry,301 Pleasant Dr #A,Carrboro NC 27510
Marjorie Hunter Petersen,700 N Greensboro St,Carrboro NC 27510
Kimberly Ann Peters,101 Pleasant Dr,Carrboro NC 27510
Samantha Leigh Peterson,506 N Greensboro St #49,Carrboro NC 27510
Emily Elizabeth Phelps,103 Harvest Ct,Carrboro NC 27510
Patricia Voegele Phelps,103 Harvest Ct,Carrboro NC 27510
Wesley Scott Phillips,503 E Poplar Ave,Carrboro NC 27510
Gloria Pierce,PO Box 9982,Chapel Hill NC 27515
John Thomas Pierce Jr,112 Eugene St,Carrboro NC 27510
Matthew Warren Pierce,104 Hillcrest Ave #B,Carrboro NC 27510
Sophie Elizabeth Piesse,100 Purple Leaf Pl,Carrboro NC 27510
Paloma Pineda,306 Estes Drive Ext #E13,Carrboro NC 27510
Donald D Pio,102 Hillview St,Carrboro NC 27510
James Benton Pittard Jr,1006 N Greensboro St,Carrboro NC 27510
Brandon David Pittman,111 Estes Drive Ext #A,Carrboro NC 27510
John E Podlipec,1202 N Greensboro St,Carrboro NC 27510
Elise Christianne Pohl,1104 N Greensboro St #4,Carrboro NC 27510
Matthew Scott Poindexter,104 Brewer Ln #C-2,Carrboro NC 27510
Kelly Clark Policelli,506 N Greensboro St #11,Carrboro NC 27510
Robert Aidan Policelli,506 N Greensboro St #11,Carrboro NC 27510
Eunice Mirian Polido,PO Box 1112,Carrboro NC 27510
Gabriel Adam Pollock,204 Oak Ave,Carrboro NC 27510
Katherine Anderson Pollok,407 N Greensboro St,Carrboro NC 27510
Taylor Bennett Pope,251 Sweet Bay Pl,Carrboro NC 27510
Dianna Adele Potter,406 Lloyd St,Carrboro NC 27510
John Orlow Potts,104 Boyd St,Carrboro NC 27510
Larry Jay Powell,203 Stable Rd,Carrboro NC 27510
Susan Linda Powell,203 Stable Rd,Carrboro NC 27510
Avinash Janardan Prasad,112 Hillcrest Ave,Carrboro NC 27510
Henry Airheart Presler,217 Stable Rd,Carrboro NC 27510
Judith Heiss Presler,217 Stable Rd,Carrboro NC 27510
Adam Ofallon Price,115 N Merritt Mill Rd #304,Chapel Hill NC 27516
Joseph Thomas Principe,108 Elm St,Carrboro NC 27510
Larry Edward Proctor,122 Estes Drive Ext,Carrboro NC 27510
Gary David Propst,110 W Main St,Carrboro NC 27510
Thomas Charles Pullard,271 Sweet Bay Pl,Carrboro NC 27510
Stacey Lynn Qandil,106 Pleasant Dr #A,Carrboro NC 27510
Alexander Harrison Queen,101 Thomas Ln #C1,Carrboro NC 27510
Karl Walter Rabe,PO Box 709,Richwood Wv 26261
Scott Alan Ragland,246 Sweet Bay Pl,Carrboro NC 27510
Merrick Nichols Rahl,108 Hanna St,Carrboro NC 27510
Alexander Nathan Raines,102 Red Sunset Pl,Carrboro NC 27510
Elizabeth Halsey Freeman Raines,102 Red Sunset Pl,Carrboro NC 27510
Lorelei Rao,1104 N Greensboro St #15,Carrboro NC 27510
Lindsey Mary Rava,700 N Greensboro St,Carrboro NC 27510
Kiran Bellan Reddy,103 Hargraves St #C,Carrboro NC 27510
Tara Reed,401 E Poplar Ave #B,Carrboro NC 27510
Harvey Reginald Reid,105 Hargraves St,Carrboro NC 27510
Robert Earl Rempher,504 N Greensboro St #C,Carrboro NC 27510
P. Douglas Renfrew,105 Starlite Dr #B,Carrboro NC 27510
Meagan Brooke Renigar,104 Brewer Ln #A1,Carrboro NC 27510
Breniecia Angelica Reuben,404 Broad St,Carrboro NC 27510
Rufina Reyes De Santiago,123 Estes Drive Ext,Carrboro NC 27510
Charles Patrick Reynolds,700 N Greensboro St,Carrboro NC 27510
Howard Wuk Rhee,116 Purple Leaf Pl,Carrboro NC 27510
Margaret Ansbacher Rhee,116 Purple Leaf Pl,Carrboro NC 27510
Brendan Timothy Rice,504 N Greensboro St #B,Carrboro NC 27510
Michael Brinson Richardson,306 Estes Drive Ext #H16,Carrboro NC 27510
Steven David Richmond,225 Stable Rd,Carrboro NC 27510
William Robert Ridenour,102 Crest St #C,Carrboro NC 27510
Catherine Elizabeth Rierson,407 N Greensboro St,Carrboro NC 27510
John Herbert Rigdon,114 Watters Rd,Carrboro NC 27510
Joseph Bradford Rigdon Jr,114 Watters Rd,Carrboro NC 27510
Donnie Lee Riggsbee,116 Eugene St,Carrboro NC 27510
Henrietta D Riggsbee,104 Watters Rd,Carrboro NC 27510
Janell L Riggsbee,116 Eugene St,Carrboro NC 27510
Nyeka L Riggsbee,116 Eugene St,Carrboro NC 27510
Sandra Riggsbee,116 Eugene St,Carrboro NC 27510
David Peter Rinaldi,108 Estes Drive Ext #B,Carrboro NC 27510
Margery Anne Rinaldi,506 N Greensboro St #12,Carrboro NC 27510
Eston Travis Rives,103 Hillview St,Carrboro NC 27510
Jerome Roberson,101 Lindsay St,Carrboro NC 27510
Cheryl Ann Roberts,252 Sweet Bay Pl,Carrboro NC 27510
Joseph Howell Robertson III,129 Estes Drive Ext,Carrboro NC 27510
Kathleen G Robertson,124 Estes Drive Ext,Carrboro NC 27510
Benjamin Harper Robinson,306 Estes Drive Ext #P16,Carrboro NC 27510
Kelly Lynn Robinson,104 Brewer Ln #C8,Carrboro NC 27510
Omar Justin Robles,502 N Greensboro St #3,Carrboro NC 27510
Susan Jane Rodemeir,309 Shelton St,Carrboro NC 27510
Lexie Mariel Rodriguez,104 Brewer Ln #C-8,Carrboro NC 27510
Adam Scott Rogers,306 Estes Drive Ext #J-16,Carrboro NC 27510
Adam Searle Rogers,301 Pleasant Dr #1,Carrboro NC 27510
Tikisha Lavon Rogers,605 Oak Ave #K4,Carrboro NC 27510
James G Romeo,202 E Poplar Ave,Carrboro NC 27510
Jennifer Lovatt Romeo,202 E Poplar Ave,Carrboro NC 27510
Joseph Michael Romeo,400 W Main St,Carrboro NC 27510
Megan Elizabeth Romeo,400 W Main St #A,Carrboro NC 27510
Jacqueline A Rone,605 Oak Ave #G2,Carrboro NC 27510
Jordan Eilber Rosado,114 Estes Drive Ext #B,Carrboro NC 27510
Richard Rosa,315 Sweet Bay Pl,Carrboro NC 27510
Nora Ellen Rosenberg,102 E Carr St,Carrboro NC 27510
Kelly Brooke Ross,1102 N Greensboro St,Carrboro NC 27510
Shermika Latrice Ross,605 Oak Ave #K-1,Carrboro NC 27510
Vanessa Rose Roth,506 N Greensboro St #10,Carrboro NC 27510
Charles Anna Rowe,104 W Main St #2,Carrboro NC 27510
Jacquelyn Ann Rowley,265 Sweet Bay Pl,Carrboro NC 27510
Matthew Jason Roybal,104 Center St,Carrboro NC 27510
Betty Marie Rupp,103 Hillcrest Ave,Carrboro NC 27510
Stephanie Louise Russ,102 W Main St #2,Carrboro NC 27510
Robert Clark Rutherford,103 Estes Drive Ext,Carrboro NC 27510
Anne W Sadler,102 Watters Rd,Carrboro NC 27510
Irene Alice Sadler,102 Watters Rd,Carrboro NC 27510
James Charles Sadler Jr,102 Watters Rd,Carrboro NC 27510
Marian Florence Sadler,102 Watters Rd,Carrboro NC 27510
Jesse Aaron Safir,110 Hillcrest Ave,Carrboro NC 27510
Melanie Lynne Safir,110 Hillcrest Ave,Carrboro NC 27510
Frank Edward Salantrie,101 Lindsay St,Carrboro NC 27510
Lynn Sue Salazar-Wadford,102 Pleasant Dr #B,Carrboro NC 27510
Dana Jean Saleeby,201 Estes Drive Ext #D,Carrboro NC 27510
Ghazaleh Samandari,256 Sweet Bay Pl,Carrboro NC 27510
Kari Ann Samuel,506 N Greensboro St #15,Carrboro NC 27510
Edward Santilli,306 Estes Drive Ext #G-10,Carrboro NC 27510
Arjun Kumar Sanyal,506 N Greensboro St #16,Carrboro NC 27510
William Marsh Sasser,106 W Main St,Carrboro NC 27510
Sara Beth Satinsky,302 Pleasant Dr,Carrboro NC 27510
Teairra Renee Saunders,105 Hargraves St,Carrboro NC 27510
Jennifer Elizabeth Scepanski,101 Thomas Ln #D4,Carrboro NC 27510
Adam R Schaefer,108 Pleasant Dr #A,Carrboro NC 27510
Wyatt Steven Schaefer,114 Estes Drive Ext #C,Carrboro NC 27510
Sallie Ann Scharding,106 Watters Rd,Carrboro NC 27510
Jeanette Marie Schmidt,103 Hargraves St #J,Carrboro NC 27510
Kirk William Schmidt,105 Hillview St,Carrboro NC 27510
Rachel Hillary Schneider,200 Lloyd St #A,Carrboro NC 27510
Lea Scott,800 N Greensboro St,Carrboro NC 27510
Sarah Anne Seiter,309 E Main St #A,Carrboro NC 27510
Christopher Wayne Shambley,108 Hanna St #A,Carrboro NC 27510
Alexander Joseph Shapiro,207 Oak Ave,Carrboro NC 27510
Nathaniel Paul Sharadin,309 Broad St #B,Carrboro NC 27510
Damon Gibb Shattuck,506 N Greensboro St #42,Carrboro NC 27510
Lee Edward Shaw,504 N Greensboro St #A,Carrboro NC 27510
Timothy J Shelly,106 Watters Rd #A,Carrboro NC 27510
Trisha E Shelly,106 Watters Rd #A,Carrboro NC 27510
Philip Thomas Shelton,104 Brewer Ln #A1,Carrboro NC 27510
Allyssa Jana Siegrist,506 N Greensboro St #42,Carrboro NC 27510
Natalie Ann Singer,110 Hillcrest Ave,Carrboro NC 27510
Huey Curtis Singleton,306 Estes Drive Ext #E14,Carrboro NC 27510
John Burson Skelton,265 Sweet Bay Pl,Carrboro NC 27510
Sean Gregory Skwerer,104 Brewer Ln #5c,Carrboro NC 27510
Eileen Elizabeth Slade,103 Hargraves St #J,Carrboro NC 27510
Jonathan Brooks Slaughter,238 Sweet Bay Pl,Carrboro NC 27510
Jeffrey Phillip Small,224 Broad St,Carrboro NC 27510
Sara Anne Small,224 Broad St,Carrboro NC 27510
Joshua Joseph Smicker,306 Estes Drive Ext,Carrboro NC 27510
Anna Katherine Smith,101 Shelton St,Carrboro NC 27510
Aaron Nathaniel Smithers,121 Estes Drive Ext,Carrboro NC 27510
Gail Salinsky Smith,101 Thomas Ln #D2,Carrboro NC 27510
Gordon Franklin Smith,306 Estes Drive Ext #A19,Carrboro NC 27510
Carol Ann Smith-Hammond,113 Hanna St,Carrboro NC 27510
Inez Smith,605 Oak Ave #J4,Carrboro NC 27510
John B Smith,100 Evans Ct,Carrboro NC 27510
Julie Anne Smith,112 Estes Drive Ext #C,Carrboro NC 27510
Rachael Barton Smith,101 Cobb St,Carrboro NC 27510
Richard Peter Smith,242 Sweet Bay Pl,Carrboro NC 27510
Tomarius Arie Smith,105 Pleasant Dr #B,Carrboro NC 27510
Clintora Eugenea Snipes,114 Eugene St,Carrboro NC 27510
Joshua Ray Sokal,114 Estes Drive Ext #E,Carrboro NC 27510
Phillip Son,207 Oak Ave,Carrboro NC 27510
Iantha Merritt Southerland,306 Estes Drive Ext #D16,Carrboro NC 27510
Joseph Edward South,104 E Carr St,Carrboro NC 27510
Trea Eliza South,104 E Carr St,Carrboro NC 27510
Jared T Spangler,506 N Greensboro St #40,Carrboro NC 27510
Sean Ryan Spollen,203 Brewer Ln,Carrboro NC 27510
Jessica Lynn Sponsler,506 N Greensboro St #16,Carrboro NC 27510
Padmini Srinivasan,200 Purple Leaf Pl,Carrboro NC 27510
Lynne Rochelle Starr,209 Oak Ave #B,Carrboro NC 27510
David Pierce Steffen,243 Stable Rd,Carrboro NC 27510
Georgia Kerr Steffen,243 Stable Rd,Carrboro NC 27510
Jessie Kerr Steffen,243 Stable Rd,Carrboro NC 27510
Zoemma Kerr Steffen,243 Stable Rd,Carrboro NC 27510
Blaire Janell Steinwand,403 S Greensboro St,Carrboro NC 27510
Todd Daniel Steinwart,119b Hanna St,Carrboro NC 27510
Carole Joyce Stemkowski,106 Hanna St,Carrboro NC 27510
Robert Mitchell Stephens,238 Sweet Bay Pl,Carrboro NC 27510
Veronica J Stevens,218 Broad St,Carrboro NC 27510
Audrey May Stewart,506 N Greensboro St #12,Carrboro NC 27510
Jill Rene Stewart,271 Sweet Bay Pl,Carrboro NC 27510
Theresa Ann Stone,503 E Poplar Ave,Carrboro NC 27510
Christopher J Stott,105 Center St,Carrboro NC 27510
John Allen Stout,306 Estes Drive Ext #F-15,Carrboro NC 27510
Kaitlyn Nichole Stout,306 Estes Drive Ext #F15,Carrboro NC 27510
Angela Maria Strader,104 Brewer Ln #C2,Carrboro NC 27510
Kirk Adrian Streb,110 Watters Rd,Carrboro NC 27510
Hayden Leland Strickling,200 E Poplar Ave,Carrboro NC 27510
Nicholas Adam-Keoni Stroud,104 Brewer Ln #B2,Carrboro NC 27510
Katherine Murphy Studwell,400 Lloyd St,Carrboro NC 27510
Chelcy Boyer Stutzman,200 Oak Ave,Carrboro NC 27510
Frederic Daniel Stutzman,200 Oak Ave,Carrboro NC 27510
Randall Gray Styers,263 Sweet Bay Pl,Carrboro NC 27510
Thomas Alexander Suberman,103 Center St,Carrboro NC 27510
Aaron Benjamin Summer,240 Stable Rd,Carrboro NC 27510
Judith Cohan Summer,240 Stable Rd,Carrboro NC 27510
Mark Harrison Summers,104 Brewer Ln #C6,Carrboro NC 27510
Weiguo Sun,100 Harvest Ct,Carrboro NC 27510
William Robert Swindaman,101 Thomas Ln #E-3,Carrboro NC 27510
Derek Jamal Sykes,306 Estes Drive Ext #I1,Carrboro NC 27510
Mark Perry Sylvester,301 Crest St #C,Carrboro NC 27510
Laura Ann Szpir,102 Stable Rd,Carrboro NC 27510
Sybil Tate,104 Ashe St,Carrboro NC 27510
Brian Wesley Taylor,202 Maple Ave #A,Carrboro NC 27510
Curtis Ray Taylor,285 Sweet Bay Pl,Carrboro NC 27510
Edna Minor Taylor,109 Roberts St,Carrboro NC 27510
Michael Holmes Taylor,109 Roberts St,Carrboro NC 27510
Jeffery Douglas Teague,209 Oak Ave #A,Carrboro NC 27510
Lassiter Teasley,306 Estes Drive Ext #J13,Carrboro NC 27510
Erica Nicole Tempesta,100 Lindsay St,Carrboro NC 27510
Alex Thomas Ter Wee,200 Lloyd St,Carrboro NC 27510
Diana Robin Tetens,163 Viburnum Way,Carrboro NC 27510
Katherine Ferguson Thanel,108 Hillview St #A,Carrboro NC 27510
Lauren Jean Thie,255 Sweet Bay Pl #A,Carrboro NC 27510
Bethany Elaine Thomas,600 N Greensboro St,Carrboro NC 27510
David Buchanan Thomas,239 Stable Rd,Carrboro NC 27510
Tiffany Lynn Thomas,306 Estes Drive Ext #H18,Carrboro NC 27510
Beverly Denise Thompson,120 S Merritt Mill Rd,Chapel Hill NC 27516
Emma Jones Thompson,204 Lloyd St,Carrboro NC 27510
Esther Mae Thompson,201 Broad St,Carrboro NC 27510
Paula Elaine Thompson,120 S Merritt Mill Rd,Chapel Hill NC 27516
Peter Matthew Thompson,606 N Greensboro St #A3,Carrboro NC 27510
Sherdenia Thompson,204 Lloyd St,Carrboro NC 27510
Sarah Caroline Thuesen,102 Harvest Ct,Carrboro NC 27510
Shay Benjamin Tippens,105 Pleasant Dr #C,Carrboro NC 27510
Ashley Joan Tittemore,306 Estes Drive Ext #J20,Carrboro NC 27510
Mario David Tobias,306 Estes Drive Ext #K3,Carrboro NC 27510
Kirill S Tolpygo,506 N Greensboro St #18,Carrboro NC 27510
Brian Patrick Toomey,200 Ashe St,Carrboro NC 27510
Carlos Rafael Toriello,122 S Merritt Mill Rd,Chapel Hill NC 27516
Jennifer Louise Tremblay,606 N Greensboro St #A4,Carrboro NC 27510
Hannah Celeste Trogdon,1200 N Greensboro St,Carrboro NC 27510
Bonnie Berryhill Truitt,306 Estes Drive Ext #I2,Carrboro NC 27510
James Earl Turner,605 Oak Ave #F2,Carrboro NC 27510
Fatemia Kenyetta Tuten,605 Oak Ave #B2,Carrboro NC 27510
Ross Michael Twele,606 N Greensboro St #D1,Carrboro NC 27510
Kyle Donovan Tyler,1202 N Greensboro St,Carrboro NC 27510
Lori Brook Tyler,107 Hargraves St,Carrboro NC 27510
Billy Lee Tysor,107 Eugene St,Carrboro NC 27510
Thomas West Uhrich,169 Viburnum Way,Carrboro NC 27510
Britton Rouse Upchurch,104 Brewer Ln #B1,Carrboro NC 27510
Deborah Schoenfeld Usinger,219 Maple Ave,Carrboro NC 27510
Emil David Usinger,219 Maple Ave,Carrboro NC 27510
Carmina Grace Valle,606 N Greensboro St #A2,Carrboro NC 27510
Heather Rae Valli,110 Estes Drive Ext #B,Carrboro NC 27510
Alexander Vanderweert,306 Estes Drive Ext #O-13,Carrboro NC 27510
Hillary Stallings Vandewart,104 Brewer Ln #A4,Carrboro NC 27510
Alexander Winston Van Gils,104 Brewer Ln #B2,Carrboro NC 27510
Anjanette Vail Van Horn,234 Sweet Bay Pl,Carrboro NC 27510
Lilia Marlen Vargas,506 N Greensboro St #41,Carrboro NC 27510
Alicea Simone Vega,301 Pleasant Dr #C,Carrboro NC 27510
Amanda Velazquez,600 N Greensboro St #C,Carrboro NC 27510
Laura Anne Velkey,202 Maple Ave #A,Carrboro NC 27510
Daniel Paul Verges,101 Thomas Ln #C1,Carrboro NC 27510
Anshu Verma,101 Thomas Ln #B1,Carrboro NC 27510
Mark Richard Vevle,105 Center St,Carrboro NC 27510
Laura Elizabeth Via,306 Estes Drive Ext #N9,Carrboro NC 27510
Charles Lowell Viles,167 Viburnum Way,Carrboro NC 27510
Elizabeth Cole Vollins,235 Stable Rd,Carrboro NC 27510
James Andrew Vollins,235 Stable Rd,Carrboro NC 27510
Ivana Vu,122 S Merritt Mill Rd,Chapel Hill NC 27516
Jasmine S Wade,605 Oak Ave #J1,Carrboro NC 27510
Dolores Ann Walker,109 Hanna St,Carrboro NC 27510
Robert Walsh,1104 N Greensboro St #5,Carrboro NC 27510
Adam Russell Walters,103 Hanna St #A,Carrboro NC 27510
Robert Walton,606 N Greensboro St #A2,Carrboro NC 27510
Audrey Peele Ward,234 Stable Rd,Carrboro NC 27510
Dianne S Ward,213 Stable Rd,Carrboro NC 27510
Ronald Gene Warner,206 Purple Leaf Pl,Carrboro NC 27510
Teresa Renee Warner,206 Purple Leaf Pl,Carrboro NC 27510
Joshua Sawyer Washburn,101 Thomas Ln #C3,Carrboro NC 27510
Michael Sean Washburn,101 Thomas Ln #C3,Carrboro NC 27510
Edward Lee Waters,120 Estes Drive Ext,Carrboro NC 27510
Jennifer Melissa Waters,120 Estes Drive Ext,Carrboro NC 27510
Julie Katrien Waters,114 Hanna St #B,Carrboro NC 27510
Joey Deaton Watson,105 Estes Drive Ext,Carrboro NC 27510
Jonathan Kemp Watson,1100 N Greensboro St,Carrboro NC 27510
Chloe Larken Weatherill,502 N Greensboro St #2,Carrboro NC 27510
Sherdenia Lenetta Weaver,213 Broad St,Carrboro NC 27510
Shirley Lee Clark Weaver,306 Estes Drive Ext,Carrboro NC 27510
Aaron David Webel,281 Sweet Bay Pl,Carrboro NC 27510
Joshua Barnet Weinfeld,103 Hargraves St #B,Carrboro NC 27510
Ardys Goodin Weiss,254 Sweet Bay Pl,Carrboro NC 27510
James Macclelland Welliver,506 N Greensboro St #31,Carrboro NC 27510
Christopher Jason Wells,309 Broad St #A,Carrboro NC 27510
Andrew Chang West,101 Shelton St,Carrboro NC 27510
Eric Allan Westdorp,219 Stable Rd,Carrboro NC 27510
Joy Cordell Westdorp,219 Stable Rd,Carrboro NC 27510
Grace Ann West,306 Estes Drive Ext #P19,Carrboro NC 27510
Gregory Anthony West,306 Estes Drive Ext #P19,Carrboro NC 27510
Rosanne Beth Whitaker,113 Estes Drive Ext,Carrboro NC 27510
Earl A White III,PO Box 4831,Chapel Hill NC 27515
Erin Rebecca White,102 E Poplar Ave,Carrboro NC 27510
Rickie Dean White Jr,300 Broad St,Carrboro NC 27510
Barbara S Whitmore,105 Pleasant Dr #B,Carrboro NC 27510
Alexander Joseph Whittington,238 Sweet Bay Pl,Carrboro NC 27510
Daniel Jeremy Whittle,609 Shelton St,Carrboro NC 27510
Aakara Grace Wiegand,506 N Greensboro St #49,Carrboro NC 27510
Jared Clayton Wiener,110 Lindsay St,Carrboro NC 27510
Claudia Dean Wilcher,110 Watters Rd,Carrboro NC 27510
Gloria Roberson Wilcher,110 Watters Rd,Carrboro NC 27510
Rachel Ilynn Willard,103 Lindsay St,Carrboro NC 27510
Carolyn W Williams,112 Lindsay St,Carrboro NC 27510
Heru Hampdyn Behmleo Williams,261 Sweet Bay Pl,Carrboro NC 27510
James Edwards Williams Jr,104 Brewer Ln #C6,Carrboro NC 27510
Kelsey McKinley Williams,201 Lindsay St,Carrboro NC 27510
Myrtle Alice Williams,217 Broad St,Carrboro NC 27510
Jennifer Ann Williamson,205 Oak Ave,Carrboro NC 27510
Laura Kathleen Williamson,400 Lloyd St,Carrboro NC 27510
Robert Kenneth Williams III,606 N Greensboro St #B5,Carrboro NC 27510
Steven David Williams,201 Lindsay St,Carrboro NC 27510
Whitney Le'nell Williams,306 Estes Drive Ext #H4,Carrboro NC 27510
Ye'chen Sequoia Williams,306 Estes Drive Ext #L7,Carrboro NC 27510
Said Demir Williford,107 Mulberry St #C,Carrboro NC 27510
Alexander Michael Wilson,107 Mulberry St #B,Carrboro NC 27510
Courtney Brooke Wilson,802 N Greensboro St,Carrboro NC 27510
Ellen Katherine Wilson,106 Hillview St,Carrboro NC 27510
Jennifer Orr Wilson,107 Mulberry St #B,Carrboro NC 27510
John Andrew Wilson,102 W Main St #3,Carrboro NC 27510
Joyce Marie Leak Wilson,105 Roberts St,Carrboro NC 27510
Natasha Marie Wilson,101 Hillview St #2,Carrboro NC 27510
Joseph Luke Wiltberger,506 N Greensboro St #11,Carrboro NC 27510
David Christian Wiltshire,Pob 246,Chapel Hill NC 27514
Christopher Robert Wing,300 Sweet Bay Pl,Carrboro NC 27510
Htun Win,306 Estes Drive Ext #B20,Carrboro NC 27510
Ashley Kendall Winslow,273 Sweet Bay Pl,Carrboro NC 27510
David Lowell Winton,107 Hanna St #B,Carrboro NC 27510
Stephen William Wiseman,606 N Greensboro St #C4,Carrboro NC 27510
Fennon Brenneman Wisseh,115 Estes Drive Ext,Carrboro NC 27510
Diana Hewett Witham,206 Pleasant Dr,Carrboro NC 27510
George Arthur Witham,206 Pleasant Dr,Carrboro NC 27510
Sara Elizabeth Wobker,506 N Greensboro St #23,Carrboro NC 27510
David Alain Wohl,105 Watters Rd,Carrboro NC 27510
Patrick Charles Wohlfarth,506 N Greensboro St #20,Carrboro NC 27510
Jamika Renee Wolfe,306 Estes Drive Ext #M14,Carrboro NC 27510
Brandon Keith Woodard,235 Sweet Bay Pl,Carrboro NC 27510
Amanda Alston Woods,306 Estes Drive Ext #D7,Carrboro NC 27510
Byron Eugene Woods,108d Estes Drive Ext,Carrboro NC 27510
Ulysses Junior Woods Jr,306 Estes Drive Ext #D7,Carrboro NC 27510
Timothy Wood,1104 N Greensboro St #13,Carrboro NC 27510
Jesse Thomas Wooten,802 N Greensboro St,Carrboro NC 27510
Robert Lee Wray III,PO Box 2212,Chapel Hill NC 27515
Martha Farrington Wright,111 Hill St,Carrboro NC 27510
Laura Marie Wurts,112 Hillcrest Ave,Carrboro NC 27510
Susan Catherine Wu,303 S Greensboro St,Carrboro NC 27510
Ariel Genevieve Wyman,306 Estes Drive Ext #H-5,Carrboro NC 27510
Fredrick Darius Yarbough,306 Estes Drive Ext #C7,Carrboro NC 27510
Karin Beatrice Yeatts,111 Mulberry St #B,Carrboro NC 27510
Sindhu Minta Zagoren,100 Hanna St #B,Carrboro NC 27510
Cameron James Zarrabzadeh,106 Hanna St,Carrboro NC 27510
Joshua Om Zaslow,106 Williams St,Carrboro NC 27510
Benjamin Edward Zeigler,119 Hanna St #A,Carrboro NC 27510
Thomas Philip Zito,101 Pleasant Dr,Carrboro NC 27510
Bahija Ziyarhi,306 Estes Drive Ext #A9,Carrboro NC 27510
