Jorge Alberto Agudelo Restrepoo,PO Box 937,Carrboro NC 27510
Maria Lana Albani,1101 N Greensboro St,Carrboro NC 27510
Jessica Louise Alcorn,109 Dillard St #A,Carrboro NC 27510
Aubrey Nicole Aldret,1215 Hillsborough Rd #A,Chapel Hill NC 27516
Matthew Louis Alfermann,401 Lindsay St,Carrboro NC 27510
Allison A Allaire-James,110 Lisa Dr,Carrboro NC 27510
Anderson Herschel Allen,303 Lisa Dr,Carrboro NC 27510
Jamie Ann Allison,107 Goldston Ave,Carrboro NC 27510
Lenny L Alston,102 Dillard St,Carrboro NC 27510
Alyse Alvord,300 Hillsborough Rd,Carrboro NC 27510
Bradley James Anderson,117 Pine St #B,Carrboro NC 27510
Patricia Andrade,116 Cheek St #A,Carrboro NC 27510
Virginia Lewis Andrews,216 James St,Carrboro NC 27510
Oliver Stanhope Anthony IV,101 Cheek St,Carrboro NC 27510
Jacqueline May Aponte,108 Cheek St,Carrboro NC 27510
Stephen Michael Arthur-Wong,100 Cheek St #A,Carrboro NC 27510
Rebecca Wilcox Ashburn,115 Pine St #2,Carrboro NC 27510
Carolyn Andrews Atkins,102 Melba Cir,Carrboro NC 27510
David Crockett Atkins Jr,102 Melba Cir,Carrboro NC 27510
Rachel Lynn Bader,520 Hillsborough Rd,Carrboro NC 27510
Shannon Bailey,108 Sue Ann Ct #A,Carrboro NC 27510
Maurice Theodore Balk,1201 Hillsborough Rd #A,Chapel Hill NC 27516
Susan Barbara Barboza,703 N Greensboro St #C,Carrboro NC 27510
Donna Pittman Barker,210 Simpson St #A,Carrboro NC 27510
Susan Margaret Barnett,507 N Greensboro St,Carrboro NC 27510
Jennifer Irene Barr,302 Shelton St,Carrboro NC 27510
Beverly Perry Barth,511 N Greensboro St,Carrboro NC 27510
Megan Abigail Bartlett,502 Oak Ave,Carrboro NC 27510
Thomas Russell Bartolotta,115 Cheswick Ct,Carrboro NC 27510
Amy Nicole Barwick,128 Winsome Ln,Chapel Hill NC 27516
Robert Ryan Bashford,104 Todd St #B,Carrboro NC 27510
Ariel Pepper Bassett,120 Oak St,Carrboro NC 27510
Gregory Allen Bechtel,108 Woods Walk Ct,Carrboro NC 27510
Richard H Bell,102 Pine St,Carrboro NC 27510
Ari Joseph Berenbaum,404 Oak Ave #C,Carrboro NC 27510
Natalia Bermudez,501 Hillsborough Rd,Carrboro NC 27510
Margaret Elisabeth Berreth,102 Pine St #A,Carrboro NC 27510
Benjamin Evin Berry III,309 Rainbow Dr,Carrboro NC 27510
Deborah Mann Berry,309 Rainbow Dr,Carrboro NC 27510
Lori Lietwiler Blackmar,201 Simpson St,Carrboro NC 27510
Jean Christopher Blackwell,217 Hillsborough Rd #D,Carrboro NC 27510
Billie J Blake,121 Oak St,Carrboro NC 27510
Marie N Blake,121 Oak St,Carrboro NC 27510
Kristin A Blank,101 Phipps St,Carrboro NC 27510
Armin Bonakdar,10724 Old Wayside Rd,Charlotte NC 28277
Nola Evelyn Bower-Smith,103 Todd St #C,Carrboro NC 27510
Reese Howard Bowers,810 Old Fayetteville Rd #2,Chapel Hill NC 27516
Carolyn Eugenia Brafford,215 Simpson St,Carrboro NC 27510
Hal Benard Brafford,215 Simpson St,Carrboro NC 27510
Nell Sherrer Brafford,215 Simpson St,Carrboro NC 27510
Lenore Natalia Braford,703 N Greensboro St #A,Carrboro NC 27510
Mary Beth Pucciano Braker,604 W Main St,Carrboro NC 27510
Norma H Brandon,124 Oak St,Carrboro NC 27510
Christine Michelle Bray,210 Quail Roost Dr,Carrboro NC 27510
Shannon Connelly Brice,214 Simpson St #B,Carrboro NC 27510
Alan Leroy Britt,109 Oak St,Carrboro NC 27510
Melissa Rose Bromley,108 Milton Dr #A,Carrboro NC 27510
Whitney Elizabeth Brown,404 Hillsborough Rd,Carrboro NC 27510
Joy Lynn Brudenell,607 Hillsborough Rd,Carrboro NC 27510
Anne Lindsey Bruder,112 Oak St,Carrboro NC 27510
Katelyn Rihana Bryant-Comstock,501 N Greensboro St,Carrboro NC 27510
Clayton Hughes Buckner,107 Goldston Ave,Carrboro NC 27510
Eason Judd Cassidy Burke,103 Goldston Ave,Carrboro NC 27510
Elizabeth Cassidy Burke,103 Goldston Ave,Carrboro NC 27510
Marjorie Glenn Busby,103 Rainbow Dr,Carrboro NC 27510
Robert Reed Bushey,111 Woods Walk Ct,Carrboro NC 27510
Brian C Butler,606 Hillsborough Rd,Carrboro NC 27510
Sarah Simmons Butters,108 Winsome Ln,Chapel Hill NC 27516
James Michael Campbell,202 Simpson St,Carrboro NC 27510
Nancy P Campbell,202 Simpson St,Carrboro NC 27510
Joseph Daniel Carlson,619 Hillsborough Rd,Carrboro NC 27510
Mary Carter Carnell,504 Hillsborough Rd #2,Carrboro NC 27510
Jacob Kay Carr,504 Oak Ave #A,Carrboro NC 27510
Gina Lynn Carroll,101 Mary St,Carrboro NC 27510
Thomas Jefferson Carr III,100 Hunter Pl,Carrboro NC 27510
Wilbur Brooks Carter Jr,217 Hillsborough Rd #C,Carrboro NC 27510
Jody Elizabeth Cedzidlo,103 Oak St #A,Carrboro NC 27510
Christopher Robert Chafe,113 Cheswick Ct,Carrboro NC 27510
Hal Cecil Charles,718 Old Fayetteville Rd,Chapel Hill NC 27516
Mary Wilroy Charles,718 Old Fayetteville Rd,Chapel Hill NC 27516
Christina Cheatham,401 Lindsay St,Carrboro NC 27510
Tony Milton Cheek,108 Cheek St,Carrboro NC 27510
Corey Cheza,518 Hillsborough Rd,Carrboro NC 27510
Matthew Aaron Chicurel,214 James St,Carrboro NC 27510
Girard Richard Christmas,208 James St,Carrboro NC 27510
Emmeline Mayming Chuang,105 Dove St,Carrboro NC 27510
Christopher Alan Clark,301 Lorraine St,Carrboro NC 27510
Kevin Eugene Clark,107 Sue Ann Ct #B,Carrboro NC 27510
Timothy Joe Clark,101 Cheek St,Carrboro NC 27510
Nina Marie Collins,703 N Greensboro St #A,Carrboro NC 27510
Tain Glen Collins,610 W Main St,Carrboro NC 27510
Corwin Jennings Colton,111 Cheswick Ct,Carrboro NC 27510
Kiara Lynn Coman,102 Milton Dr #B,Carrboro NC 27510
Bailey E Cook,411 James St,Carrboro NC 27510
Sydney Stafford Cooke,407 Oak Ave,Carrboro NC 27510
Rebecca G Cook,105 Rocky Pt,Carrboro NC 27510
Toni Poteat Cornacchio,102 Quail Roost Dr,Carrboro NC 27510
Portia Cornell,608 W Main St,Carrboro NC 27510
Pamela Ann Couey,105 Woods Walk Ct,Carrboro NC 27510
Scott McTyer Cowart,407 Oak Ave,Carrboro NC 27510
Marian Kathryn Cranford,101 Lorraine St,Carrboro NC 27510
Diane Mann Crater,117 Oak St,Carrboro NC 27510
Lisa Renee Croucher,406 Oak Ave,Carrboro NC 27510
Kimberly Chamberlin Cudahy,107 Mary St,Carrboro NC 27510
Patrick McGehee Cudahy,107 Mary St,Carrboro NC 27510
Jonnie Mae Cyrus,402 Hillsborough Rd,Carrboro NC 27510
Dennis Bruce Dallke,1313 Hillsborough Rd,Chapel Hill NC 27516
James Christopher Dallke,1313 Hillsborough Rd,Chapel Hill NC 27516
Anthony Devon Davis,104 James St,Carrboro NC 27510
Bryan G Davis,511 N Greensboro St,Carrboro NC 27510
Claire Davis,505 N Greensboro St #C,Carrboro NC 27510
Effie Rigsbee Davis,1100 W Main St #B,Carrboro NC 27510
Jasmine Tiarra Davis,107 Bel Arbor Ln,Carrboro NC 27510
Kelly Kent Davis,1209 Hillsborough Rd #B,Chapel Hill NC 27516
Nathaniel Davis,104 James St,Carrboro NC 27510
Peggy Farrington Davis,104 James St,Carrboro NC 27510
Pete E Davis,PO Box 245,Carrboro NC 27510
Jonathan Kyle Daw,108 Carol St,Carrboro NC 27510
Desmond Akeen Debnam,703 N Greensboro St #B,Carrboro NC 27510
John Antoine Daer Dewey,200 Lorraine St,Carrboro NC 27510
Katherine Anne Dickson,103 Todd St #B,Carrboro NC 27510
Susan Dinardo Dinardo,206 Carol St,Carrboro NC 27510
David Louis Dirito,109 Todd St #A,Carrboro NC 27510
Rachel Schryer Dirito,109 Todd St #A,Carrboro NC 27510
Kurt Doettger,102 Oak St,Carrboro NC 27510
Margaret Mary Doherty,102 Phipps St,Carrboro NC 27510
Misty Dawn Donathan,909 N Greensboro St #D,Carrboro NC 27510
Diane Marie Dorney,111 Pine St,Carrboro NC 27510
Aaron Leigh Downey,100 Shelton St,Carrboro NC 27510
Paul Gregory Drake,703 N Greensboro St #A,Carrboro NC 27510
Serge Scott Drouin,409 James St,Carrboro NC 27510
Celeste Julia Duncan,401 Lorraine St,Carrboro NC 27510
Daniel Gary Duncan,401 Lorraine St,Carrboro NC 27510
Gary E Duncan,401 Lorraine St,Carrboro NC 27510
Alexandra H Dupont,103 Cheswick Ct,Carrboro NC 27510
Amanda Evans Dwelley,105 Sue Ann Ct #A,Carrboro NC 27510
Alisa Katherine Eanes,503 N Greensboro St #A,Carrboro NC 27510
Derek Paul Easley,705 N Greensboro St #C,Carrboro NC 27510
Nicole Colleen Easley,705 N Greensboro St #C,Carrboro NC 27510
Catherine Richardson Edwards,100 Milton Dr #B,Carrboro NC 27510
Sophia Margaret Eisdorfer,25 Union Square West,New York Ny 10003
Karen Marie Eldridge,100 Simpson St,Carrboro NC 27510
Christine Ellen,810 Old Fayetteville Rd,Chapel Hill NC 27516
Boyd McKinley Ellington,205 Simpson St,Carrboro NC 27510
Sue F Ellington,205 Simpson St,Carrboro NC 27510
Betty Viola Elliott,500 Oak Ave #B,Carrboro NC 27510
Jeremy Ellison,901 N Greensboro St #A,Carrboro NC 27510
Rachael K Estes,503 N Greensboro St #B,Carrboro NC 27510
Sunny Anne Estes,109 Todd St #D,Carrboro NC 27510
Donna Marie Evon,503 Oak Ave,Carrboro NC 27510
Terri Ward Exum,PO Box 672,Carrboro NC 27510
Sarah Hearn Fallin,406 Hillsborough Rd,Carrboro NC 27510
Alan Scott Fanning,103 Woods Walk Ct,Carrboro NC 27510
Gerald Moore Farrell,202 Quail Roost Dr,Carrboro NC 27510
Lacy Clifton Farrell,400 Lorraine St,Carrboro NC 27510
Terry Todd Farrell,202 Quail Roost Dr,Carrboro NC 27510
Antonio Donovan Farrington,103 Sue Ann Ct #C,Carrboro NC 27510
Ottieree Lachaiel Farrington,103 Sue Ann Ct #C,Carrboro NC 27510
Darlene Fearrington,PO Box 1185,Chapel Hill NC 27514
Thomas Wade Hampton Fisher,104 Rocky Pt,Carrboro NC 27510
Eleanor Ward Fletcher,100 Rocky Pt,Carrboro NC 27510
James Ernest Foreman,701 N Greensboro St #B,Carrboro NC 27510
Gabrielle M Fornari,101 Cheek St #A,Carrboro NC 27510
Lisa Frangipane,110 Todd St #A,Carrboro NC 27510
Amanda Frazier,100 Cheek St #A,Carrboro NC 27510
Della Marie French,210 Simpson St #B,Carrboro NC 27510
Shawn Eric Fuller,206 Lorraine St,Carrboro NC 27510
Steven Michael Gaddis Jr,907 N Greensboro St #B,Carrboro NC 27510
Cooley Lawrence Gaffigan,700 W Main St,Carrboro NC 27510
Michael T Gaffigan,700 W Main St,Carrboro NC 27510
Anthony Galfano,201 Rainbow Dr,Carrboro NC 27510
Patricia Baum Galfano,201 Rainbow Dr,Carrboro NC 27510
Sarah Elise Galfano,201 Rainbow Dr,Carrboro NC 27510
Jonah Aaron Garson-Angert,500 Hillsborough Rd,Carrboro NC 27510
Kelli Amanda Gaskill,103 Sue Ann Ct #A,Carrboro NC 27510
Jennifer Grace Gessner,121 Pine St,Carrboro NC 27510
Corey L Gingrich,200 Carol St,Carrboro NC 27510
Elizabeth Jane Gleason,505 N Greensboro St #D,Carrboro NC 27510
Oliver Toby Gloag,106 Lisa Dr,Carrboro NC 27510
Nancy Jean Gonzalez,113 Pine St #A,Carrboro NC 27510
Chad Louis Goodwin,1201b Hillsborough Rd,Chapel Hill NC 27516
Walter Parks Gottschalk,306 Carol St,Carrboro NC 27510
John Mark Grady,201 Simpson St #C,Carrboro NC 27510
Matthew James Grady,202 High St,Carrboro NC 27510
Sarah Kathryn Graham,304 Carol St,Carrboro NC 27510
Israel Pereira Granados,207 Lorraine St,Carrboro NC 27510
Jackie Neece Gray,107 High St,Carrboro NC 27510
Thomas Anthony Greco,114 Pine St,Carrboro NC 27510
Brenda Wilson Greenberg,801 Hillsborough Rd,Chapel Hill NC 27516
Benjamin Barrett Greene,503 N Greensboro St #B,Carrboro NC 27510
Debra Lynn Groves,213 Simpson St,Carrboro NC 27510
Randy Christopher Guffey,104 Oak St,Carrboro NC 27510
Alexandra Lyn Gunn,701 N Greensboro St #C,Carrboro NC 27510
Carolyn Hadley Gustafson,111 Pine St #A,Carrboro NC 27510
Selket Andrea Guzman,113 Pine St #A,Carrboro NC 27510
William Cory Haller,1026 W Main St,Carrboro NC 27510
Logan Halley-Winsett,505 N Greensboro St #A,Carrboro NC 27510
Jonathan Todd Hancock,109 Todd St #B,Carrboro NC 27510
Debra Ann Hanken Kurtz,502 W Poplar Ave #D-1,Carrboro NC 27510
Joseph Lederman Hansen,1200 W Main St,Carrboro NC 27510
Holly Hardin,705 N Greensboro St #B,Carrboro NC 27510
Clarence Hargraves Jr,212 James St,Carrboro NC 27510
Earl Dwight Hargraves,212 James St,Carrboro NC 27510
Keely Sherlyne Hargraves,511 Oak Ave,Carrboro NC 27510
Kelven Pembrook Hargraves,511 Oak Ave,Carrboro NC 27510
Shirley Weaver Harmon,305 Carol St,Carrboro NC 27510
Christopher Thomas Harris,102a Pine Hill Dr,Carrboro NC 27510
Juliamae R Harris,102 Pine Hill Dr #A,Carrboro NC 27510
Kathleen Marie Harris,1205 N Greensboro St #A,Carrboro NC 27510
Abigail Alexander Haydon,102 Todd St #D,Carrboro NC 27510
Caleb Alexander Hayes,106 Lisa Dr,Carrboro NC 27510
Shauna Noelle Hay,211 Carol St,Carrboro NC 27510
Ernest Howard Hearn,710 W Main St,Carrboro NC 27510
Peggy L Hearn,710 W Main St,Carrboro NC 27510
Andrea Lynne Heckert,110 Todd St #D,Carrboro NC 27510
Carolyn Frizzell Heitman,508 Oak Ave,Carrboro NC 27510
Alissa Ann Henderson,901 N Greensboro St #D,Carrboro NC 27510
Jenniffer Marie Henderson,605 N Greensboro St #6,Carrboro NC 27510
Molly Teresa Hendery,108 Pine St #A,Carrboro NC 27510
Natalie Elaine Herbin,810 Old Fayetteville Rd #2700,Chapel Hill NC 27516
Catlin Lois Hettel,107 Oak St,Carrboro NC 27510
Rebekah Blake Hilburn-Trenkle,203 Lorraine St,Carrboro NC 27510
Whitney Joy Hileman,109 Dillard St #A,Carrboro NC 27510
Corbie Joseph Hill,105 The Hollow,Chapel Hill NC 27516
Floraleen Williams Hill,1703 N Greensboro St,Carrboro NC 27510
Latarsha Shakedra Hill,1703 N Greensboro St,Carrboro NC 27510
Geraldine M Hoenig,115 Oak St,Carrboro NC 27510
Jennifer Ann Ho,202 High St,Carrboro NC 27510
Joan McGrail Holt,307 Rainbow Dr,Carrboro NC 27510
Walter Anderson Holt Jr,307 Rainbow Dr,Carrboro NC 27510
Mellony Darlene Hoskinson,405 Oak Ave,Carrboro NC 27510
Mallory Claire House,1205 N Greensboro St #A,Carrboro NC 27510
Shannon M Howarth,106 High St #B,Carrboro NC 27510
Byron Cole Howes,115 Carol St,Carrboro NC 27510
Ann Newman Humphreys,100 High St,Carrboro NC 27510
Jane McCartney Ingalls,101 Goldston Ave,Carrboro NC 27510
Alexander Thomas Iravani,107 Sue Ann Ct #B,Carrboro NC 27510
Kevin Michael Ivarsen,106 Bel Arbor Ln,Carrboro NC 27510
Chelsea Ceceille James,110 Lisa Dr,Carrboro NC 27510
Harry M Jensen Jr,802 Old Fayetteville Rd,Chapel Hill NC 27516
Lisa Diane Jewell,111 Oak St,Carrboro NC 27510
Bret Cary Johnson,211 Carol St,Carrboro NC 27510
Brian W Johnson,601 N Greensboro St,Carrboro NC 27510
Emily Alexandra Johnson,1607 N Greensboro St,Carrboro NC 27510
Sonia Strand Johnson,4465 Comfort Street,Cocoa Fl 32927
Kim Richard Jones,509 Oak Ave,Carrboro NC 27510
Larisa Ann Kantrovitz,201 Simpson St #C,Carrboro NC 27510
Sara L Keever,503 Oak Ave #C2,Carrboro NC 27510
Phaedra Athena Kelly,308 Lindsay St,Carrboro NC 27510
Carol Ann Kemp,106 Simpson St,Carrboro NC 27510
Andrew Jon Kenney,505 N Greensboro St #A,Carrboro NC 27510
Katherine Hart Kershaw,105 Sue Ann Ct #C,Carrboro NC 27510
Brandy Miranda Keys,520 Hillsborough Rd,Carrboro NC 27510
Darlene Detomo Kimbrough,207 Carol St,Carrboro NC 27510
Lovey Helene King-Imonti,PO Box 636,Carrboro NC 27510
Katherine Kirsch,113 Cheswick Ct,Carrboro NC 27510
John M B Klein,103 High St #B,Carrboro NC 27510
Anna Grace Koerber,505 N Greensboro St #C,Carrboro NC 27510
Melissa Blackmon Kohout,112 Carol St,Carrboro NC 27510
Patricia Hayes Kosdan,400 James St,Carrboro NC 27510
Philip W Kosdan,400 James St,Carrboro NC 27510
Reid Thomas Koster,503 N Greensboro St #B,Carrboro NC 27510
Zechariah Franklin Krautwurst,505 N Greensboro St #A,Carrboro NC 27510
Thomas Brummel Krueger,607 Hillsborough Rd,Carrboro NC 27510
Shanon Marie Kulinski,705 N Greensboro St #A,Carrboro NC 27510
Cecily Jane Lach,900 W Main St #B,Carrboro NC 27510
Seth J Lambiase,122 Cheek St #B,Carrboro NC 27510
Brian Jonathan Auerba Landau,103 Milton Dr #B,Carrboro NC 27510
Eileen Elizabeth Laporte,901 N Greensboro St #C,Carrboro NC 27510
Julee Rebecca Laporte,12475 Hebert Rd,Gonzales La 70737
Selena Rachel Lauterer,1209 Hillsborough Rd #B,Chapel Hill NC 27516
Robert James Lavelle,115 Dillard St,Carrboro NC 27510
Alec Joseph Lawton,505 N Greensboro St #D,Carrboro NC 27510
Jillian Rose Lea,112 Pine St,Carrboro NC 27510
Ian Harrison Forbes Leinbaugh,114 Carol St,Carrboro NC 27510
Kristin Anne Leonard,108 Lisa Dr,Carrboro NC 27510
Shannon Wong Lerner,202 High St #A,Carrboro NC 27510
Jens Woodard Levy,115 Pine St #1,Carrboro NC 27510
Afiya Mandisa Lewis,810 Old Fayetteville Rd #6,Chapel Hill NC 27516
Chuan Jeffrey Lin,111 Dillard St,Carrboro NC 27510
Laura Ann Linnan,118 Carol St,Carrboro NC 27510
Derek Steven Linz,500 Oak Ave #A,Carrboro NC 27510
Nathan Jeremy Logan,119 Pine St #1,Carrboro NC 27510
Jennifer R Lopinski,103 Dove St,Carrboro NC 27510
Kristin Jordann Lopinski,103 Dove St,Carrboro NC 27510
Robert Victor Lopinski,103 Dove St,Carrboro NC 27510
Mark Stephen Loringer,106 Mary St,Carrboro NC 27510
Kathryn Barton Lowe,109 Dillard St #A,Carrboro NC 27510
Kelly Rae Lowery,1101 N Greensboro St #A,Carrboro NC 27510
Sharon Denise Lumpkin,810 Old Fayetteville Rd #8,Chapel Hill NC 27516
Benjamin Christopher Mace,101 Cheek St,Carrboro NC 27510
Elizabeth Scott Macleod,112 Goldston Ave #B,Carrboro NC 27510
Constance Colleen Mahan,107 Todd St #B,Carrboro NC 27510
Shamar Terry Manns,102 Dillard St,Carrboro NC 27510
Allison Banks Margerison,103 Dillard St,Carrboro NC 27510
Andrew Kenneth Margerison,103 Dillard St,Carrboro NC 27510
Jonathon Craig Marshall,1101 Hillsborough Rd,Chapel Hill NC 27516
Cynthia May Marsh,301 Hillsborough Rd #D,Carrboro NC 27510
Emily Ruth Matchar,101 Todd St #B,Carrboro NC 27510
Elizabeth Rainey Matthews,116 Pine St,Carrboro NC 27510
Thane Gavin Maxwell,116 Carol St,Carrboro NC 27510
Alexander John May,610 W Main St,Carrboro NC 27510
Andrew John McConville,901 N Greensboro St #F,Carrboro NC 27510
Inez S McFarling,703 Hillsborough Rd,Chapel Hill NC 27516
Andrew Terrance McGibbon,110 Woods Walk Ct,Carrboro NC 27510
Lynne Brodtmann McGibbon,110 Woods Walk Ct,Carrboro NC 27510
Megan Elizabeth McGinnis,505 N Greensboro St #C,Carrboro NC 27510
Carson Reece McGowen,106 Pine St,Carrboro NC 27510
Luke Justin McKay,106 Bel Arbor Ln,Carrboro NC 27510
Laura Gale McKee,103 Todd St #A,Carrboro NC 27510
Claire Clyburn McKeown,102 Dove St,Carrboro NC 27510
Donald Jonathan McMillan,105 Todd St #A,Carrboro NC 27510
Lucy Adams McMillan,105 Todd St #A,Carrboro NC 27510
Bryan T McNeil,104 Milton Dr #B,Carrboro NC 27510
Maureen Michele Melita,217 Hillsborough Rd #D,Carrboro NC 27510
Kyle Philip Messier,104 Todd St #A,Carrboro NC 27510
Stefan John Mlot,500 Hillsborough Rd,Carrboro NC 27510
Claire Mongoven,1020 W Main St,Carrboro NC 27510
Thomas Luke Mongoven,1020 W Main St,Carrboro NC 27510
Elizabeth Nicole Monnett,107 Todd St #D,Carrboro NC 27510
Janel Natasha Monroe,512 Hillsborough Rd,Carrboro NC 27510
Kelton Tweed Monroe,100 Sue Ann Ct #A,Carrboro NC 27510
Victor Lewis Moore,605 N Greensboro St #H4,Carrboro NC 27510
Daniel Walter Morava,810 Old Fayetteville Rd #9,Chapel Hill NC 27516
John Daniel Moriarty,200 Rainbow Dr,Carrboro NC 27510
Rebecca Lynne Mormino,408 Oak Ave #A,Carrboro NC 27510
Elizabeth Ann Morris,105 Sue Ann Ct #C,Carrboro NC 27510
Frederick Montgomery Morris IV,106 Pine St,Carrboro NC 27510
Edward James Moss,104 Quail Roost Dr,Carrboro NC 27510
Jesse Mowles-Aring,705 N Greensboro St #A,Carrboro NC 27510
David Regis Mullin,104 Sue Ann Ct #B,Carrboro NC 27510
Stephen Upshaw Murphy,105 High St,Carrboro NC 27510
Stefanie Leigh Murray,1026 W Main St,Carrboro NC 27510
Sherry Lynn Myers,212 Simpson St #A,Carrboro NC 27510
Mary E Napier,106 Woods Walk Ct,Carrboro NC 27510
Samuel Jacksan Need,503 N Greensboro St #C,Carrboro NC 27510
Joy M Neville,401 Hillsborough Rd,Carrboro NC 27510
Constance J Newman,101 Oak St,Carrboro NC 27510
Ruth Ellen Newnam,301 Lindsay St,Carrboro NC 27510
Scot John Ninnemann,602 Hillsborough Rd,Carrboro NC 27510
Jasmina Nogo,501 N Greensboro St,Carrboro NC 27510
Katherine Leslie Norkus,205 Carol St,Carrboro NC 27510
Mary Grady Norkus,205 Carol St,Carrboro NC 27510
Jacqueline Leigh Norris-Drouin,409 James St,Carrboro NC 27510
Hadley Rebekah Northen,114 Winsome Ln,Chapel Hill NC 27516
Delores Walker Oakes,106 Shelton St,Carrboro NC 27510
Jonathan B Oberlander,204 Quail Roost Dr,Carrboro NC 27510
Archie Charles Odom,503 N Greensboro St #C,Carrboro NC 27510
June Loraine Okeefe,505 Hillsborough Rd,Carrboro NC 27510
Cassandra Ruth Olenick,1026 W Main St,Carrboro NC 27510
Ewa Marie Orocz,100 Lisa Dr,Carrboro NC 27510
Michal Osterweil,105 Dillard St,Carrboro NC 27510
Elena Grear Oxman,112 Oak St,Carrboro NC 27510
Jesse Lee Paddock,408 Oak Ave #A,Carrboro NC 27510
Kim Lee Page,209 Hillsborough Rd,Carrboro NC 27510
Caleb Morgan Pardue,514 Hillsborough Rd,Carrboro NC 27510
Mary Ellen Parker,107 Pine Hill Dr,Carrboro NC 27510
Robert C Parker,305 Lindsay St,Carrboro NC 27510
Jenifer Lynn Parks,602 Hillsborough Rd,Carrboro NC 27510
Joshua Gregg Paterni,103 Todd St #C,Carrboro NC 27510
Raymond E Pendergrass,509 Hillsborough Rd,Carrboro NC 27510
Daniel Keith Pennington,115 Pine St #4,Carrboro NC 27510
Lori Ann Pennington,115 Pine St #4,Carrboro NC 27510
Krista M Perreira,204 Quail Roost Dr,Carrboro NC 27510
Lyndal M Perry,101 Pine St,Carrboro NC 27510
Anthony Thomas Perucci,110 Todd St #C,Carrboro NC 27510
Joan Arsene Petit,102 Oak St,Carrboro NC 27510
Virginia C Petty,205 Lorraine St,Carrboro NC 27510
James Aaron Phillippi,101 Dove St,Carrboro NC 27510
Jason Edward Phillippi,101 Dove St,Carrboro NC 27510
Mason Waverly Phillips,103 Pine Hill Dr,Carrboro NC 27510
Dennis Wendel Pike III,101 Woods Walk Ct,Carrboro NC 27510
Jerome M Pilarski,117 Cheek St,Carrboro NC 27510
Azadeh Pirnia,505 N Greensboro St #A,Carrboro NC 27510
Jessica Erin Pittman,108 Todd St #B,Carrboro NC 27510
Brian K Plaster,PO Box 615,Chapel Hill NC 27514
Gina Bradford Platz,302 Simpson St,Carrboro NC 27510
Nicholas Leo Politte,505 N Greensboro St #B,Carrboro NC 27510
Matthew Stuart Polly,300 Hillsborough Rd,Carrboro NC 27510
Sheunequa R Poole,102 Carol St,Carrboro NC 27510
Lauren A Poor,505 N Greensboro St #D,Carrboro NC 27510
Gregory Lewis Porter,102 Phipps St,Carrboro NC 27510
Michelle M Potter,101 Deer St,Carrboro NC 27510
Joyce Sharanette Powell,103 Hunter Pl,Carrboro NC 27510
Edward James Powers III,413 Strowd Ln,Chapel Hill NC 27516
Anna Jo Pradka,101 Todd St #B,Carrboro NC 27510
Mary Grace Price,612 Hillsborough Rd,Carrboro NC 27510
William Ross Proctor III,116 Cheek St #A,Carrboro NC 27510
Alexander Byrd Punger,109 Todd St #B,Carrboro NC 27510
Elizabeth Ann Pyle,111 Woods Walk Ct,Carrboro NC 27510
Victoria Neal Ralston,101 High St,Carrboro NC 27510
Flor Edilma Ramirez,PO Box 1383,Carrboro NC 27510
Diane Ivers Raulli,112 Cheswick Ct,Carrboro NC 27510
Luna Lee Ray,101 The Hollow,Chapel Hill NC 27516
Hollie Rana Rennell,502 Oak Ave #B,Carrboro NC 27510
Elisabeth Sinclair Richardson,106 Todd St #A,Carrboro NC 27510
Emily Davis Richardson,503 N Greensboro St #A,Carrboro NC 27510
Shirley Anne Richards,503 Hillsborough Rd,Carrboro NC 27510
Natalie Clarkson Rich,100 Shelton St,Carrboro NC 27510
Britney Laverne Rider,208 Quail Roost Dr,Carrboro NC 27510
Margaret Louise Rife,705 N Greensboro St #B,Carrboro NC 27510
Mabel C Riggsbee,304 Hillsborough Rd,Carrboro NC 27510
Mary Ann Ristaino,202 Carol St,Carrboro NC 27510
Bobbie Gray Roberts Sr,102 Hunter Pl,Carrboro NC 27510
Ednetta Ellis Robinson,703 N Greensboro St #B,Carrboro NC 27510
Kathryn Olga Robinson,402 James St,Carrboro NC 27510
Linda H Robinson,402 James St,Carrboro NC 27510
Rebecca Catherine Rogers,98 Pine Hill Dr,Carrboro NC 27510
Reid Lee Rogers,105 Cheswick Ct,Carrboro NC 27510
Arthur Romano,PO Box 871,Carrboro NC 27510
Charles Joseph Romeo Jr,311 Carol St,Carrboro NC 27510
Kendra Lopes Rosa,106 High St #A,Carrboro NC 27510
Kathryn Marie Rose,206 Quail Roost Dr,Carrboro NC 27510
Roberta Sully Rosenberg,109 The Hollow,Chapel Hill NC 27516
Robin Adele Rosenberg,109 The Hollow,Chapel Hill NC 27516
Wayne Donald Rossignol,104 Sue Ann Ct #B,Carrboro NC 27510
Carlyle Murray Rubinow,105 Strowd Ln,Chapel Hill NC 27516
David Russell Rubinow,105 Strowd Ln,Chapel Hill NC 27516
Barbara Brafford Rubish,214 Hillsborough Rd,Carrboro NC 27510
Caleb Zachary Rudow,511 N Greensboro St,Carrboro NC 27510
John Frederick Rupp,604 Hillsborough Rd,Carrboro NC 27510
Rosa Isabel Ryan,120 Pine St,Carrboro NC 27510
Sara Elizabeth Safransky,102 Pine St #A,Carrboro NC 27510
Gilbert Kenneth Sams,100 Oak St,Carrboro NC 27510
Judith Marie Sams,100 Oak St,Carrboro NC 27510
Carmen Ennis Sanchez,202 Lorraine St,Carrboro NC 27510
Meredith Leigh Sause,PO Box 1294,Carrboro NC 27510
Lindsay Beth Schinasi,114 Carol St,Carrboro NC 27510
Allison Kate Hamer Schlobohm,608 W Main St,Carrboro NC 27510
Richard Robert Schramm,312 Carol St,Carrboro NC 27510
Sharon Ericson Schramm,312 Carol St,Carrboro NC 27510
Elyse Beth Schwarzberg,101 Todd St #B,Carrboro NC 27510
Robert Rolston Schworm,409 Lindsay St,Carrboro NC 27510
Dee A Scott,1305 Hillsborough Rd,Chapel Hill NC 27516
Ann Wakefield Scotto,107 Cheswick Ct,Carrboro NC 27510
Dana Marie Scurlock,810 Old Fayetteville Rd #2,Chapel Hill NC 27516
Andrew Lee Seligman,200 Lisa Dr,Carrboro NC 27510
Julian Dante Sereno,213 Simpson St,Carrboro NC 27510
Naman Kirit Shah,103 Pine Hill Dr,Carrboro NC 27510
David W Sharp,404 Hillsborough Rd,Carrboro NC 27510
Joshua Dalton Sharp,503 N Greensboro St #B,Carrboro NC 27510
Liedeke Allyn Sharp,1201 Hillsborough Rd #C,Chapel Hill NC 27516
Kirsten Elizabeth Sherk,603 N Greensboro St #B,Carrboro NC 27510
Amanda Ruth Shields,119 Dillard St,Carrboro NC 27510
Edith Elizabeth Shimel,116 Pine St #B,Carrboro NC 27510
Ryan Steven Shivar,308 Lindsay St,Carrboro NC 27510
Amanda Raye Shive,110 Goldston Ave #B,Carrboro NC 27510
Daniel Kohle Siegel,503 N Greensboro St #B,Carrboro NC 27510
Edward Jay Siff,308 Carol St,Carrboro NC 27510
Shegufta Shefa Sikder,516 Hillsborough Rd,Carrboro NC 27510
Margaux Rose Simon,105 Todd St #B,Carrboro NC 27510
Betty Brooks Simpson,107 Phipps St,Carrboro NC 27510
Michael F Singer,217 Hillsborough Rd #D,Carrboro NC 27510
John Mark Smith,510 Oak Ave #B,Carrboro NC 27510
Mercedez Smith,703 N Greensboro St #B,Carrboro NC 27510
Stephanie Louise Smith-Roe,106 Sue Ann Ct #B,Carrboro NC 27510
Noah Engel Smit IV,406 Oak Ave #A,Carrboro NC 27510
Richard Franklin Snow,402 James St,Carrboro NC 27510
Linda Soto,207 Lorraine St,Carrboro NC 27510
Ruthie Dianne Speare-Hardy,212 James St,Carrboro NC 27510
Jeffrey Donald Spencer,105 Milton Dr #A,Carrboro NC 27510
Eloise Fogleman Squires,104 Melba Cir,Carrboro NC 27510
Richard Jackson Squires,104 Melba Cir,Carrboro NC 27510
Constance Rene Stafford,206 Carol St,Carrboro NC 27510
Darrel Wayne Stafford,300 Rainbow Dr,Carrboro NC 27510
Amy Margaret Stainken,209 Carol St,Carrboro NC 27510
Timothy Allen Stambaugh,116½ Pine St,Carrboro NC 27510
Charles Corey Stanley,415 James St,Carrboro NC 27510
Christine Elaine Stanley,415 James St,Carrboro NC 27510
Brett Jordan Stegall,105 Todd St #B,Carrboro NC 27510
Barbara Jean Stenross,120 Carol St,Carrboro NC 27510
Amanda Claire Stevens,608 W Main St,Carrboro NC 27510
Davis Fredrick Stillson,401 Lorraine St,Carrboro NC 27510
James G Stock,202 Lisa Dr,Carrboro NC 27510
Kim Allen Stoltz,102 Strowd Ln,Chapel Hill NC 27516
Brenda Petty Sturdivant,205 Lorraine St,Carrboro NC 27510
James Battle Suiter Jr,300 Simpson St,Carrboro NC 27510
Bonnie Ruth Swift,505 N Greensboro St #C,Carrboro NC 27510
Mary Jane Swing,104 High St,Carrboro NC 27510
Catherine Kirby Tanner,107 Todd St #A,Carrboro NC 27510
William Edward Taylor,114 Carol St,Carrboro NC 27510
Alexander Grant Tennille,605 Hillsborough Rd,Carrboro NC 27510
Andrew Robert Teras,502 Oak Ave,Carrboro NC 27510
Michael Todd Thede,1101 N Greensboro St #B,Carrboro NC 27510
Mary E Thomas,1705 N Greensboro St,Carrboro NC 27510
Samuel Maxton Thompson,509 N Greensboro St #B,Carrboro NC 27510
Kaylee Marie Thomsen,101 Deer St,Carrboro NC 27510
Dan Franklin Thornton,304 Lindsay St #A,Carrboro NC 27510
Jennifer Elizabeth Tiitsman,510 Oak Ave #A,Carrboro NC 27510
Kharmika Kiari Tillery,512 Hillsborough Rd,Carrboro NC 27510
Alan William Todd,503 Oak Ave #C,Carrboro NC 27510
Annemie Jude Tonken,116 Cheswick Ct,Carrboro NC 27510
Matthew Ryan Tonken,116 Cheswick Ct,Carrboro NC 27510
Thomas Alan Transue,201 Simpson St #B,Carrboro NC 27510
Alexander Powell Turchi,106 Oak St,Carrboro NC 27510
Faith Ledford Turchi,106 Oak St,Carrboro NC 27510
Charles Brister Turner,901 N Greensboro St #C,Carrboro NC 27510
Kevin Brendan Turner,503 N Greensboro St #B,Carrboro NC 27510
Lynn Flowers Turner,218 James St,Carrboro NC 27510
Dana Gilbert Tuttle,218 Hillsborough Rd,Carrboro NC 27510
Julie Kay Underwood,300 Lisa Dr,Carrboro NC 27510
Mark Richard Underwood,300 Lisa Dr,Carrboro NC 27510
Sarah Underwood,300 Lisa Dr,Carrboro NC 27510
Raphael Valdivia,303 Lisa Dr,Carrboro NC 27510
Suzanne Allen Valdivia,303 Lisa Dr,Carrboro NC 27510
John R Van Fleet,403 Lorraine St,Carrboro NC 27510
Virginia Paige Vanfleet,403 Lorraine St,Carrboro NC 27510
Joanne Van Tuyl,306 Carol St,Carrboro NC 27510
Gretchen Lynn Van Vliet,104 Oak St,Carrboro NC 27510
Cameron David Vernon,518 Hillsborough Rd,Carrboro NC 27510
Laura Monica Villanueva,513 N Greensboro St #A,Carrboro NC 27510
Melany Beth Coopmans Vizithum,704 W Main St,Carrboro NC 27510
Beatrice M Walden,104 James St,Carrboro NC 27510
Jacquelyn Presley Wallace,102 Rainbow Dr,Carrboro NC 27510
James Grier Wallace Jr,102 Rainbow Dr,Carrboro NC 27510
Paeder Wall,109 The Hollow,Chapel Hill NC 27516
Donnie Blake Ward,1100 W Main St,Carrboro NC 27510
Gregory Scott Ward,1100 W Main St #A,Carrboro NC 27510
Joyce B Ward,1100 W Main St,Carrboro NC 27510
Juanita C Washington,101 Sue Ann Ct #D,Carrboro NC 27510
Samuel Watters,901 N Greensboro St #A,Carrboro NC 27510
Billy Wall Watts,211 Simpson St,Carrboro NC 27510
Jane Garriss Watts,211 Simpson St,Carrboro NC 27510
Zolena D Watts,105 Mary St,Carrboro NC 27510
Justin Sean Waychoff,518 Hillsborough Rd,Carrboro NC 27510
Jennifer Floyd Weaver,618 Hillsborough Rd,Carrboro NC 27510
Norman Ellis Weaver,618 Hillsborough Rd,Carrboro NC 27510
Kenneth Alexander Weeden,505 N Greensboro St #A,Carrboro NC 27510
Roberta H Weinberg,103 Woods Walk Ct,Carrboro NC 27510
Lauren Nicole Weingarten,103 Pine Hill Dr,Carrboro NC 27510
Amber Lynn Wells,907 N Greensboro St #B,Carrboro NC 27510
Joseph Porter West,107 Carol St,Carrboro NC 27510
Bruce Martin Whealton,112 Dillard St #A,Carrboro NC 27510
Brian Lee White,101 Phipps St,Carrboro NC 27510
Jennifer Deshun White,810 Old Fayetteville Rd #12,Chapel Hill NC 27516
Nancy Idol White,614 Hillsborough Rd,Carrboro NC 27510
Chante Marie Whitfield,1100 W Main St #B,Carrboro NC 27510
Jeremy Ryan Whitley,100 Shelton St,Carrboro NC 27510
Jewell Elizabeth Whitmer,1209 Hillsborough Rd #A,Chapel Hill NC 27516
Lisa Nicole Whittle,103 Pine Hill Dr,Carrboro NC 27510
Carl A Wildermann,1311 Hillsborough Rd,Chapel Hill NC 27516
Alice Carrie Wiley,120 Oak St,Carrboro NC 27510
Catherine Gwynn Wiley,120 Oak St,Carrboro NC 27510
Justin Tyler Wiley,116 Pine St,Carrboro NC 27510
Alice Michelle Williams,110 Carol St,Carrboro NC 27510
Charzena Williams,220 James St,Carrboro NC 27510
Jessica Hackney Williams,109 Milton Dr #B,Carrboro NC 27510
Latoya Germaine Williams,301 Lorraine St,Carrboro NC 27510
Melissa Kay Williams,310 Covenant Creek,Raleigh NC 27607
Linda Kaye Wilson,104 Dillard St,Carrboro NC 27510
Marion Henry Wilson Sr,801 Hillsborough Rd,Carrboro NC 27510
Thomas Joseph Wiltberger,503 Oak Ave,Carrboro NC 27510
Jason Harold Windett,101 Cheswick Ct,Carrboro NC 27510
Kathleen Elizabeth Wirth,113 Pine St #B,Carrboro NC 27510
Arianna Ilene Witten,1028 W Main St,Carrboro NC 27510
Wendy Weichen Wolford,100 Woods Walk Ct,Carrboro NC 27510
Edward Maxwell Womble,701 Hillsborough Rd,Chapel Hill NC 27516
Fletcher Womble,701 Hillsborough Rd,Chapel Hill NC 27516
Lillie Ruth Womble,101 Simpson St,Carrboro NC 27510
Robert Thomas Womble,1010 Old Fayetteville Rd,Chapel Hill NC 27516
Settle Roberts Womble,701 Hillsborough Rd,Chapel Hill NC 27516
Wallace Maxwell Womble,101 Simpson St,Carrboro NC 27510
Thomas Huntington Wroth,500 Oak Ave #A,Carrboro NC 27510
Alan Shelford Wyatt,100 Dove St,Carrboro NC 27510
Leslie Sayet Wyatt,100 Dove St,Carrboro NC 27510
Thespina J Yamanis,105 Dove St,Carrboro NC 27510
Stephen Tyler Zablonski,118 Carol St,Carrboro NC 27510
Abigail Debra Zeveloff,1103 N Greensboro St,Carrboro NC 27510
