Joseph John Acciarito Jr,211 Turtleback Crossing Dr,Chapel Hill NC 27516
Maria Grazia Acciarito,211 Turtleback Crossing Dr,Chapel Hill NC 27516
Elizabeth Lineberger Acuff,103 Hogan Ridge Ct,Chapel Hill NC 27516
Mark Douglas Acuff,103 Hogan Ridge Ct,Chapel Hill NC 27516
Alexander Benjamin Altman,1009 Brendan Ct,Chapel Hill NC 27516
John Prescott Anderson Jr,113 Hogan Woods Cir,Chapel Hill NC 27516
John Joseph Andres,222 Lake Manor Rd,Chapel Hill NC 27516
Elaine Ann Baiardi,201 Lake Hogan Farm Rd,Chapel Hill NC 27516
Christina Karseras Balderson,109 North Fields Cir,Chapel Hill NC 27516
Janice Marie Baptiste,114 Jones Creek Pl,Chapel Hill NC 27516
Brandon Michael Barham,207 Towne Ridge Ln,Chapel Hill NC 27516
Jill Harper Barham,207 Towne Ridge Ln,Chapel Hill NC 27516
Glenn Howard Barth,607 Lake Hogan Farm Rd,Chapel Hill NC 27516
Patricia Jean Barth,607 Lake Hogan Farm Rd,Chapel Hill NC 27516
Connor Adams Bradfield,126 Shadow Ridge Pl,Chapel Hill NC 27516
John F Bradfield,126 Shadow Ridge Pl,Chapel Hill NC 27516
Ritchie Wayne Buckner Jr,306 Jewell Dr,Chapel Hill NC 27516
Linda Dale Caracci,1702 Homestead Rd,Chapel Hill NC 27516
Price Lewis Carter,102 Hogan Woods Cir,Chapel Hill NC 27516
Gregory Tyler Chandler,2007 S Hawick Ct,Chapel Hill NC 27516
Janet Anne Clayton,300 Lake Manor Rd,Chapel Hill NC 27516
John P Cody,208 Lake Manor Rd,Chapel Hill NC 27516
Rosalie A Cody,208 Lake Manor Rd,Chapel Hill NC 27516
Shari Lynne Cole,216 Towne Ridge Ln,Chapel Hill NC 27516
Patricia A Cornell,6011 Meadow Run Ct,Chapel Hill NC 27516
John Patrick Craig,110 Shadow Ridge Pl,Chapel Hill NC 27516
Elisabeth Hannah Crummett,2008 S Hawick Ct,Chapel Hill NC 27516
Alice Moura Cruz,144 North Fields Cir,Chapel Hill NC 27516
Benjamin Garlon Cutrell,301 Hogan Woods Cir,Chapel Hill NC 27516
Felipe Deguzman,103 Painted Turtle Ln,Chapel Hill NC 27516
John Peyton Dehart,100 South Fields Cir,Chapel Hill NC 27516
Cynthia Jeanne Denu-Ciocca,104 Lake Ridge Pl,Chapel Hill NC 27516
Cheryl Lee Doble,115 Shadow Ridge Pl,Chapel Hill NC 27516
Kim D Elderkin,1220 Tallyho Trl,Chapel Hill NC 27516
Glenn Mendoza Estacio,112 Shadow Ridge Pl,Chapel Hill NC 27516
John Anthony Ferr,126 N Fields Cir,Chapel Hill NC 27516
Howard Jay Forrest,6000 Meadow Run Ct,Chapel Hill NC 27516
Brad Fox,105 Painted Turtle Ln,Chapel Hill NC 27516
Donna Boswell Gilleskie,308 Hogan Woods Cir,Chapel Hill NC 27516
Michael Wayne Gillmer II,237 Towne Ridge Ln,Chapel Hill NC 27516
Sara Ann Gillmer,237 Towne Ridge Ln,Chapel Hill NC 27516
Thomas Paul Girman,107 Turtleback Crossing Dr,Chapel Hill NC 27516
Robin Rae Gonzalez,123 Shadow Ridge Pl,Chapel Hill NC 27516
John Victor Govert,123 Lake Hogan Farm Rd,Chapel Hill NC 27516
Janet Marie Guthmiller,409 Hogan Woods Cir,Chapel Hill NC 27516
Jenifer Womble Gwaltney,700 Long Meadows Rd,Chapel Hill NC 27516
Michael Anthony Hamilton,2005 S Hawick Ct,Chapel Hill NC 27516
Jeanine Marie Hamner,128 South Fields Cir,Chapel Hill NC 27516
Joel Emery Hand,1807 Claymore Rd,Chapel Hill NC 27516
Gunnar James Hanson,1003 Camden Ln,Chapel Hill NC 27516
Sophia Lilian Hanson,1003 Camden Ln,Chapel Hill NC 27516
John Alexander Harris,204 Towne Ridge Ln,Chapel Hill NC 27516
Paul Willliam Harris,219 Towne Ridge Ln,Chapel Hill NC 27516
John Henry Hastings Jr,113 South Fields Cir,Chapel Hill NC 27516
John Gilbert Haus IV,109 Shadow Ridge Pl,Chapel Hill NC 27516
Lisa Ariosa Haus,109 Shadow Ridge Pl,Chapel Hill NC 27516
Donnie Denise Haye,107 Lake Manor Rd,Chapel Hill NC 27516
Andrea Edwards Hewitt,47 Governors Trace,Beaufort Sc 29907
John David Hewitt,114 North Fields Cir,Chapel Hill NC 27516
Keith Lynn Hodge Jr,217 Towne Ridge Ln,Chapel Hill NC 27516
Marilyn W Holleran,101 South Fields Cir,Chapel Hill NC 27516
Charles Joseph Iachetta,124 Shadow Ridge Pl,Chapel Hill NC 27516
Barbara Musil Jackson,204 Lake Manor Rd,Chapel Hill NC 27516
Glenn Thomas Jackson,204 Lake Manor Rd,Chapel Hill NC 27516
Jennifer Hogg Johnson,403 Lake Hogan Farm Rd,Chapel Hill NC 27516
Robert Evans Johnson,403 Lake Hogan Farm Rd,Chapel Hill NC 27516
Ronald Wayne Johnson,103 Commons Way Dr,Chapel Hill NC 27516
Gene A Jonson,6011 Meadow Run Ct,Chapel Hill NC 27516
Caroline Lee Kaufman,1010 Camden Ln,Chapel Hill NC 27516
Amanda Price Kircher,301 Lake Hogan Farm Rd,Chapel Hill NC 27516
George William Kircher Jr,301 Lake Hogan Farm Rd,Chapel Hill NC 27516
Richard Wayne Kuhn,209 Commons Way Dr,Chapel Hill NC 27516
Sarah Kristine Lotchin,111 Hogan Ridge Ct,Chapel Hill NC 27516
Theodore Roger Lotchin,111 Hogan Ridge Ct,Chapel Hill NC 27516
Kimberly Danielle Lucas,111 Turtleback Crossing Dr,Chapel Hill NC 27516
Derek Michael Ludwig,107 North Fields Cir,Chapel Hill NC 27516
Cynthia Laurann Lutz,106 South Fields Cir,Chapel Hill NC 27516
Roberta Lynn Manning,217 Towne Ridge Ln,Chapel Hill NC 27516
Duane Allen Martin,209 Towne Ridge Ln,Chapel Hill NC 27516
Jeffrey Rehr Mateer,2008 Whitmore Cir,Chapel Hill NC 27516
Theresa Clare McCaffrey,214 Turtleback Crossing Dr,Chapel Hill NC 27516
Walter McDonald III,102 Commons Way Dr,Chapel Hill NC 27516
Michael Theodore McIntosh,103 Shadow Ridge Pl,Chapel Hill NC 27516
Rebecca Lynn McIntosh,103 Shadow Ridge Pl,Chapel Hill NC 27516
Ila M McMillan,8009 Rogers Rd,Chapel Hill NC 27516
Mark Alan Moffet,105 Lake Manor Rd,Chapel Hill NC 27516
Bradley Keith Moody,2004 Whitmore Cir,Chapel Hill NC 27516
Chelsea Grey Moody,2004 Whitmore Cir,Chapel Hill NC 27516
Elizabeth Paige Moody,2004 Whitmore Cir,Chapel Hill NC 27516
Doreen Ann Moran,1605 Tallyho Trl,Chapel Hill NC 27516
Patrick Stuart Moran,PO Box 16421,Chapel Hill NC 27516
Tiffany Anne Muir,8321 Burns Pl,Chapel Hill NC 27516
Matthew John Mullady,226 Towne Ridge Ln,Chapel Hill NC 27516
Natalie Ann Mumper,209 Turtleback Crossing Dr,Chapel Hill NC 27516
Russell John Mumper,209 Turtleback Crossing Dr,Chapel Hill NC 27516
David Russell Nelson,6010 Meadow Run Ct,Chapel Hill NC 27516
Thomas Lynch Oconnell,201 Dairy Glen Rd,Chapel Hill NC 27516
Joseph A Palumbo,1000 Gloucester Ct,Chapel Hill NC 27516
Mercedes Anne Pannone,104 South Fields Cir,Chapel Hill NC 27516
Anishkumar A Patel,100 Randolph Ct,Chapel Hill NC 27516
Daniel Larrime Pearman Jr,107 Hogan Ridge Ct,Chapel Hill NC 27516
Kristy Lynn Sewell Pearman,107 Hogan Ridge Ct,Chapel Hill NC 27516
Samantha J Peckham,2000 Staffield Ln,Chapel Hill NC 27516
Pearl Clark Perdue,119 South Fields Cir,Chapel Hill NC 27516
Mary Anne Perez,1114 Tallyho Trl,Chapel Hill NC 27516
Randi Lynn Pisko,203 Hogan Woods Cir,Chapel Hill NC 27516
Lisa Ann Porterfield,305 Hogan Woods Cir,Chapel Hill NC 27516
Patricia Rene King Redfoot,111 S Fields Cir,Chapel Hill NC 27516
Tracy Lynn Redfoot,8505 Sterling Bridge Rd,Chapel Hill NC 27516
Preston Berkeley Rich,8319 Burns Pl,Chapel Hill NC 27516
Susan Rieder,217 Towne Ridge Ln,Chapel Hill NC 27516
Daniel Lee Rockaway,202 Hogan Woods Cir,Chapel Hill NC 27516
Marjorie Cornell Roller,103 Jones Creek Pl,Chapel Hill NC 27516
Melinda Jane Roush,999 Camden Ln,Chapel Hill NC 27516
Hamid R Shafiei,113 Dairy Ct,Chapel Hill NC 27516
James Denis Sheehan,215 Turtleback Crossing Dr,Chapel Hill NC 27516
Patricia Marie Sheehan,215 Turtleback Crossing Dr,Chapel Hill NC 27516
Edward Eugene Shelton,200 Dairy Glen Rd,Chapel Hill NC 27516
David Linn Shoup,605 Lake Hogan Farm Rd,Chapel Hill NC 27516
Lilian Silveira,1003 Camden Ln,Chapel Hill NC 27516
Kathleen Andersen Smith,101 Bay View Dr,Chapel Hill NC 27516
Lori Lucas Smith,112 Dairy Ct,Chapel Hill NC 27516
Michael Tyler Smith,101 Bay View Dr,Chapel Hill NC 27516
Craig Joseph Sobolewski,1008 Camden Ln,Chapel Hill NC 27516
Janine Marie Sobolewski,1008 Camden Ln,Chapel Hill NC 27516
Stephen Ryan Stone,100 Painted Turtle Ln,Chapel Hill NC 27516
Carl Joseph Sullivan,211 Lake Manor Rd,Chapel Hill NC 27516
Joann Sullivan,211 Lake Manor Rd,Chapel Hill NC 27516
Jeanette Fears Talbott,134 South Fields Cir,Chapel Hill NC 27516
Jessica Leigh Thomas,431 East Roanoke St,Blacksburg Va 24060
Steven Michael Thomas,2007 Whitmore Cir,Chapel Hill NC 27516
Theresa Senour Thomas,2007 Whitmore Cir,Chapel Hill NC 27516
Philip G Vanderwoude,101 Hogan Glen Ct,Chapel Hill NC 27516
Rebecca L Vanderwoude,101 Hogan Glen Ct,Chapel Hill NC 27516
Jessica Lynn Visco,110 Hogan Woods Cir,Chapel Hill NC 27516
John Merton Walker,116 Jones Creek Pl,Chapel Hill NC 27516
Michael John Wallace,100 Shadow Ridge Pl,Chapel Hill NC 27516
Jay Alan Watson,103 Whispering Oak Ct,Chapel Hill NC 27516
Justin A Watts,201 Turtleback Crossing Dr,Chapel Hill NC 27516
Jordan Peter Weber,8317 Loch Laven Ln,Chapel Hill NC 27516
Ronald Gene Weber Jr,8317 Loch Laven Ln,Chapel Hill NC 27516
Andrew Joseph Werden,108 Lake Ridge Pl,Chapel Hill NC 27516
Lynn Gibbs Werk,8107 N Hound Ct,Chapel Hill NC 27516
Stephen Rodgers Werk,8107 N Hound Ct,Chapel Hill NC 27516
Lee Gravatt Wilke,201 Commons Way Dr,Chapel Hill NC 27516
Carl Leon Wilkins,124 North Fields Cir,Chapel Hill NC 27516
Charlotte Zeigler Wilkins,124 North Fields Cir,Chapel Hill NC 27516
Kristen Lyn Williamson,102 Dairy Ct,Chapel Hill NC 27516
David Lamar Wright,107 Hogan Glen Ct,Chapel Hill NC 27516
Tracy Fuller Wright,107 Hogan Glen Ct,Chapel Hill NC 27516
Chu Taine Yeh,304 Lake Manor Rd,Chapel Hill NC 27516
Mintes Yeh,304 Lake Manor Rd,Chapel Hill NC 27516
Jeffrey J Yusiewicz,101 Shadow Ridge Pl,Chapel Hill NC 27516
