James Edward Adams Jr,180 Bpw Club Rd #K1,Carrboro NC 27510
Rachel Diane Adams,180 Bpw Club Rd #K1,Carrboro NC 27510
Casey Ann Altice,1000 Smith Level Rd #E14,Carrboro NC 27510
Amber Lyne Anderson,140 Bpw Club Rd #A11,Carrboro NC 27510
Tiffany Rene Anderson,140 Bpw Club Rd #E-2,Carrboro NC 27510
John Arthur,408 Manor Ridge Dr,Carrboro NC 27510
Brian James Auton,1000 Smith Level Rd #G1,Carrboro NC 27510
Danyel Ann Bailey,100 Rock Haven Rd #E103,Carrboro NC 27510
Jessica Lyn Barile,304 Rossburn Way,Chapel Hill NC 27516
Kirston Mandy Lang Barton,180 Bpw Club Rd #D14,Carrboro NC 27510
Benjamin Kennedy Bassett,180 Bpw Club Rd #S9,Carrboro NC 27510
Shawn Geoffrey Bauldry,140 Bpw Club Rd #F22,Carrboro NC 27510
Melissa Watson Benfield,1000 Smith Level Rd #A7,Carrboro NC 27510
Deborah Ann Benjamin,201 Morgan Hill Ct,Carrboro NC 27510
Steven James Benjamin,201 Morgan Hill Ct,Carrboro NC 27510
Marc Elliot Bennett,180 Bpw Club Rd #L8,Carrboro NC 27510
Laurie Dawn Bennie,180 Bpw Club Rd #S1,Carrboro NC 27510
Waitman Wade Beorn,100 Rock Haven Rd #A202,Carrboro NC 27510
Gagandeep Singh Bindra,303 Smith Level Rd #C-14,Chapel Hill NC 27516
Anthony Blanford,104 Misty Pines Pl,Carrboro NC 27510
Laura Elizabeth Blue,100 Rock Haven Rd #J302,Carrboro NC 27510
Charles Patrick Blyth,100 Rock Haven Rd #M204,Carrboro NC 27510
Jeffrey Paul Bocock,100 Rock Haven Rd #Q108,Carrboro NC 27510
Thomas Howell Bodenheimer,302 Manor Ridge Dr,Carrboro NC 27510
George Michael Boggess II,100 Rock Haven Rd #G-301,Carrboro NC 27510
Garrett Chase Boisture,1000 Smith Level Rd #L-6,Carrboro NC 27510
Ryan Booker,180 Bpw Club Rd #D12,Carrboro NC 27510
Melissa Suzanne Boswell,180 Bpw Club Rd #J-6,Carrboro NC 27510
Tereasa Maria Bouyea,180 Bpw Club Rd #D10,Carrboro NC 27510
Olivia Anne Bowler,180 Bpw Club Rd #Q9,Carrboro NC 27510
Jennifer Leigh Boyle,180 Bpw Club Rd #U-8,Carrboro NC 27510
Carlotta Jane Bradsher,405 Smith Level Rd,Chapel Hill NC 27516
Sarah Elizabeth Bricker,1000 Smith Level Rd #V15,Carrboro NC 27510
Shane Barry Brogan,180 Bpw Club Rd #K3,Carrboro NC 27510
Walker Brooks,1000 Smith Level Rd #A15,Carrboro NC 27510
Thomas Moore Brumley III,303 Smith Level Rd #B33,Chapel Hill NC 27516
Ryan Matthew Bullis,140 Bpw Club Rd #D2,Carrboro NC 27510
Molly Therese Burns,100 Rock Haven Rd #M302,Carrboro NC 27510
Christian Anne Burr,180 Bpw Club Rd #F9,Carrboro NC 27510
Heidi Isabella Campbell,180 Bpw Club Rd #Q7,Carrboro NC 27510
Joshua Marcus Campbell,180 Bpw Club Rd #Q7,Carrboro NC 27510
Sharon Louise Carlson,405 Manor Ridge Dr,Carrboro NC 27510
Rachel Lynn Carroll,100 Rock Haven Rd #C104,Carrboro NC 27510
Sonya Richardson Cato,403 Rossburn Way,Chapel Hill NC 27516
Yin-Fu Chang,304 Orchard Ln,Carrboro NC 27510
Carl Yeosong Chao,303 Smith Level Rd #A31,Chapel Hill NC 27516
Hal Alexander Charles,405 Smith Level Rd,Chapel Hill NC 27516
Karen Ann Cherkis,140 Bpw Club Rd #E1,Carrboro NC 27510
Yvette Yu-Hui Chuang,303 Smith Level Rd #E-24,Chapel Hill NC 27516
Robin Tyler Churchill,602 Manor Ridge Dr,Carrboro NC 27510
Victoria Lee Churchill,602 Manor Ridge Dr,Carrboro NC 27510
Laurel Elizabeth Clark,100 Rock Haven Rd #M104,Carrboro NC 27510
Kindra Clemence,1000 Smith Level Rd #F10,Carrboro NC 27510
Jason Todd Clemmer,409 Rossburn Way,Chapel Hill NC 27516
Carolyn Hassell Cole,309 Rossburn Way,Chapel Hill NC 27516
Jacqueline Coleman,413 Rossburn Way,Chapel Hill NC 27516
Claire Marie Colligan,1000 Smith Level Rd #D12,Carrboro NC 27510
Caitlin Marie Collins,140 Bpw Club Rd #F10,Carrboro NC 27510
John David Colpitts,100 Rock Haven Rd #Q106,Carrboro NC 27510
Anna Kathlene Cooper,100 Rock Haven Rd #E205,Carrboro NC 27510
John Russell Corn,100 Rock Haven Rd #G303,Carrboro NC 27510
William Clarence Cotton,405 Smith Level Rd #107,Chapel Hill NC 27516
Jeremy Alan Cribb,140 Bpw Club Rd #F-8,Carrboro NC 27510
Richard G Crook,1000 Smith Level Rd #H-17,Carrboro NC 27510
Mary Lyle Dahlsten,303 Smith Level Rd #B11,Chapel Hill NC 27516
James Barry Daigle Jr,180 Bpw Club Rd #U1,Carrboro NC 27510
Luc Raymond Dallaire,303 Smith Level Rd #A-33,Chapel Hill NC 27516
Trang T Dam,405 Smith Level Rd #306,Chapel Hill NC 27516
Elyse Cathleen Dankoski,140 Bpw Club Rd #C15,Carrboro NC 27510
Erma Long Darnell,103 Culbreth Rd #201,Chapel Hill NC 27516
Dana Elaine Daugherty,180 Bpw Club Rd #R-3,Carrboro NC 27510
Steven Davis,180 Bpw Club Rd #M6,Carrboro NC 27510
Rebeccah Marie Dawson,180 Bpw Club Rd #D5,Carrboro NC 27510
Michael Decesaris,105 Oak Spring Ct,Carrboro NC 27510
Nadege Andrienne Delake,303 Smith Level Rd #C33,Chapel Hill NC 27516
James Edward Deschryver II,1000 Smith Level Rd #L15,Carrboro NC 27510
Phillip Nicholas Deschryver,1000 Smith Level Rd #E-3,Carrboro NC 27510
Gregory Gerard Dito,103 River Creek Pl,Carrboro NC 27510
Melissa Ann Dito,103 River Creek Pl,Carrboro NC 27510
Philip Joseph Dito,103 River Creek Pl,Carrboro NC 27510
Melinda Maria Divito,101 Bpw Club Rd #A,Carrboro NC 27510
Rachel Schucker Dokholyan,402 Manor Ridge Dr,Carrboro NC 27510
Barry Bruce Donow,413 Rossburn Way,Chapel Hill NC 27516
Julie Ellen Dosch-Blanford,104 Misty Pines Pl,Carrboro NC 27510
Anthony Charles Dube,180 Bpw Club Rd #U-7,Carrboro NC 27510
Jean T Dube,103 Culbreth Rd #310,Chapel Hill NC 27516
Stuart Scott Dunn,140 Bpw Club Rd #A1,Carrboro NC 27510
Lewis Sherman Durham,PO Box 666,Chapel Hill NC 27514
Megan Kelly Eagen,100 Rock Haven Rd #A-105,Carrboro NC 27510
Chelsea Lynn Erickson,100 Rock Haven Rd #K303,Carrboro NC 27510
Gregory James Evenson,180 Bpw Club Rd #N12,Carrboro NC 27510
Meagan Alayne Fahey,303 Smith Level Rd #A-24,Chapel Hill NC 27516
Janelle Elise Fenwick,100 Rock Haven Rd #M211,Carrboro NC 27510
Brianna Nicole Fleming,180 Bpw Club Rd #Q9,Carrboro NC 27510
Miriam Francis Foster,103 Culbreth Rd #301,Chapel Hill NC 27516
Emily Elizabeth Fritz,100 Rock Haven Rd #G201,Carrboro NC 27510
James Gray Frye,1000 Smith Level Rd #G3,Carrboro NC 27510
Michael Jerard Fuhlhage,1000 Smith Level Rd #E17,Carrboro NC 27510
Robin Alan Fulp Jr,100 Rock Haven Rd #L-206,Carrboro NC 27510
Leshara Malika Fulton,180 Bpw Club Rd #L13,Carrboro NC 27510
Andrew Michael Gaerig,1000 Smith Level Rd #P1,Carrboro NC 27510
Georgina Eleanor Gajewski,100 Rock Haven Rd #J-207,Carrboro NC 27510
Danny Howard Gale Jr,180 Bpw Club Rd #F8,Carrboro NC 27510
Sara Gallagher,180 Bpw Club Rd #R7,Carrboro NC 27510
Nicholas Oland Garvey,180 Bpw Club Rd #T12,Carrboro NC 27510
Markeith Jamal Gary,1000 Smith Level Rd #O8,Carrboro NC 27510
Julie Fitzgerald Gaudet,300 Orchard Ln,Carrboro NC 27510
Walter James Gaudet,300 Orchard Ln,Carrboro NC 27510
Elizabeth Anne Gersuk,140 Bpw Club Rd #E10,Carrboro NC 27510
Jason Schuyler Glassbrook,104 Palomar Pt,Chapel Hill NC 27516
Norman Jay Glassbrook,104 Palomar Pt,Chapel Hill NC 27516
Sally Lynn Glassbrook,104 Palomar Pt,Chapel Hill NC 27516
Melissa Marie McLean Glyptis,100 Rock Haven Rd #C102,Carrboro NC 27510
Melanie Arlene Goforth-Moore,303 Smith Level Rd #B32,Chapel Hill NC 27516
Stephen Alexander Gonski,3312 Ocotea St,Raleigh NC 27607
Erica Monique Greenlee,100 Rock Haven Rd #K206,Carrboro NC 27510
Andrea Talisha Gregg,180 Bpw Club Rd #T11,Carrboro NC 27510
Smith Lloyd Gregg,140 Bpw Club Rd #C8,Carrboro NC 27510
Shalia Shani Gregory,303 Smith Level Rd #E24,Chapel Hill NC 27516
Erin Ann Grey,303 Smith Level Rd #B-11,Chapel Hill NC 27516
Megan Alayne Griffin,1000 Smith Level Rd #F4,Carrboro NC 27510
Grace Nicole Gruendler,1000 Smith Level Rd #L19,Carrboro NC 27510
Shawn Michael Gumbleton,100 Rock Haven Rd #B106,Carrboro NC 27510
Caroline Autumn Haas,140 Bpw Club Rd #B7,Carrboro NC 27510
Darlene Ora Hackney,203 Rock Haven Rd #H,Carrboro NC 27510
Corey Allen Hadley,1000 Smith Level Rd #D-8,Carrboro NC 27510
Holly Collins Hamilton,1000 Smith Level Rd #F2,Carrboro NC 27510
Charles Truman Handy,804 Manor Ridge Dr,Carrboro NC 27510
Kendall Hager Hankins,140 Bpw Club Rd #B-1,Carrboro NC 27510
Melissa Marie Harlan,180 Bpw Club Rd #D7,Carrboro NC 27510
Benjamin Mark Harris,180 Bpw Club Rd #C4,Carrboro NC 27510
Whitney Nicole Harris,303 Smith Level Rd #D24,Chapel Hill NC 27516
Anthony Vaughn Hartline,PO Box 853,Carrboro NC 27510
Samantha Nicole Harvey,303 Smith Level Rd #A23,Chapel Hill NC 27516
Anita Irene Haywood,180 Bpw Club Rd #K1,Carrboro NC 27510
Sheri Danielle Hazelbaker,303 Smith Level Rd #A14,Chapel Hill NC 27516
Alyssa Kathlene Heckman,303 Smith Level Rd #A13,Chapel Hill NC 27516
Erik Heckman,1000 Smith Level Rd #F24,Carrboro NC 27510
Tina Ruth Heetderks,1000 Smith Level Rd #O3,Carrboro NC 27510
Brent Douglas Hehl,303 Smith Level Rd #B14,Chapel Hill NC 27516
Hongju He,103 Culbreth Rd #208,Chapel Hill NC 27516
Ashley Glyn Henderson,103 Morgan Hill Ct,Carrboro NC 27510
Jason Patrick Henning,107 Juniper Ct,Carrboro NC 27510
Linda Ruth Henning,107 Juniper Ct,Carrboro NC 27510
Chabela Hernandez,103 Culbreth Rd #307,Chapel Hill NC 27516
Alexander Collins Herrington,180 Bpw Club Rd #M6,Carrboro NC 27510
Pamela Rose Hesker,140 Bpw Club Rd #B-18,Carrboro NC 27510
Brenn Andrew Hill,100 Rock Haven Rd #J104,Carrboro NC 27510
Isaac Blair Hilton,140 Bpw Club Rd #E-2,Carrboro NC 27510
Sarah Ashley Hiser,180 Bpw Club Rd #U8,Carrboro NC 27510
Michael Edward Hogg,100 Rock Haven Rd #K304,Carrboro NC 27510
Paul Ryan Holland,1000 Smith Level Rd #E23,Carrboro NC 27510
Kristi Michelle Hollar,303 Smith Level Rd #D12,Chapel Hill NC 27516
Alicia Anne Holtz,140 Bpw Club Rd #E-9,Carrboro NC 27510
Robert Paul Hoopes,180 Bpw Club Rd #K2,Carrboro NC 27510
Peter Andrew Hosick,180 Bpw Club Rd #R-12,Carrboro NC 27510
Ryan Michael Houser,1000 Smith Level Rd #H8,Carrboro NC 27510
Bonnie Jolene Howell,100 Rock Haven Rd #G306,Carrboro NC 27510
Aaron James Hubbard,140 Bpw Club Rd #C06,Carrboro NC 27510
Geoffrey Todd Hudson,400 Rossburn Way,Chapel Hill NC 27516
Sandra Joan Hufeisen,100 Rock Haven Rd #A103,Carrboro NC 27510
Lauren Bentley Humphries,140 Bpw Club Rd #C18,Carrboro NC 27510
Jay Nugent Ihry,180 Bpw Club Rd #Q4,Carrboro NC 27510
Ashley Kristina Jackson,303 Smith Level Rd #A13,Chapel Hill NC 27516
Cornelia Devon Jackson,180 Bpw Club Rd #D7,Carrboro NC 27510
Jennifer Michelle James,1000 Smith Level Rd #H5,Carrboro NC 27510
Nancy Marie James,1000 Smith Level Rd #V1,Carrboro NC 27510
Michael James Jenkinson,2143 Kilkenney Hill Rd,Matthews NC 28105
Jamie Leigh Jennings,180 Bpw Club Rd,Carrboro NC 27510
Darius Demon Johnson,1000 Smith Level Rd #A10,Carrboro NC 27510
Erin Kaltenbrun,100 Rock Haven Rd #B103,Carrboro NC 27510
Dean Allen Karrigan,604 Manor Ridge Dr,Carrboro NC 27510
Patricia Kosika Karrigan,604 Manor Ridge Dr,Carrboro NC 27510
Bethany Anne Keene,100 Rock Haven Rd #L306,Carrboro NC 27510
David Carl Kershaw,1000 Smith Level Rd #A22,Carrboro NC 27510
Yanneka Franchesca King,303 Smith Level Rd #32b,Chapel Hill NC 27516
Stuart Wilkie Knoles,1000 Smith Level Rd #I-9,Carrboro NC 27510
Susan Elizabeth Kobesky,508 Manor Ridge Dr,Carrboro NC 27510
Steven Robert Koch,100 Rock Haven Rd #G306,Carrboro NC 27510
Josef John Komenda,180 Bpw Club Rd #R10,Carrboro NC 27510
Jennifer Marie Kowalewski,180 Bpw Club Rd #Q3,Carrboro NC 27510
Anthony Paul Kozumplik,PO Box 4571,Chapel Hill NC 27515
Corey Douglas Krafte,106 Gateridge Pl,Carrboro NC 27510
Douglas Scott Krafte,106 Gateridge Pl,Carrboro NC 27510
Grace Alexandra Krafte,106 Gateridge Pl,Carrboro NC 27510
Kathleen Elizabeth Krafte,106 Gateridge Pl,Carrboro NC 27510
Mary McLellan Krebs,103 Culbreth Rd #105,Chapel Hill NC 27516
Sarah Rachel Kreiger,140 Bpw Club Rd #C21,Carrboro NC 27510
Matthew David Kutch,1000 Smith Level Rd #D5,Carrboro NC 27510
Richard King-Fai Kwok,102 Gateridge Pl,Carrboro NC 27510
Valerie Jane Nancy Lalonde,1000 Smith Level Rd #V15,Carrboro NC 27510
Amy Elizabeth Lambert,140 Bpw Club Rd #D18,Carrboro NC 27510
Viki Lambertus,1000 Smith Level Rd #J15,Carrboro NC 27510
Andrea Carole Lammonds,180 Bpw Club Rd #S6,Carrboro NC 27510
Pamela Renee Lammonds,180 Bpw Club Rd #S-6,Carrboro NC 27510
Amy Riche Lane,101 Rock Haven Rd #F-604,Carrboro NC 27510
Lindsay Rae Lankford,303 Smith Level Rd #F11,Chapel Hill NC 27516
Susan L Lannon,1000 Smith Level Rd #D10,Carrboro NC 27510
Bethann Lynn Lapiene,180 Bpw Club Rd #P4,Carrboro NC 27510
Paul P Lee,307 Rossburn Way,Chapel Hill NC 27516
Steven Micheal Leeson,140 Bpw Club Rd #F9,Carrboro NC 27510
Luciana Eleanor Leopold,180 Bpw Club Rd #V3,Carrboro NC 27510
Rachel Joanne Levandoski,100 Rock Haven Rd #L101,Carrboro NC 27510
Meredith Ann Lewis,1000 Smith Level Rd #R4,Carrboro NC 27510
Ana Carolina Lima,201 Manor Ridge Dr,Carrboro NC 27510
Gloria Margarita Lima,201 Manor Ridge Dr,Carrboro NC 27510
Peggy Lynne Linton,180 Bpw Club Rd #E01,Carrboro NC 27510
Monica Marie Livingston,100 Rock Haven Rd #E201,Carrboro NC 27510
Nickolas Tyler Lloyd,1000 Smith Level Rd #L-17,Carrboro NC 27510
Sally Jordalen Lockwood,1000 Smith Level Rd #L02,Carrboro NC 27510
Nathan Wayne Lonnen,303 Smith Level Rd #C12,Chapel Hill NC 27516
Amy Nicole Loria,100 Rock Haven Rd #E306,Carrboro NC 27510
Anthony John Luca,405 Rossburn Way,Chapel Hill NC 27516
Stephanie Lu,303 Smith Level Rd #B13,Chapel Hill NC 27516
Jeremy C Main,180 Bpw Club Rd #P-13,Carrboro NC 27510
Kelli Sanders Martin,1000 Smith Level Rd #S7,Carrboro NC 27510
Brian David Matthew,1000 Smith Level Rd #A16,Carrboro NC 27510
Catherine Eileen Mau,180 Bpw Club Rd #S9,Carrboro NC 27510
Joel Adam Maxwell,1000 Smith Level Rd #B4,Carrboro NC 27510
Amy Christine McAtee,140 Bpw Club Rd #F15,Carrboro NC 27510
Kimberly S McCown,603 Manor Ridge Dr,Carrboro NC 27510
Thomas J McCown,603 Manor Ridge Dr,Carrboro NC 27510
Heather McDonald,1000 Smith Level Rd #H7,Carrboro NC 27510
Chrysa Lyn McDuffie,100 Rock Haven Rd #Q103,Carrboro NC 27510
Ryan Nicholas McKenzie,100 Rock Haven Rd #Q104,Carrboro NC 27510
Katherine Ann McLean,303 Smith Level Rd #E-21,Chapel Hill NC 27516
Douglas Rowland McQuoid,1000 Smith Level Rd #J14,Carrboro NC 27510
Robert Remen Mele,1000 Smith Level Rd #F15,Carrboro NC 27510
Mary Rebecca Mellon,100 Rock Haven Rd #J208,Carrboro NC 27510
David Lawrence Mermin,303 Smith Level Rd #E22,Chapel Hill NC 27516
Kurt Metscher,180 Bpw Club Rd #V-2,Carrboro NC 27510
Jason Will Miles,100 Rock Haven Rd #M106,Carrboro NC 27510
James Adam Miller III,1000 Smith Level Rd #A4,Carrboro NC 27510
Stephen Miller,100 Rock Haven Rd #M103,Carrboro NC 27510
Erin Elizabeth Mitchell,1000 Smith Level Rd #E-3,Carrboro NC 27510
Meaghan Colleen Mitchell,303 Smith Level Rd #D31,Chapel Hill NC 27516
Roger Emmit Mitchell,102 Juniper Ct,Carrboro NC 27510
Michael Joseph Moore,303 Smith Level Rd #B32,Chapel Hill NC 27516
Timothy John Moore,303 Smith Level Rd #D12,Chapel Hill NC 27516
Savithri Nageswaran,209 Manor Ridge Dr,Carrboro NC 27510
Thomas Anthony Navarre,180 Bpw Club Rd #K12,Carrboro NC 27510
Elizabeth Michelle Neuffer,140 Bpw Club Rd #C10,Carrboro NC 27510
Gloria J Barkley Neville,100 Culbreth Rd #B,Chapel Hill NC 27516
Musheni Nsa,140 Bpw Club Rd #D18,Carrboro NC 27510
Joseph Chidinma Nwadiuko,303 Smith Level Rd #F-12,Chapel Hill NC 27516
Scott Christopher Obrien,1000 Smith Level Rd #B-9,Carrboro NC 27510
Ebun Olubukonla Odeneye,303 Smith Level Rd #E24,Chapel Hill NC 27516
Stephen Lecler Olivier,140 Bpw Club Rd #A13,Carrboro NC 27510
Adriana Maria Ortiz,507 Manor Ridge Dr,Carrboro NC 27510
Elizabeth Tomaro Ortiz,100 Rock Haven Rd #M205,Carrboro NC 27510
Jonathan William Outlaw,100 Rock Haven Rd #C104,Carrboro NC 27510
Mehmet Sait Ozturk,101 Rock Haven Rd #G-700,Carrboro NC 27510
Benjamin Cheek Palmer,203 Morgan Hill Ct,Carrboro NC 27510
Margaret Elizabeth Palmer,203 Morgan Hill Ct,Carrboro NC 27510
Thomas C Palmer,203 Morgan Hill Ct,Carrboro NC 27510
Drew Parker,180 Bpw Club Rd #V5,Carrboro NC 27510
Jessica Leigh-Ann Parker,100 Rock Haven Rd #B107,Carrboro NC 27510
Joseph Frederick Parker,100 Rock Haven Rd #J304,Carrboro NC 27510
Michael James Parks,180 Bpw Club Rd #N13,Carrboro NC 27510
Ronald Edward Parr,601 Manor Ridge Dr,Carrboro NC 27510
Lisa Ann Pepin,303 Smith Level Rd #C-22,Chapel Hill NC 27516
Amy Henjes Perou,103 Oak Spring Ct,Carrboro NC 27510
Lauren Elizabeth Perry,1000 Smith Level Rd #D15,Carrboro NC 27510
Robert William Perry,303 Smith Level Rd #C11,Chapel Hill NC 27516
Raymond John Pickles,103 Morgan Hill Ct,Carrboro NC 27510
Melissa Lorraine Pojasek,140 Bpw Club Rd #F7,Carrboro NC 27510
Emily Erin Portner,140 Bpw Club Rd #A18,Carrboro NC 27510
Domenic Randazzo Powell,303 Smith Level Rd #F34,Chapel Hill NC 27516
Alison Leyton Prentice,1000 Smith Level Rd #R5,Carrboro NC 27510
Amy Naseme Prentice,180 Bpw Club Rd #B-8,Carrboro NC 27510
Matthew Prentice,180 Bpw Club Rd #B8,Carrboro NC 27510
Matthew Mark Presby,140 Bpw Club Rd #E-8,Carrboro NC 27510
Madeline Suzanne Puglia,100 Rock Haven Rd #N103,Carrboro NC 27510
Elizabeth Peyton Purcell,140 Bpw Club Rd #A7,Carrboro NC 27510
Paul J Quinzi,539 Smith Level Rd #A,Carrboro NC 27510
Emily Anne Raphael,180 Bpw Club Rd #R8,Carrboro NC 27510
Naim Ur Rashid,1000 Smith Level Rd #A13,Carrboro NC 27510
Alan Earl Reed,505 Manor Ridge Dr,Carrboro NC 27510
Karen Teresa Reidy,100 Rock Haven Rd #K301,Carrboro NC 27510
Daniel Aaron Reinholz,100 Rock Haven Rd #B-107,Carrboro NC 27510
Daniel Albert Riccio,100 Rock Haven Rd #J304,Carrboro NC 27510
Sarah C Richardson,1000 Smith Level Rd #G5,Carrboro NC 27510
Cassandra Leigh Rico,180 Bpw Club Rd #S1,Carrboro NC 27510
Alexander James Riemen,1000 Smith Level Rd #A9,Carrboro NC 27510
Rebecca Suzanne Riley,1000 Smith Level Rd #G9,Carrboro NC 27510
Aleeza Jane Roth,1000 Smith Level Rd #F13,Carrboro NC 27510
Haley Diana Routh,1000 Smith Level Rd #L-08,Carrboro NC 27510
Leonard Henry Ruemker,303 Manor Ridge Dr,Carrboro NC 27510
Mary Elizabeth Ruemker,303 Manor Ridge Dr,Carrboro NC 27510
Anthony Michael Russo,180 Bpw Club Rd #N12,Carrboro NC 27510
Arlene Marie Safay,1000 Smith Level Rd #L10,Carrboro NC 27510
James Henry Safay,1000 Smith Level Rd #L10,Carrboro NC 27510
Andrea Eileen Saffer,140 Bpw Club Rd #A23,Carrboro NC 27510
Kyle Brandon Saffie,108 Juniper Ct,Carrboro NC 27510
Mitchell Saffie,108 Juniper Ct,Carrboro NC 27510
Lauren Virginia Salley,100 Rock Haven Rd #J305,Carrboro NC 27510
Laura Elizabeth Schulte,1000 Smith Level Rd #J20,Carrboro NC 27510
Calloway Brewster Scott,100 Rock Haven Rd #E306,Carrboro NC 27510
Jacqueline Jean Sculli,180 Bpw Club Rd #R6,Carrboro NC 27510
Kathryn Elizabeth Selby,404 Rossburn Way,Chapel Hill NC 27516
Patrick Lyndon Selvey Jr,1000 Smith Level Rd #E24,Carrboro NC 27510
Ramzi A Shamma,303 Smith Level Rd #C13,Chapel Hill NC 27516
Amanda Clare Sharko,1000 Smith Level Rd #H3,Carrboro NC 27510
Kelley Michelle Shepherd,101 Rock Haven Rd #A101,Carrboro NC 27510
Betsy Katherine Sherman,180 Bpw Club Rd #D9,Carrboro NC 27510
Jill Elizabeth Skidmore,180 Bpw Club Rd #J3,Carrboro NC 27510
Michael Dale Smallwood,1000 Smith Level Rd #P4,Carrboro NC 27510
Jessica Smith-Kaprosy,180 Bpw Club Rd #N9,Carrboro NC 27510
Laura Diane Smith,101 Rock Haven Rd #E504,Carrboro NC 27510
Laurie Diane Smith,100 Rock Haven Rd #D106,Carrboro NC 27510
Charles Burton Snell,105 Gateridge Pl,Carrboro NC 27510
Stephen Peter Sojka,180 Bpw Club Rd #V8,Carrboro NC 27510
Whitaker Rand Sparling,411 Rossburn Way,Chapel Hill NC 27516
Sarah Louise Wynhause Sperry,140 Bpw Club Rd #D24,Carrboro NC 27510
Cory M Spicer,100 Rock Haven Rd #L208,Carrboro NC 27510
Casey James Spillman,100 Rock Haven Rd #J305,Carrboro NC 27510
Kurt Michael Spurlock,180 Bpw Club Rd #J-6,Carrboro NC 27510
Jennifer Marie Staab,180 Bpw Club Rd #L9,Carrboro NC 27510
Meagan Christina Staffiere,140 Bpw Club Rd #D9,Carrboro NC 27510
Austin Jude Stanion,105 Oak Spring Ct,Carrboro NC 27510
Katherine Alexa Steere,1000 Smith Level Rd #V15,Carrboro NC 27510
Maria Gabriella Steinmetz,305 Rossburn Way,Chapel Hill NC 27516
Alexander Falk Stephan,1000 Smith Level Rd #K2,Carrboro NC 27510
Derick Anton Stephan,1000 Smith Level Rd #K2,Carrboro NC 27510
Alissandra Terese Stoyan,100 Rock Haven Rd #L208,Carrboro NC 27510
Natasha Tiffany Strande,1000 Smith Level Rd #G-10,Carrboro NC 27510
Samantha Lynn Strickland,180 Bpw Club Rd #K2,Carrboro NC 27510
Andrea Lauren Summers,180 Bpw Club Rd #E-5,Carrboro NC 27510
Adam Zackery Sumrall,1000 Smith Level Rd #0-9,Carrboro NC 27510
Jonathan David Sundheimer,180 Bpw Club Rd #L11,Carrboro NC 27510
Robert William Sweatt,1000 Smith Level Rd #K5,Carrboro NC 27510
Susan Elizabeth Swogger,180 Bpw Club Rd #H7,Carrboro NC 27510
Mary Hyunmee Sym,204 Morgan Hill Ct,Carrboro NC 27510
Wilma Catherine Szafarczyk,103 Culbreth Rd #203,Chapel Hill NC 27516
Kristen Marie Tamburro,1000 Smith Level Rd #S1,Carrboro NC 27510
Deirdre Catherine Tatomer,100 Rock Haven Rd #E302,Carrboro NC 27510
Jessica Dawn Teeples,1000 Smith Level Rd #U2,Carrboro NC 27510
Elizabeth Rose Thill,1000 Smith Level Rd #J10,Carrboro NC 27510
Stephen Donald Thill,1000 Smith Level Rd #E1,Carrboro NC 27510
Jacqueline Tyler Thomas,303 Smith Level Rd #B32,Chapel Hill NC 27516
David Robert Ticehurst,303 Smith Level Rd #E-34,Chapel Hill NC 27516
Deborah A Tobias Murphy,304 Rossburn Way,Chapel Hill NC 27516
Julianne Denice Toler,180 Bpw Club Rd #J12,Carrboro NC 27510
Curt Allsion Torell,103 Orchard Ln,Carrboro NC 27510
Joshua Sprigg Torell,103 Orchard Ln,Carrboro NC 27510
Matthew Sprigg Torell,103 Orchard Ln,Carrboro NC 27510
Karen Patricia Tosti,101 Rock Haven Rd #F-604,Carrboro NC 27510
Benjamin Andrew Triplett,101 Rock Haven Rd #A101,Carrboro NC 27510
Sarah Elizabeth Truluck,100 Rock Haven Rd #L204,Carrboro NC 27510
John Richard Tumbleston,180 Bpw Club Rd #E-14,Carrboro NC 27510
William Jackson Turbyfill III,100 Rock Haven Rd #J101,Carrboro NC 27510
Rachel Dyane Upton,1000 Smith Level Rd #E15,Carrboro NC 27510
Rycel Lim Uy,303 Smith Level Rd #F-33,Chapel Hill NC 27516
Tanya Vacharkulksemsuk,140 Bpw Club Rd #D18,Carrboro NC 27510
Natarajan Vaidhyanathan,209 Manor Ridge Dr,Carrboro NC 27510
Glenn Stephen Vance,100 Rock Haven Rd #M203,Carrboro NC 27510
Jennifer Sue Vanvickle,309 Rossburn Way,Chapel Hill NC 27516
Valerie Leigh Varnell,180 Bpw Club Rd #N14,Carrboro NC 27510
Alejandro Velazquez,100 Rock Haven Rd #N-106,Carrboro NC 27510
Meagen Kathleen Voss,1000 Smith Level Rd #B7,Carrboro NC 27510
Carolyn Eileen Wait,180 Bpw Club Rd #S1,Carrboro NC 27510
John Alexander Walker III,140 Bpw Club Rd #E-15,Carrboro NC 27510
Tabitha Elizabeth Walker,303 Smith Level Rd #E32,Chapel Hill NC 27516
Michael Lyn Wallace,1000 Smith Level Rd #D2,Carrboro NC 27510
Rachael Kenney Walsh,102 Orchard Ln,Carrboro NC 27510
Sean P Walsh,102 Orchard Ln,Carrboro NC 27510
Angela Watson,101 Rock Haven Rd #102a,Carrboro NC 27510
Paul Steven Watson,104 Gateridge Pl,Carrboro NC 27510
Juliana Dee Weaver,1000 Smith Level Rd #K-3,Carrboro NC 27510
Christy Anne Webb,140 Bpw Club Rd #F7,Carrboro NC 27510
Rachel Elizabeth Weiner,303 Smith Level Rd #A24,Chapel Hill NC 27516
Gregory Harold Whisenhunt,100 Rock Haven Rd #L103,Carrboro NC 27510
Sarah Elizabeth Whitmarsh,1000 Smith Level Rd #J8,Carrboro NC 27510
Jean Alice Wiatrak,1000 Smith Level Rd #P9,Carrboro NC 27510
David Michael Wiley,180 Bpw Club Rd #V8,Carrboro NC 27510
Lois Chappell Winkler,1000 Smith Level Rd #E7,Carrboro NC 27510
Denise A Wisnowski,610 Manor Ridge Dr,Carrboro NC 27510
Michael G Wisnowski,610 Manor Ridge Dr,Carrboro NC 27510
Samuel Paul Woods,100 Rock Haven Rd #G201,Carrboro NC 27510
Terrance Duanta Worlds,180 Bpw Club Rd #A9,Carrboro NC 27510
Edward K Wotortsi,303 Smith Level Rd #C24,Chapel Hill NC 27516
Crystally Fontail Wright,180 Bpw Club Rd #E9,Carrboro NC 27510
James William Wright,1000 Smith Level Rd #F23,Carrboro NC 27510
Brett Andrew Yates,180 Bpw Club Rd #R5,Carrboro NC 27510
Lindsay Dawn Zastrow,100 Rock Haven Rd #K-305,Carrboro NC 27510
