Madelfia Almeda Abb,220 Autumn Dr,Chapel Hill NC 27516
William Robert Abb,220 Autumn Dr,Chapel Hill NC 27516
Amy Noel Abell,207 Robert Hunt Dr,Carrboro NC 27510
David Louis Abels,112 Yeargen Pl,Chapel Hill NC 27516
Kambiz Aghaiepour,1600 Pathway Dr,Carrboro NC 27510
Shawn Cameron Ahmed,105 William White Ct,Carrboro NC 27510
Ajay Ajmani,205 Wyndham Dr,Chapel Hill NC 27516
Poonam S Ajmani,205 Wyndham Dr,Chapel Hill NC 27516
Christopher John Allen,103 Garden Gate Dr,Chapel Hill NC 27516
Andrew Parker Bateman Allis Sr,1546 Pathway Dr,Carrboro NC 27510
Sherry Lynn Alte-Cook,1242 Hillsborough Rd,Chapel Hill NC 27516
Heather Kay Altman,109 Sunset Ridge Ln,Chapel Hill NC 27516
Lizabeth Scoma Alzona,102 Suffolk Pl,Chapel Hill NC 27516
Mortimer Thaddeus Alzona,102 Suffolk Pl,Chapel Hill NC 27516
Sahar Amer,112 Waverly Forest Ln,Chapel Hill NC 27516
James Hampton Anderson,300 Autumn Dr,Chapel Hill NC 27516
Kathleen Lecus Anderson,203 Oak Glen Pl,Chapel Hill NC 27516
Martin Orrick Anderson,117 Creekview Cir,Carrboro NC 27510
Martine Natat Antle,112 Waverly Forest Ln,Chapel Hill NC 27516
Zachary Arble,102 Fairfield Ct,Chapel Hill NC 27516
Ann Patrick Archer,100 John Martin Ct,Carrboro NC 27510
David John Archer,100 John Martin Ct,Carrboro NC 27510
Phyllis Natalie Archer,328 Sunset Creek Cir,Chapel Hill NC 27516
Christopher Scott Arena,113 Sudbury Ln,Chapel Hill NC 27516
Debra Richardson Arena,113 Sudbury Ln,Chapel Hill NC 27516
Nadav Ariel,600 Robert Hunt Dr,Carrboro NC 27510
Tamar Ariel,600 Robert Hunt Dr,Carrboro NC 27510
Yaakov Shalom Ariel,600 Robert Hunt Dr,Carrboro NC 27510
Yael Ariel,600 Robert Hunt Dr,Carrboro NC 27510
Andrea Celeste Arnold,1030 Hillsborough Rd,Chapel Hill NC 27516
Jennifer Elizabeth Arnold,210 Cates Farm Rd,Chapel Hill NC 27516
Bruno Jean Arricastres,1711 Pathway Dr,Carrboro NC 27510
Daphne Athas,PO Box 224,Chapel Hill NC 27514
Ashley Elizabeth Atkins,101 Creekview Cir,Carrboro NC 27510
Katherine Rankin Averill,210 Blueridge Rd,Carrboro NC 27510
Megan Frances Avots,103 Morningside Dr,Carrboro NC 27510
Claiborne Benson Aycock Jr,301 Tramore Dr,Chapel Hill NC 27516
Gillian Ann Aylward,204 Stratford Dr,Chapel Hill NC 27516
Brooks R Babcock,305 Tramore Dr,Chapel Hill NC 27516
David Lewis Backus,1415 Homestead Rd,Chapel Hill NC 27516
Eric Daniel Backus,1415 Homestead Rd,Chapel Hill NC 27516
Angeline Deloris Baker,107 Richland Ct,Chapel Hill NC 27516
Jermaine Antwan Baker,107 Richland Ct,Chapel Hill NC 27516
Rebecca Jane Baker,308 Wyndham Dr,Chapel Hill NC 27516
Robert Charles Baker,106 Wyndham Dr,Chapel Hill NC 27516
Susan Elizabeth Baker,PO Box 396,Carrboro NC 27510
Carla Jarvis Ball,101 Wild Oak Ln,Carrboro NC 27510
Leslie W Bard,206 Cobblestone Dr,Chapel Hill NC 27516
Andy C Baringtang,126 Cobblestone Dr,Chapel Hill NC 27516
Debra C Baringtang,126 Cobblestone Dr,Chapel Hill NC 27516
Robert Gary Barker,165 Tramore Dr,Chapel Hill NC 27516
Anna Helena Barnes,120 Creekview Cir,Carrboro NC 27510
Joanna Judith Barnes,308 Sunset Creek Cir,Chapel Hill NC 27516
Todd Allen Barnes,120 Creekview Cir,Carrboro NC 27510
James T Barnett,130 Creekview Cir,Carrboro NC 27510
Erin Alyse Barr,314 Blueridge Rd,Carrboro NC 27510
Heather Lin Barrett,104 Buck Taylor Trl,Chapel Hill NC 27516
Maureen Lin Barrett,104 Buck Taylor Trl,Chapel Hill NC 27516
Brian Patrick Barrick,110 Hanford Rd,Chapel Hill NC 27516
Leo Joseph Bartolanzo Jr,111 Yeargen Pl,Chapel Hill NC 27516
Maya Rao Barton,218 Stratford Dr,Chapel Hill NC 27516
Ashley Smith Basnight,204 Cobblestone Dr,Chapel Hill NC 27516
Janis Smith Basnight,204 Cobblestone Dr,Chapel Hill NC 27516
Jo Nash Bass,206 Forest Ct,Carrboro NC 27510
Michael Michelle Bass,1713 Pathway Dr,Carrboro NC 27510
David Neil Batson Jr,124 Waverly Forest Ln,Chapel Hill NC 27516
Dino Anthony Battista,200 Stratford Dr,Chapel Hill NC 27516
Mary Patricia Battista,200 Stratford Dr,Chapel Hill NC 27516
Linda Buettner Baudoin,PO Box 814,Carrboro NC 27510
Jean Ann Baynes,203 Morningside Dr,Carrboro NC 27510
Dexter Allan Beals,414 Waterside Dr,Carrboro NC 27510
Kim Snyder Beals,414 Waterside Dr,Carrboro NC 27510
Susan Jean Beck,118 Waverly Forest Ln,Chapel Hill NC 27516
Jodi Beetham,101 Suffolk Pl,Chapel Hill NC 27516
Michael Beetham,101 Suffolk Pl,Chapel Hill NC 27516
Jeremy Matthew Belch,105 Blueridge Rd,Carrboro NC 27510
Jody Stedman Benedict,128 Cobblestone Dr,Chapel Hill NC 27516
Kenneth B Benedict,128 Cobblestone Dr,Chapel Hill NC 27516
Matthew Timothy Bennett,102 Spring Valley Rd,Carrboro NC 27510
Amy Michelle Berent,2206 Pathway Dr,Chapel Hill NC 27516
George Sidney Bernstein,106 Amber Ct,Carrboro NC 27510
Todd Michael Berreth,402 Bolin Creek Dr,Carrboro NC 27510
Alison Paige Berry,120 Waverly Forest Ln,Chapel Hill NC 27516
Nancy Lee Berson,105 Millrock Ct,Carrboro NC 27510
William Paul Biggers Jr,101 Aberdeen Ct,Carrboro NC 27510
Thomas Richard Billman,2211 Pathway Dr,Chapel Hill NC 27516
Jennifer Leah Bills,114 Creekview Cir,Carrboro NC 27510
Cameron Gibson Binnie,102 Amber Ct,Carrboro NC 27510
Andrea Hoffland Blackburn,105 Cobblestone Pl,Chapel Hill NC 27516
Susan Pennington Blackford,900 Hillsborough Rd,Chapel Hill NC 27516
Jonathan M Blackwell,105 Downing Ct,Chapel Hill NC 27516
Dennis Wayne Blue,214 Autumn Dr,Chapel Hill NC 27516
Kathleen Nance Blue,214 Autumn Dr,Chapel Hill NC 27516
Karen Elizabeth Blyth,6340 Quadrangle Drive,Chapel Hill NC 27517
Frank Morse Boardman,100 Aberdeen Ct,Carrboro NC 27510
Mary D Boardman,100 Aberdeen Ct,Carrboro NC 27510
Florence Marshall Bobo,106 Calumet Ct,Carrboro NC 27510
Elizabeth Anne Bobst,203 Colfax Dr,Chapel Hill NC 27516
Christopher Ruben Bocanegra,202 Cobblestone Dr,Chapel Hill NC 27516
Neptali Ruben Bocanegra,202 Cobblestone Dr,Chapel Hill NC 27516
Wanda Bocanegra,202 Cobblestone Dr,Chapel Hill NC 27516
Walter Cardinal Boger,100 Morningside Dr,Carrboro NC 27510
Daniel Neil Bolick,108 Creekview Cir,Carrboro NC 27510
Hsi-Chu Bolick,108 Creekview Cir,Carrboro NC 27510
Neil Eugene Bolick Jr,108 Creekview Cir,Carrboro NC 27510
Dena Beth Bolton,102 Barington Hills Rd,Chapel Hill NC 27516
Andrew Stephen Bomback,306 Forest Ct,Carrboro NC 27510
Julia Teresa Bomba,309 Sunset Creek Cir,Chapel Hill NC 27516
Kathleen Marie Bomba,309 Sunset Creek Cir,Chapel Hill NC 27516
Kevin Louis Bomba,309 Sunset Creek Cir,Chapel Hill NC 27516
Michael William Booze,102 Calumet Ct,Carrboro NC 27510
Shambhunath Borah,106 Jasmine Ct,Carrboro NC 27510
Christopher James Bouldin,305 Wyndham Dr,Chapel Hill NC 27516
Korina Borko Bouldin,305 Wyndham Dr,Chapel Hill NC 27516
Kathleen Estelle Bowler,100 Wrenn Pl,Chapel Hill NC 27516
Emily Susan Bowles,1901 Pathway Dr,Chapel Hill NC 27516
John Parish Bowles,1901 Pathway Dr,Chapel Hill NC 27516
Nicole Kathryn Boyle,305 Wyndham Dr,Chapel Hill NC 27516
Melissa Anne Brackett,105 Michaels Way,Chapel Hill NC 27516
Thomas Scott Brandes,102 Drayton Ct,Chapel Hill NC 27516
John Elwood Brandon,2209 Pathway Dr,Chapel Hill NC 27516
Elizabeth M Brannon,101 Stratford Dr,Chapel Hill NC 27516
Cathy M Breshears,107 Farm House Dr,Chapel Hill NC 27516
Jenny Lynne Maier Brews,2401 Pathway Dr,Chapel Hill NC 27516
Heather Louise Brinkhous,309 Blueridge Rd,Carrboro NC 27510
Colin Paul Brough,104 Spring Valley Rd,Carrboro NC 27510
Jeanne Lorraine Rob Brown,2214 Pathway Dr,Chapel Hill NC 27516
Margaret Louise Brown,104 Waverly Forest Ln,Chapel Hill NC 27516
Aaron Brubaker,113 Bruton Dr,Chapel Hill NC 27516
Cathryn Johnson Brubaker,113 Bruton Dr,Chapel Hill NC 27516
Ashley Huffman Brulle,209 Robert Hunt Dr,Carrboro NC 27510
Joseph Christian Brulle,209 Robert Hunt Dr,Carrboro NC 27510
Janice Elaine Bryant,1905 Pathway Dr,Chapel Hill NC 27516
John Ray Bucher,101 Spring Valley Rd,Carrboro NC 27510
Craig Alan Buchman,505 Cates Farm Rd,Chapel Hill NC 27516
Joellen Buckio,105 Buckeye Ln,Chapel Hill NC 27516
Cynthia Lynn Bucy,802 Hillsborough Rd #C,Chapel Hill NC 27516
Carl Anson Buehler,802 Hillsborough Rd #B,Chapel Hill NC 27516
Carl James Buehler,802 Hillsborough Rd #B,Chapel Hill NC 27516
Patricia Hanzal Buehler,802 Hillsborough Rd #B,Chapel Hill NC 27516
Christopher Michael Bukowski,220 Stratford Dr,Chapel Hill NC 27516
Timothy Paul Bukowski,220 Stratford Dr,Chapel Hill NC 27516
Edward Charles Burgard III,215 Cates Farm Rd,Chapel Hill NC 27516
David Wayne Burgess,101 Roger Cook Ct,Carrboro NC 27510
Catherine Shepherd Burns,212 Cobblestone Dr,Chapel Hill NC 27516
Gary S Burns,212 Cobblestone Dr,Chapel Hill NC 27516
Leslie Elizabeth Burnside,900b Hillsborough Rd,Chapel Hill NC 27516
Jami Grist Burns,212 Cobblestone Dr,Chapel Hill NC 27516
Betty Burton,2224 Pathway Dr,Chapel Hill NC 27516
David L Burton,209 Wild Oak Ln,Carrboro NC 27510
Leonard Eric Bush,107 Sunset Creek Cir,Chapel Hill NC 27516
Patricia Ann Byrd,113 Spring Valley Rd,Carrboro NC 27510
Carol Caffee,119 Circadian Way,Chapel Hill NC 27516
Denise Jeanette Caignon,124 Circadian Way,Chapel Hill NC 27516
Rodney Keith Cain,105 Amber Ct,Carrboro NC 27510
Sean Mansfield Calderhead,101 Jasmine Ct,Carrboro NC 27510
Theodore Calhoun Jr,107 Bruton Dr,Chapel Hill NC 27516
Kevin P Callaghan,101 Creekview Cir,Carrboro NC 27510
Janice Marie Calland,210 Wild Oak Ln,Carrboro NC 27510
Brian Christopher Callaway,203 Blueridge Rd,Carrboro NC 27510
Allen P Cameron,200 Cobblestone Dr,Chapel Hill NC 27516
Emily Crudup Cameron,200 Cobblestone Dr,Chapel Hill NC 27516
Christie Elizabeth Campbell,2216 Pathway Dr,Chapel Hill NC 27516
Jamie T Campbell,306 Autumn Dr,Chapel Hill NC 27516
Jonathan Alfred Campbell,321 Blueridge Rd,Carrboro NC 27510
Rachel Elizabeth Campbell,321 Blueridge Rd,Carrboro NC 27510
Rose Theresa Campbell,103 Amber Ct,Carrboro NC 27510
Roy George Campbell,1541 Pathway Dr,Carrboro NC 27510
Steven H Campbell,103 Amber Ct,Carrboro NC 27510
Edward Charles Camp,108 Aberdeen Ct,Carrboro NC 27510
Louise Marie Camp,701 Bolin Creek Dr,Carrboro NC 27510
Maritza A Canahuate-Cruz,1907 Pathway Dr,Chapel Hill NC 27516
Lori Haley Cannon,301 Autumn Dr,Chapel Hill NC 27516
Michael Joseph Cannon,301 Autumn Dr,Chapel Hill NC 27516
William Joseph Cannon Jr,107 Stratford Dr,Chapel Hill NC 27516
Celeste Dawn Cantrell,124 Waverly Forest Ln,Chapel Hill NC 27516
Richard H Cappelletti,308 Spring Valley Rd,Carrboro NC 27510
Cheryl Fisher Carnahan,216 Autumn Dr,Chapel Hill NC 27516
Carolyn Caulfield Carpenter,210 Stratford Dr,Chapel Hill NC 27516
William R Carpenter IV,210 Stratford Dr,Chapel Hill NC 27516
Joseph Bryant Carroll,204 Blueridge Rd,Carrboro NC 27510
Johnny Lee Carson,2258 Pathway Dr,Chapel Hill NC 27516
Lauri Lynne Carson,115 Garden Gate Dr,Chapel Hill NC 27516
Mark Edward Carson,115 Garden Gate Dr,Chapel Hill NC 27516
Shirley Freel Carson,2258 Pathway Dr,Chapel Hill NC 27516
Allison Barrett Carter,310 Bolin Creek Dr,Carrboro NC 27510
Deborah D Carter,1542 Pathway Dr,Carrboro NC 27510
James Barry Carter,217 Cobblestone Dr,Chapel Hill NC 27516
John Fowler Carter,310 Bolin Creek Dr,Carrboro NC 27510
Lucy Carter,1542 Pathway Dr,Carrboro NC 27510
Laura E Case,203 Waterside Dr,Carrboro NC 27510
Allison Mouradian Cash,219 Tripp Farm Rd,Chapel Hill NC 27516
Christopher Norman Cash,219 Tripp Farm Rd,Chapel Hill NC 27516
Larry Long Cates,103 Cobblestone Pl,Chapel Hill NC 27516
Alicia Diane Cawlfield,203 Cates Farm Rd,Chapel Hill NC 27516
Laverna Mae Cecil,1224 Hillsborough Rd,Chapel Hill NC 27516
Mary E Cekay-Allen,103 Garden Gate Dr,Chapel Hill NC 27516
Casey Alan Champion,303 Sunset Creek Cir,Chapel Hill NC 27516
Jason Chancer,303 Spring Valley Rd,Carrboro NC 27510
Dennis Nai-Wei Chao,303 Blueridge Rd,Carrboro NC 27510
Rita Chauan Ming Chao,303 Blueridge Rd,Carrboro NC 27510
Tamie Lynn Chapatte,105 Forest Ct,Carrboro NC 27510
Paul Jeffrey Chappell,105 Circadian Way,Chapel Hill NC 27516
Amy Solomon Charney,122 Waverly Forest Ln,Chapel Hill NC 27516
Jonathan Andrew Nicholas Charney,122 Waverly Forest Ln,Chapel Hill NC 27516
Sue Hurley Cheek,301 Tripp Farm Rd,Chapel Hill NC 27516
Nina Chellani,508 Robert Hunt Dr,Carrboro NC 27510
Loy Kiser Chipley,1601 Pathway Dr,Carrboro NC 27510
Smith Loy Chipley,1601 Pathway Dr,Carrboro NC 27510
Heather Larock Christie,302 Autumn Dr,Chapel Hill NC 27516
Scott Waldegrave Christie,302 Autumn Dr,Chapel Hill NC 27516
Elizabeth Christy,104 Yeargen Pl,Chapel Hill NC 27516
Jacob Christy,104 Yeargen Pl,Chapel Hill NC 27516
Michael Kalappurackal Christysam,104 Yeargen Pl,Chapel Hill NC 27516
Alexander S Chu,509 Cates Farm Rd,Chapel Hill NC 27516
Jennifer Chu,509 Cates Farm Rd,Chapel Hill NC 27516
Elanie Jeannette Cintron,106 Drayton Ct,Chapel Hill NC 27516
Holly A Clark,404 Rockgarden Dr,Chapel Hill NC 27516
Jeffrey William Clark,109 Yeargen Pl,Chapel Hill NC 27516
Kenneth Edward Clark,404 Rockgarden Dr,Chapel Hill NC 27516
Laura M Clark,109 Yeargen Pl,Chapel Hill NC 27516
Gordon Edward Clay III,604 Bolin Creek Dr,Carrboro NC 27510
Nancy Carol Clayton,303 Sunset Creek Cir,Chapel Hill NC 27516
Constance Mastbrook Cleary,302 Blueridge Rd,Carrboro NC 27510
Jesse Anthony Cleary,302 Blueridge Rd,Carrboro NC 27510
Charlene Mason Clendaniel,205 Autumn Dr,Chapel Hill NC 27516
Richard Alan Clendaniel,205 Autumn Dr,Chapel Hill NC 27516
John P Cogswell,213 Wild Oak Ln,Carrboro NC 27510
Kristen Cappione Cogswell,213 Wild Oak Ln,Carrboro NC 27510
David Steven Cohen,107 Suffolk Pl,Chapel Hill NC 27516
Elea Anne Cohen,212 Cates Farm Rd,Chapel Hill NC 27516
Elena Louise Cohen,107 Suffolk Pl,Chapel Hill NC 27516
Ellen Bonner Cohen,212 Cates Farm Rd,Chapel Hill NC 27516
James A Cohen,212 Cates Farm Rd,Chapel Hill NC 27516
Linda Prentice Cohen,107 Suffolk Pl,Chapel Hill NC 27516
Sean Cohen,207 Wild Oak Ln,Carrboro NC 27510
Nancy S Cohn,303 Autumn Dr,Chapel Hill NC 27516
Richard Daniel Cohn,303 Autumn Dr,Chapel Hill NC 27516
Amy Charlton Cole,111 Amber Ct,Carrboro NC 27510
Anne Simpson Cole,111 Amber Ct,Carrboro NC 27510
Dayton Spencer Cole,111 Amber Ct,Carrboro NC 27510
Jennifer Marlene Cole,104 William White Ct,Carrboro NC 27510
Stephen Richards Cole,104 William White Ct,Carrboro NC 27510
Ann Marie Collins,204 Forest Ct,Carrboro NC 27510
Edward J Collins,103 John Martin Ct,Carrboro NC 27510
Glyn Edwin Collins,213 Cates Farm Rd,Chapel Hill NC 27516
Joseph William Collins,401 Bolin Creek Dr,Carrboro NC 27510
Valerie W Collins,103 John Martin Ct,Carrboro NC 27510
Chris David Combs,110 Garden Gate Dr,Chapel Hill NC 27516
Rania Saidi Combs,110 Garden Gate Dr,Chapel Hill NC 27516
Jill Serafin Compton,1545 Pathway Dr,Carrboro NC 27510
Scott Nathan Compton,1545 Pathway Dr,Carrboro NC 27510
David Randall Conley,303 Sunset Creek Cir,Chapel Hill NC 27516
Deborah Lynn Conley,303 Sunset Creek Cir,Chapel Hill NC 27516
Linda Gillespie Conn,309 Tripp Farm Rd,Chapel Hill NC 27516
Clare Louise Connolly,203 Bruton Dr,Chapel Hill NC 27516
Ross Patrick Connolly,203 Bruton Dr,Chapel Hill NC 27516
Rory Bards Conolly,106 Michaels Way,Chapel Hill NC 27516
Gordon Thomas Cook,100 Robert Hunt Dr,Carrboro NC 27510
Jason Brian Cook,1242 Hillsborough Rd,Chapel Hill NC 27516
Chloe Alexandra Cooper,2213 Pathway Dr,Chapel Hill NC 27516
Corey Dennis Cooper,107 Rock Spring Ct,Carrboro NC 27510
Charles Thomas Schaller Corey,110 Amber Ct,Carrboro NC 27510
Denise Schaller Corey,110 Amber Ct,Carrboro NC 27510
John Daniel Corey,110 Amber Ct,Carrboro NC 27510
Logan Schaller Corey,110 Amber Ct,Carrboro NC 27510
Julie Corsaro,121 Waverly Forest Ln,Chapel Hill NC 27516
Thomas Andrew Cors,1531 Pathway Dr,Carrboro NC 27510
Laura Marie Costanza,203 Waterside Dr,Carrboro NC 27510
Deborah Suzanne Cousins,105 Robert Hunt Dr,Carrboro NC 27510
Kathleen B Craddock,103 Blueridge Rd,Carrboro NC 27510
Rita Ann Crain,102 Jasmine Ct,Carrboro NC 27510
Stephan Edward Crain,102 Jasmine Ct,Carrboro NC 27510
Erica Beth Creech,402 Robert Hunt Dr,Carrboro NC 27510
Laurie Delia Creech,104 Amber Ct,Carrboro NC 27510
Patsy Yvonne Creighton,402 Tramore Dr,Chapel Hill NC 27516
Robert Alexander Creighton,402 Tramore Dr,Chapel Hill NC 27516
Aron Ralph Crespi,201 Sunset Creek Cir,Chapel Hill NC 27516
Joseph Robert Crosswell,300 Spring Valley Rd,Carrboro NC 27510
Robin Joy Reece Croswell,216 Robert Hunt Dr,Carrboro NC 27510
Scott Edward Croswell,216 Robert Hunt Dr,Carrboro NC 27510
Kristin Marie Croughwell,503 Bolin Creek Dr,Carrboro NC 27510
Rachel Erin Croughwell,503 Bolin Creek Dr,Carrboro NC 27510
Mary Marshall Crowson,202 Oak Glen Pl,Chapel Hill NC 27516
Emily Jones Cullen,1539 Pathway Dr,Carrboro NC 27510
John A Cullen,1539 Pathway Dr,Carrboro NC 27510
Susan J Cullen,1539 Pathway Dr,Carrboro NC 27510
Karen E Current,101 Downing Ct,Chapel Hill NC 27516
Kimberly Anne Norton Dadisman,103 Hanford Rd,Chapel Hill NC 27516
Joshua Meier D'Adolf,102 Cobblestone Dr,Chapel Hill NC 27516
Rena Elizabeth D'Adolf,102 Cobblestone Dr,Chapel Hill NC 27516
Bethaney Lynn Dale,1536 Pathway Dr,Carrboro NC 27510
Brooke Jean Anne Dalsimer,112 Garden Gate Dr,Chapel Hill NC 27516
Diana Dalsimer,112 Garden Gate Dr,Chapel Hill NC 27516
Thomas Mark Dalsimer,112 Garden Gate Dr,Chapel Hill NC 27516
Jane M Danielewicz,110 Waverly Forest Ln,Chapel Hill NC 27516
Cletus Wayne Dark,1700 N Greensboro St,Carrboro NC 27510
Indrani Das,207 Autumn Dr,Chapel Hill NC 27516
Subhendu Das,207 Autumn Dr,Chapel Hill NC 27516
Randi Lee Davenport,2222 Pathway Dr,Chapel Hill NC 27516
Kirsten T Davila-Rieth,107 Sunset Ridge Ln,Chapel Hill NC 27516
Carrie Pettus Davis,108 Rock Spring Ct,Carrboro NC 27510
Charles Howard Davis Jr,313 Sunset Creek Cir,Chapel Hill NC 27516
Charles William Davis,103 Creekview Cir,Carrboro NC 27510
Colleen P Davis,112 Ellsworth Pl,Chapel Hill NC 27516
Darin Hugh Davis,112 Ellsworth Pl,Chapel Hill NC 27516
Kourtney Johnston Davis,313 Sunset Creek Cir,Chapel Hill NC 27516
Matthew Richard Davis,108 Rock Spring Ct,Carrboro NC 27510
Timothy Michael Semones Davis,112 Sudbury Ln,Chapel Hill NC 27516
Carol Yates Day,319 Blueridge Rd,Carrboro NC 27510
Harold Vann Day Jr,319 Blueridge Rd,Carrboro NC 27510
Christine Sorauf Dayton,304 Sunset Creek Cir,Chapel Hill NC 27516
David Charles Dayton,304 Sunset Creek Cir,Chapel Hill NC 27516
Aimee Dean,110 Rock Spring Ct,Carrboro NC 27510
Ann Marie Dean,2303 Pathway Dr,Chapel Hill NC 27516
Brian J Dean,2303 Pathway Dr,Chapel Hill NC 27516
Catherine Dean,PO Box 1026,Carrboro NC 27510
Nathan Dean,2303 Pathway Dr,Chapel Hill NC 27516
Ellen B Dearden,111 Spring Valley Rd,Carrboro NC 27510
Alvaro Jesus De La Iglesia,103 Calumet Ct,Carrboro NC 27510
Lori Trier Delaney,106 Spring Valley Rd,Carrboro NC 27510
Betty Hill Dennis,104 Calumet Ct,Carrboro NC 27510
Richard Brian Dennis,104 Calumet Ct,Carrboro NC 27510
Carol June Depoix,202 Forest Ct,Carrboro NC 27510
Richard Lowell Deselm,208 Wyndham Dr,Chapel Hill NC 27516
Tracy Martin Deselm,208 Wyndham Dr,Chapel Hill NC 27516
John Steven Desper,507 Bolin Creek Dr,Carrboro NC 27510
Judith Hall Desper,507 Bolin Creek Dr,Carrboro NC 27510
John Lawrence Desue Jr,101 Sunset Creek Cir,Chapel Hill NC 27516
Susan Marie Desue,101 Sunset Creek Cir,Chapel Hill NC 27516
David A Devon,102 Garden Gate Dr,Chapel Hill NC 27516
Laura Lee Devon,102 Garden Gate Dr,Chapel Hill NC 27516
Anirudh Dhullipalla,101 Sunset Ridge Ln,Chapel Hill NC 27516
Nandini Dhullipalla,101 Sunset Ridge Ln,Chapel Hill NC 27516
Surya Kumari Dhullipalla,101 Sunset Ridge Ln,Chapel Hill NC 27516
Brett Paul Dillon,208 Wild Oak Ln,Carrboro NC 27510
Shelley Marie Dillon,208 Wild Oak Ln,Carrboro NC 27510
Michael A Dinola,102 Yeargen Pl,Chapel Hill NC 27516
Sandra L Dinola,102 Yeargen Pl,Chapel Hill NC 27516
Mary Margaret Dobson-Genderson,106 Suffolk Pl,Chapel Hill NC 27516
John Mark Doerfer,101 Barington Hills Rd,Chapel Hill NC 27516
Carrie Lynn Donley,2220 Pathway Dr,Chapel Hill NC 27516
George Francis Dorsey Jr,107 Buckeye Ln,Chapel Hill NC 27516
Laura Lynn Dorsey,107 Buckeye Ln,Chapel Hill NC 27516
Jack Wendell Douglas,104 Downing Ct,Chapel Hill NC 27516
Peggy Ann Morgan Douglas,104 Downing Ct,Chapel Hill NC 27516
Molly Jeanne Drake,707 Bolin Creek Dr,Carrboro NC 27510
Daniel Scott Drinkwalter,2104 Pathway Dr,Chapel Hill NC 27516
Isabel Lopez Drinkwalter,2104 Pathway Dr,Chapel Hill NC 27516
David Walter Drown,301 Morningside Dr,Carrboro NC 27510
Karyn Drum,401 Robert Hunt Dr,Carrboro NC 27510
Elaine Duda,403 Rockgarden Dr,Chapel Hill NC 27516
Bronwyn Leigh Duffield,214 Cates Farm Rd,Chapel Hill NC 27516
Joan Duffield,214 Cates Farm Rd,Chapel Hill NC 27516
Joseph J Duffy III,103 Stratford Dr,Chapel Hill NC 27516
Blanche B Dunsmore,800 Hillsborough Rd,Chapel Hill NC 27516
Robert Joseph Duronio,306 Sunset Creek Cir,Chapel Hill NC 27516
John James Dwyer Jr,102 Buck Taylor Trl,Chapel Hill NC 27516
Mary Ann Dwyer,102 Buck Taylor Trl,Chapel Hill NC 27516
Sara Vivian Easler,100 Wrenn Pl,Chapel Hill NC 27516
Michele Martha Easter,305 Forest Ct,Carrboro NC 27510
Karen Malia Edwards,205 Wild Oak Ln,Carrboro NC 27510
Lori Jacobs Edwards,2204 Pathway Dr,Chapel Hill NC 27516
Dennis Joseph Egan,103 Buck Taylor Trl,Chapel Hill NC 27516
Mary T Egan,103 Buck Taylor Trl,Chapel Hill NC 27516
Alice Patterson Ellington,109 Bruton Dr,Chapel Hill NC 27516
Kassia Diane Elliott,600 Bolin Creek Dr,Carrboro NC 27510
Katherine Steele Elliott,506 Robert Hunt Dr,Carrboro NC 27510
Gail Jean Ellis,102 Canton Ct,Chapel Hill NC 27516
James Edward Ellis,102 Canton Ct,Chapel Hill NC 27516
Jennifer Ann Ellis,102 Canton Ct,Chapel Hill NC 27516
Samuel Wiley Ellis,205 Blueridge Rd,Carrboro NC 27510
Thomas Edward Ellis,102 Canton Ct,Chapel Hill NC 27516
Jane B Engelman,214 Stratford Dr,Chapel Hill NC 27516
Michael D Engelman,214 Stratford Dr,Chapel Hill NC 27516
Charles Ray Ephland III,105 Buckeye Ln,Chapel Hill NC 27516
Carol Ann Epling,401 Tramore Dr,Chapel Hill NC 27516
Christina Allen Estes,209 Wyndham Dr,Chapel Hill NC 27516
Patricia Allen Estes,209 Wyndham Dr,Chapel Hill NC 27516
Robert Leonard Estes,209 Wyndham Dr,Chapel Hill NC 27516
Megan Ann Everett,103 Morningside Dr,Carrboro NC 27510
Jeanne Fischer Evers,101 Richard Dixon Ct,Carrboro NC 27510
Michael Dollish Evers,101 Richard Dixon Ct,Carrboro NC 27510
Katharine Sandra Everson,109 Cobblestone Dr,Chapel Hill NC 27516
Mark Douglas Everson,109 Cobblestone Dr,Chapel Hill NC 27516
Matthew David Everson,109 Cobblestone Dr,Chapel Hill NC 27516
Jaime Carlisle Fair,2471 University Station,Clemson Sc 29632
John E Farley,101 Michaels Way,Chapel Hill NC 27516
Martha Sheard Farley,101 Michaels Way,Chapel Hill NC 27516
Betsy Huntington Faulkner,2300 Pathway Dr,Chapel Hill NC 27516
Christopher Jerome Fecko,1903 Pathway Dr,Chapel Hill NC 27516
Jill Koehler Fecko,1903 Pathway Dr,Chapel Hill NC 27516
Barbara Ann Fedders,114 Creekview Cir,Carrboro NC 27510
Adam Kretzer Feibelman,311 Bolin Creek Dr,Carrboro NC 27510
Thomas Neal Feinberg,129 Colfax Dr,Chapel Hill NC 27516
Michael Steven Fenton,125 Colfax Dr,Chapel Hill NC 27516
Young Suk Fenton,125 Colfax Dr,Chapel Hill NC 27516
Timothy William Fenwick,115 Bruton Dr,Chapel Hill NC 27516
Cameron Gillespie Ferguson,103 Millrock Ct,Carrboro NC 27510
Peter Eames Fernald,101 Buckeye Ln,Chapel Hill NC 27516
Robert Gerard Ferris,308 Waterside Dr,Carrboro NC 27510
Steven A Fisher,114 Circadian Way,Chapel Hill NC 27516
Matthew Alan Fishman,113 Yeargen Pl,Chapel Hill NC 27516
Danvers Donald Fleury,114 Jasmine Ct,Carrboro NC 27510
Margaret Anne Flournoy,304 Farm House Dr,Chapel Hill NC 27516
Wayne Josef Flournoy,304 Farm House Dr,Chapel Hill NC 27516
Glenn Joseph Floyd,131 Cobblestone Dr,Chapel Hill NC 27516
Hannah Irene Floyd,131 Cobblestone Dr,Chapel Hill NC 27516
Tina Riggsbee Floyd,131 Cobblestone Dr,Chapel Hill NC 27516
Walter Mac Floyd,208 Spring Valley Rd,Carrboro NC 27510
Gregory Charles Ford,106 Wyndham Dr,Chapel Hill NC 27516
Katherine Therese Ford,103 Michaels Way,Chapel Hill NC 27516
Kristy Danielle Ford,214 Wild Oak Ln,Carrboro NC 27510
Peter Frederick Ford,103 Michaels Way,Chapel Hill NC 27516
Sutapa Ganguly Ford,106 Wyndham Dr,Chapel Hill NC 27516
Kevin Shane Fox,103 Morningside Dr,Carrboro NC 27510
Mark Stanley Franczak,2004 Pathway Dr,Chapel Hill NC 27516
Maria Eugenia Frank,508 Bolin Creek Dr,Carrboro NC 27510
Caroline Lovelace Frazer,900 Hillsborough Rd #C,Chapel Hill NC 27516
James Richard Frazier,116 Cobblestone Dr,Chapel Hill NC 27516
Patricia Murphy Frazier,116 Cobblestone Dr,Chapel Hill NC 27516
Thomas James Frederick,203 Stratford Dr,Chapel Hill NC 27516
Barbara Lee Fredrickson,105 Circadian Way,Chapel Hill NC 27516
Melvin Stuart Freedman,404 Waterside Dr,Carrboro NC 27510
Carl William Freeman Jr,104 Gracewood Pl,Chapel Hill NC 27516
Elizabeth Robertson Freeman,104 Gracewood Pl,Chapel Hill NC 27516
Jane Ellen Freund,203 Morningside Dr,Carrboro NC 27510
Brenda Lee Fricke,214 Robert Hunt Dr,Carrboro NC 27510
Thomas Jon Fricke,214 Robert Hunt Dr,Carrboro NC 27510
Marianne Jay Frimmel,1611 Pathway Dr,Carrboro NC 27510
Xenia Yvette Frisby,306 Forest Ct,Carrboro NC 27510
Michael Frank Frisch,201 Colfax Dr,Chapel Hill NC 27516
Sylvia Martha Furst,165 Tramore Dr,Chapel Hill NC 27516
Janet Kay Gable,401 Cates Farm Rd,Chapel Hill NC 27516
Kaitlin Barbra Gable,401 Cates Farm Rd,Chapel Hill NC 27516
Rachel Ann Gable,401 Cates Farm Rd,Chapel Hill NC 27516
Don Alexander Gabriel,211 Robert Hunt Dr,Carrboro NC 27510
John W Gallagher,109 Amber Ct,Carrboro NC 27510
Joan Ethyle Gantz,1530 Pathway Dr,Carrboro NC 27510
Cynthia Denise Gardner,311 Bolin Creek Dr,Carrboro NC 27510
Edward Paul Gardner,200 Colfax Dr,Chapel Hill NC 27516
Jake A Gardner Jr,1604 N Greensboro St,Carrboro NC 27510
Ronni Miller Gardner,200 Colfax Dr,Chapel Hill NC 27516
William Jacob Gardner,1604 N Greensboro St,Carrboro NC 27510
Bonnie Norwig Gasdaska,213 Stratford Dr,Chapel Hill NC 27516
John Richard Gasdaska,213 Stratford Dr,Chapel Hill NC 27516
Aimee Rebekah Gaunt,303 Robert Hunt Dr,Carrboro NC 27510
Edward Ellwood Gaunt,303 Robert Hunt Dr,Carrboro NC 27510
Kevin Wayne Gaylor,1807 Pathway Dr,Carrboro NC 27510
Kathryn Nicole Gehweiler,114 Spring Valley Rd,Carrboro NC 27510
Nancy Faith Gell,102 Rock Spring Ct,Carrboro NC 27510
Lawrence Joseph George,110 Yeargen Pl,Chapel Hill NC 27516
Patricia Anne George,110 Yeargen Pl,Chapel Hill NC 27516
Edmund Sylvester Getka Jr,108 Sudbury Ln,Chapel Hill NC 27516
Kathy Ann Getka,108 Sudbury Ln,Chapel Hill NC 27516
Bryan Gibson,2219 Pathway Dr,Chapel Hill NC 27516
Carina Inka Gibson,2219 Pathway Dr,Chapel Hill NC 27516
Diane Marie Gifford,505 Bolin Creek Dr,Carrboro NC 27510
Mary Elizabeth Giles,104 Downing Ct,Chapel Hill NC 27516
Tracye Lynne Giles,1711 Pathway Dr,Carrboro NC 27510
Sandra Mary Gillespie,103 Millrock Ct,Carrboro NC 27510
Christopher Thomas Giordano,206 Autumn Dr,Chapel Hill NC 27516
Russell N Glatz,1224 Hillsborough Rd,Chapel Hill NC 27516
Toniann Glatz,1224 Hillsborough Rd,Chapel Hill NC 27516
Jana M Glotzer,202 Cates Farm Rd,Chapel Hill NC 27516
Daniel Levi Goans,207 Blueridge Rd,Carrboro NC 27510
Norman Joseph Goco,204 Waterside Dr,Carrboro NC 27510
Jean Goeppinger,1537 Pathway Dr,Carrboro NC 27510
Harlene C Gogan,105 Richard Dixon Ct,Carrboro NC 27510
Elizabeth Bee Goldbach,123 Waverly Forest Ln,Chapel Hill NC 27516
Leonia L Goldbach,123 Waverly Forest Ln,Chapel Hill NC 27516
Robert Herman Goldbach,123 Waverly Forest Ln,Chapel Hill NC 27516
Cheryl Renee Goldstein,104 Richland Ct,Chapel Hill NC 27516
Debra Lea Gomes,302 Tripp Farm Rd,Chapel Hill NC 27516
Alvaro Francisco Gomez,506 Waterside Dr,Carrboro NC 27510
Anupama Manchikanti Gomez,506 Waterside Dr,Carrboro NC 27510
Hunter Smith Goss,403 Robert Hunt Dr,Carrboro NC 27510
Robert Arthur Goss,403 Robert Hunt Dr,Carrboro NC 27510
Larry Mark Gottschalk,107 Wild Oak Ln,Carrboro NC 27510
Michael Jack Granelli,2305 Pathway Dr,Chapel Hill NC 27516
Renee F Granelli,2305 Pathway Dr,Chapel Hill NC 27516
Timothy L Grant,215 Cobblestone Dr,Chapel Hill NC 27516
John Stephen Vincent Greene,111 Stratford Dr,Chapel Hill NC 27516
Stephen V Greene,111 Stratford Dr,Chapel Hill NC 27516
Susan C Greene,111 Stratford Dr,Chapel Hill NC 27516
Michael Douglas Green,1306 Hillsborough Rd,Chapel Hill NC 27516
Nichole Danniele Grier,101 Rock Spring Ct,Carrboro NC 27510
Warren Murray Grill Jr,405 Rockgarden Dr,Chapel Hill NC 27516
Barbara Huntsman Grizzle,1802 N Greensboro St,Chapel Hill NC 27516
James Ennis Grizzle,1802 N Greensboro St,Chapel Hill NC 27516
Miriam Anne Grochowski,105 Hanford Rd,Chapel Hill NC 27516
Urszula Kaczywska Grochowski,105 Hanford Rd,Chapel Hill NC 27516
Jennifer Elizabeth Grover,1030 Hillsborough Rd,Chapel Hill NC 27516
Jonathan Reed Grubbs,164 Tramore Dr,Chapel Hill NC 27516
Stephanie Kozel Grubbs,164 Tramore Dr,Chapel Hill NC 27516
Deborah Kassler Guastini,105 Fairfield Ct,Chapel Hill NC 27516
Robert Peter Guizzetti,301 Forest Ct,Carrboro NC 27510
Brenda Williams Gunnels,104 Spring Valley Rd,Carrboro NC 27510
David Rawlings Gunnels,105 Buck Taylor Trl,Chapel Hill NC 27516
Richard W Gunnels,104 Spring Valley Rd,Carrboro NC 27510
Terry Howell Gunnels,105 Buck Taylor Trl,Chapel Hill NC 27516
Humberto Antonio Gutierrez-Rivas,210 Cates Farm Rd,Chapel Hill NC 27516
Anna Claire Haac,102 Millrock Ct,Carrboro NC 27510
Bryce Elizabeth Haac,102 Millrock Ct,Carrboro NC 27510
Belinda Ha,104 Robert Hunt Dr,Carrboro NC 27510
Suzanne C Hackett,122 Cobblestone Dr,Chapel Hill NC 27516
Carol Ann Haines,303 Wyndham Dr,Chapel Hill NC 27516
Dennis Arthur Haines,303 Wyndham Dr,Chapel Hill NC 27516
Amanda Kitt Hale,1543 Pathway Dr,Carrboro NC 27510
Nealy Elizabeth Hale,1543 Pathway Dr,Carrboro NC 27510
Matthew Wright Haley,300 Spring Valley Rd,Carrboro NC 27510
Barbara Zoukis Halkiotis,206 Barington Hills Rd,Chapel Hill NC 27516
Katherine Grace Hamil,117 Circadian Way,Chapel Hill NC 27516
Kristen Lea Hancock,900 Hillsborough Rd #B,Chapel Hill NC 27516
Mary Arlene D Hanks,213 Robert Hunt Dr,Carrboro NC 27510
Nathan Dennis Hanks,213 Robert Hunt Dr,Carrboro NC 27510
Dorothy Jean Hansen,103 Canton Ct,Chapel Hill NC 27516
Jan Joseph Hansen,900 Hillsborough Rd,Chapel Hill NC 27516
Shirley Ann Hardnett,1700 N Greensboro St,Carrboro NC 27510
Pamela Jean Harley,109 Suffolk Pl,Chapel Hill NC 27516
Steven James Harley,109 Suffolk Pl,Chapel Hill NC 27516
Joanne Summey Harrell,204 Barington Hills Rd,Chapel Hill NC 27516
Julie Lynn Harris,118 Circadian Way,Chapel Hill NC 27516
Joyce E Harris-Nord,205 Cates Farm Rd,Chapel Hill NC 27516
Shannon Lorean Harris,107 Robert Hunt Dr,Carrboro NC 27510
Douglas Ray Hart,217 Robert Hunt Dr,Carrboro NC 27510
John Anthony Hart,208 Autumn Dr,Chapel Hill NC 27516
Jon Gerald Hart,207 Robert Hunt Dr,Carrboro NC 27510
Kara Pittman Hart,208 Autumn Dr,Chapel Hill NC 27516
Sharon Perdue Hart,217 Robert Hunt Dr,Carrboro NC 27510
Stephen G Hartzell,301 Sunset Creek Cir,Chapel Hill NC 27516
Nellie Hyde Harward,902 Hillsborough Rd,Chapel Hill NC 27516
Marie Cannon Hatem,406 Bolin Creek Dr,Carrboro NC 27510
Anita R Haven,106 Fairfield Ct,Chapel Hill NC 27516
Aran Samuel Haven-Odonnell,106 Fairfield Ct,Chapel Hill NC 27516
Solomon Fisher Hawk,114 Circadian Way,Chapel Hill NC 27516
Paul Hideyo Hayashi Jr,102 Wyndham Dr,Chapel Hill NC 27516
Keith Michael Hayes,1713 Pathway Dr,Carrboro NC 27510
Delcinia Delores Headen,103 Sudbury Ln,Chapel Hill NC 27516
Tiara Denise Headen,103 Sudbury Ln,Chapel Hill NC 27516
Marina K Heatzig,101 Wrenn Pl,Chapel Hill NC 27516
Elvia Yolanda Heavlin,209 Blueridge Rd,Carrboro NC 27510
Lee Bernard Heavlin,209 Blueridge Rd,Carrboro NC 27510
Becky Ann Hebert,211 Wyndham Dr,Chapel Hill NC 27516
Paul Roger Hebert,211 Wyndham Dr,Chapel Hill NC 27516
Karyn Leslie Hede,107 Stratford Dr,Chapel Hill NC 27516
Amy Durr Heine,300 Rockgarden Dr,Chapel Hill NC 27516
Kathryn Joan Rish Heins,118 Sudbury Ln,Chapel Hill NC 27516
Jennifer Helmrath,306 Wyndham Dr,Chapel Hill NC 27516
Michael Anthony Helmrath,306 Wyndham Dr,Chapel Hill NC 27516
Margaret Rose Helton,1534 Pathway Dr,Carrboro NC 27510
Alyce Jones Henderson,305 Sunset Creek Cir,Chapel Hill NC 27516
Caywood Garrett Hendricks,201 Rockgarden Dr,Chapel Hill NC 27516
Shelley Higgins,404 Waterside Dr,Carrboro NC 27510
John Kenneth Hill,102 Aberdeen Ct,Carrboro NC 27510
Michelle Queen Hill,102 Aberdeen Ct,Carrboro NC 27510
Adrienne G Himmelberg,111 Cobblestone Dr,Chapel Hill NC 27516
Stephen Mark Himmelberg,111 Cobblestone Dr,Chapel Hill NC 27516
Mitchelena Marshall Hines,1700 N Greensboro St,Carrboro NC 27510
Laura Suzanne Hinson,1530 Pathway Dr,Carrboro NC 27510
Robert Blair Hobgood,203 Cobblestone Dr,Chapel Hill NC 27516
John Marian Hoffman,504 Waterside Dr,Carrboro NC 27510
Carolyn S Hogan,413 Homestead Rd,Chapel Hill NC 27516
Kimberly Diane Hogan,413 Homestead Rd,Chapel Hill NC 27516
Anna Louise Holleman,124 Cobblestone Dr,Chapel Hill NC 27516
Ann H Holleman,124 Cobblestone Dr,Chapel Hill NC 27516
Timothy Aaron Holleman,PO Box 816,Carrboro NC 27510
Mary Trimigan Holmes,115 Bruton Dr,Chapel Hill NC 27516
Brooke Viverette Holt,100 Stratford Dr,Chapel Hill NC 27516
Hugh Franklin Holt,100 Stratford Dr,Chapel Hill NC 27516
John Lawrence Holt,100 Stratford Dr,Chapel Hill NC 27516
Edward Michael Holzwarth,2101 Pathway Dr,Chapel Hill NC 27516
Trent Alan Hopper,2213 Pathway Dr,Chapel Hill NC 27516
Jane Ann Hoppin,102 Downing Ct,Chapel Hill NC 27516
Cathy Merritt Horton,1020 Hillsborough Rd,Chapel Hill NC 27516
Michael Robert Hosking,206 Morningside Dr,Carrboro NC 27510
Amy Curran Hudgens,105 Richland Ct,Chapel Hill NC 27516
James Earl Hudgens III,105 Richland Ct,Chapel Hill NC 27516
Michael Curran Hudgens,105 Richland Ct,Chapel Hill NC 27516
Melissa K Huemmer,100 Suffolk Pl,Chapel Hill NC 27516
Angela Faye Huffman,116 Spring Valley Rd,Carrboro NC 27510
Kevin Timothy Hunt,1809 Pathway Dr,Carrboro NC 27510
Rima Ona Idzelis-Brandes,102 Drayton Ct,Chapel Hill NC 27516
Michele Rose Illies,206 Blueridge Rd,Carrboro NC 27510
Jason Matthew Jabaut,114 Yeargen Pl,Chapel Hill NC 27516
Laura Alexis Janda,108 Morningside Dr,Carrboro NC 27510
Sara Janda,108 Morningside Dr,Carrboro NC 27510
Inger Margit Jansen,108 Ellsworth Pl,Chapel Hill NC 27516
Verna Ray Jarrell,106 Forest Ct,Carrboro NC 27510
Wendy Lynn Jebens,114 Jasmine Ct,Carrboro NC 27510
Colleen Cannon Jelley,104 Jasmine Ct,Carrboro NC 27510
David Alexander Jelley,104 Jasmine Ct,Carrboro NC 27510
Linda Jens,105 Barington Hills Rd,Chapel Hill NC 27516
Timothy Lawrence Johnson,206 Blueridge Rd,Carrboro NC 27510
Corbin Douglas Jones,109 Rock Spring Ct,Carrboro NC 27510
Denise Farlow Jones,201 Cobblestone Dr,Chapel Hill NC 27516
Diane Lindley Jones,102 Robert Hunt Dr,Carrboro NC 27510
Hugh F Jones,602 Robert Hunt Dr,Carrboro NC 27510
James Gray Jones III,400 Waterside Dr,Carrboro NC 27510
Terry Izen Jones,505 Rockgarden Dr,Chapel Hill NC 27516
Gloria Cothren Jordan,100 Calumet Ct,Carrboro NC 27510
John Dickson Jordan Jr,100 Calumet Ct,Carrboro NC 27510
William Cothren Jordan,100 Calumet Ct,Carrboro NC 27510
Elianise Joseph,105 Gracewood Pl,Chapel Hill NC 27516
Lisa Marie Josephs,403 Tramore Dr,Chapel Hill NC 27516
Scott Tracy Josephs,403 Tramore Dr,Chapel Hill NC 27516
Michelle Danette Joshua,214 Wild Oak Ln,Carrboro NC 27510
Diane Margaret Joyal,203 Hanford Rd,Chapel Hill NC 27516
Elise Shannon Julian,208 Barington Hills Rd,Chapel Hill NC 27516
David D Kaemmer,201 Stratford Dr,Chapel Hill NC 27516
Ian Jameson Kaemmer,201 Stratford Dr,Chapel Hill NC 27516
Kathleen D Kaemmer,201 Stratford Dr,Chapel Hill NC 27516
Quinn Katherine Kaemmer,201 Stratford Dr,Chapel Hill NC 27516
Stav Kafri,208 Blueridge Rd,Carrboro NC 27510
Tal Kafri,208 Blueridge Rd,Carrboro NC 27510
Kanaye Kay Kagetsu,100 Canton Ct,Chapel Hill NC 27516
Naomi Jayne Kagetsu,220 Stratford Dr,Chapel Hill NC 27516
Amy Elizabeth Kalkbrenner,105 Amber Ct,Carrboro NC 27510
Michael Dennis Kalos,115 Cobblestone Dr,Chapel Hill NC 27516
Piper Suzanne Kalos,115 Cobblestone Dr,Chapel Hill NC 27516
Ramani A Kandasamy,303 Tramore Dr,Chapel Hill NC 27516
Susan Linda Kandel,126 Circadian Way,Chapel Hill NC 27516
Debra Lee Kantner,501 Rockgarden Dr,Chapel Hill NC 27516
Robert Franklin Kantner,501 Rockgarden Dr,Chapel Hill NC 27516
Mary Ferguson Karnes,218 Cobblestone Dr,Chapel Hill NC 27516
Raymond Earl Karnes II,218 Cobblestone Dr,Chapel Hill NC 27516
Jeanne Keller Kaufman-Fox,315 Blueridge Rd,Carrboro NC 27510
John Keku,204 Cates Farm Rd,Chapel Hill NC 27516
Temitope O Keku,204 Cates Farm Rd,Chapel Hill NC 27516
Susannah Elizabeth Kemple,706 Bolin Creek Dr,Carrboro NC 27510
James Joseph Kennedy IV,309 Robert Hunt Dr,Carrboro NC 27510
Jerre Lynn Kennedy,1246 Hillsborough Rd,Chapel Hill NC 27516
Sara Marie Johnst Kennedy,309 Robert Hunt Dr,Carrboro NC 27510
Cathyann Kenniff,110 Garden Gate Dr,Chapel Hill NC 27516
John Michael Kessler,704 Bolin Creek Dr,Carrboro NC 27510
Joseph Kessler,704 Bolin Creek Dr,Carrboro NC 27510
Ian Robertson Kibbe,405 Waterside Dr,Carrboro NC 27510
Lauren Chase Kibbe,405 Waterside Dr,Carrboro NC 27510
Kevin Joseph Kilpatrick,306 Wyndham Dr,Chapel Hill NC 27516
Marcelline Woods Kilpatrick,306 Wyndham Dr,Chapel Hill NC 27516
Julia Spencer Kimbell,113 Circadian Way,Chapel Hill NC 27516
Dana Lynne Kim,108 Sunset Ridge Ln,Chapel Hill NC 27516
Hong Jin Kim,108 Sunset Ridge Ln,Chapel Hill NC 27516
Dana Royce Kirshner,920 Hillsborough Rd,Chapel Hill NC 27516
Rebecca Johanne Kirsh,1548 Pathway Dr,Carrboro NC 27510
Norman Klase III,102 Richard Dixon Ct,Carrboro NC 27510
Norman N Klase Jr,102 Richard Dixon Ct,Carrboro NC 27510
Sue Herring Klase,102 Richard Dixon Ct,Carrboro NC 27510
Jeff Scott Klee,128 Circadian Way,Chapel Hill NC 27516
Cara Jeanine Klein,112 Cobblestone Dr,Chapel Hill NC 27516
Carole Joan Klein,112 Cobblestone Dr,Chapel Hill NC 27516
Robert Michael Klein,112 Cobblestone Dr,Chapel Hill NC 27516
Amy Bryne Kleissler,103 Suffolk Pl,Chapel Hill NC 27516
Thomas Frances Kleissler,103 Suffolk Pl,Chapel Hill NC 27516
Jack Clarence Knight,104 Waverly Forest Ln,Chapel Hill NC 27516
Joshua Michael Knobe,207 Blueridge Rd,Carrboro NC 27510
Matthew Allen Koch,205 Bruton Dr,Chapel Hill NC 27516
Jessica Kosorok,162 Tramore Dr,Chapel Hill NC 27516
Michael Rene Kosorok,162 Tramore Dr,Chapel Hill NC 27516
Bradley John Kramer,105 Jasmine Ct,Carrboro NC 27510
Nancy Jean Kramer,105 Jasmine Ct,Carrboro NC 27510
Rachel Elizabeth Kramer,105 Jasmine Ct,Carrboro NC 27510
Robert Franklin Kramer,102 Barington Hills Rd,Chapel Hill NC 27516
Karen Kuehnle,1615 High School Rd,Chapel Hill NC 27516
Avrom Louis Kurtz,2201 Pathway Dr,Chapel Hill NC 27516
Vijaya Kumar Kuruganti,504 Cates Farm Rd,Chapel Hill NC 27516
David Roquemore Lane,2259 Pathway Dr,Chapel Hill NC 27516
Gregory James Lane,100 Buck Taylor Trl,Chapel Hill NC 27516
Laura Rowe Lane,100 Buck Taylor Trl,Chapel Hill NC 27516
Linda Newton Lane,2259 Pathway Dr,Chapel Hill NC 27516
Dorothea Lank,504 Forest Ct,Carrboro NC 27510
Radislav Lapushin,104 Hanford Rd,Chapel Hill NC 27516
Svetlana Maria Lapushin,104 Hanford Rd,Chapel Hill NC 27516
Cinnamon Buckels Larson,1549 Pathway Dr,Carrboro NC 27510
James Lionel Larson,1549 Pathway Dr,Carrboro NC 27510
Martha Louise Larson,102 William White Ct,Carrboro NC 27510
Lee Laskody,111 Circadian Way,Chapel Hill NC 27516
Daniel Todd Laskowitz,214 Cobblestone Dr,Chapel Hill NC 27516
David Laszlo,201 Forest Ct,Carrboro NC 27510
Joanna Lee Lauen,103 Richard Dixon Ct,Carrboro NC 27510
Amyla Lavric,504 Rockgarden Dr,Chapel Hill NC 27516
Kerith Davidson Lawrence,109 Buckeye Ln,Chapel Hill NC 27516
Tommy Stewart Lawrence Jr,109 Buckeye Ln,Chapel Hill NC 27516
Monica Leap,203 Blueridge Rd,Carrboro NC 27510
Bruce W Lecus,1608 Pathway Dr,Carrboro NC 27510
Justin Charles Lecus,1608 Pathway Dr,Carrboro NC 27510
Rhonda L Lecus,1608 Pathway Dr,Carrboro NC 27510
Benjamin Andrew Lee,215 Stratford Dr,Chapel Hill NC 27516
Celeste Castillo Lee,116 Creekview Cir,Carrboro NC 27510
Chon Lee,115 Stratford Dr,Chapel Hill NC 27516
Elliott Richard Lee,215 Stratford Dr,Chapel Hill NC 27516
Kerry Lamont Lee,215 Stratford Dr,Chapel Hill NC 27516
Matthew Kerry Lee,215 Stratford Dr,Chapel Hill NC 27516
Psyche Huuhoa Lee,105 Rock Spring Ct,Carrboro NC 27510
Abigail C Lees,107 Cobblestone Dr,Chapel Hill NC 27516
Shoou-Yih Daniel Lee,116 Creekview Cir,Carrboro NC 27510
Jonathan M Lees,107 Cobblestone Dr,Chapel Hill NC 27516
Thomas Howerton Lee Jr,500 Waterside Dr,Carrboro NC 27510
Tong Hyon Lee,115 Stratford Dr,Chapel Hill NC 27516
Jonathan David Lepofsky,304 Morningside Dr,Carrboro NC 27510
Jonah Woodsong Leslie,501 Waterside Dr,Carrboro NC 27510
Carolyn Bridges Levy,102 Bruton Dr,Chapel Hill NC 27516
Jessica Sarah Levy,102 Bruton Dr,Chapel Hill NC 27516
Russell Shelley Levy,102 Bruton Dr,Chapel Hill NC 27516
Edward C Lewis,202 Wyndham Dr,Chapel Hill NC 27516
Evan Thomas Lewis,202 Wyndham Dr,Chapel Hill NC 27516
Lorraine Singman Lewis,107 Morningside Dr,Carrboro NC 27510
Mark John Lewis,305 Forest Ct,Carrboro NC 27510
Megan Ann Lewis,408 Waterside Dr,Carrboro NC 27510
Patricia H Lewis,202 Wyndham Dr,Chapel Hill NC 27516
Ryan Edward Lewis,202 Wyndham Dr,Chapel Hill NC 27516
Gregory Joseph Liebe,106 Ellsworth Pl,Chapel Hill NC 27516
Jennifer Caroline Liebe,106 Ellsworth Pl,Chapel Hill NC 27516
Andrew Blake Lindstrom,212 Wild Oak Ln,Carrboro NC 27510
Yoshie I Lindstrom,212 Wild Oak Ln,Carrboro NC 27510
Fan Lin,104 Sunset Ridge Ln,Chapel Hill NC 27516
Kwong-Tiu Ling,104 Robert Hunt Dr,Carrboro NC 27510
Kimberly Ann Lin,105 Morningside Dr,Carrboro NC 27510
Wenbin Lin,102 Sunset Creek Cir,Chapel Hill NC 27516
Hester Johnstone Lipscomb,202 Blueridge Rd,Carrboro NC 27510
Ann Cooley Lloyd,117 Cobblestone Dr,Chapel Hill NC 27516
Cheng Yea Lo,102 Buckeye Ln,Chapel Hill NC 27516
Cynthia Owens Locker,302 Forest Ct,Carrboro NC 27510
Christopher Todd Lofrese,402 Rockgarden Dr,Chapel Hill NC 27516
Gretchen Elizabeth Lofrese,402 Rockgarden Dr,Chapel Hill NC 27516
Justin Han-Je Lo,102 Buckeye Ln,Chapel Hill NC 27516
Li-Lin Chen Lo,102 Buckeye Ln,Chapel Hill NC 27516
Darrick Bernard Long,104 Drayton Ct,Chapel Hill NC 27516
Iris Denise Long,104 Drayton Ct,Chapel Hill NC 27516
Lauralee H Long,209 Blueridge Rd,Carrboro NC 27510
Mitchell Christopher Long,406 Bolin Creek Dr,Carrboro NC 27510
Paula Rosine Long,406 Bolin Creek Dr,Carrboro NC 27510
William Christopher Long,406 Bolin Creek Dr,Carrboro NC 27510
Fernando Alonzo Lopez,203 Tramore Dr,Chapel Hill NC 27516
Lucila Lopez,2104 Pathway Dr,Chapel Hill NC 27516
Gregory Philip Louie,102 Roger Cook Ct,Carrboro NC 27510
Bradford Max Luchenbill,313 Bolin Forest Dr,Carrboro NC 27510
Charles C Ludington,502 Waterside Dr,Carrboro NC 27510
Ayana Patrice Lugo,11 S Eutaw St,Baltimore Md 21201
Teresa Morgan Lutes,202 Colfax Dr,Chapel Hill NC 27516
Jacob Aaron Mader,110 Circadian Way,Chapel Hill NC 27516
Stephanie Alyce Magee,104 Daphne Ct #A,Chapel Hill NC 27516
Carmela Mazel Mager,110 Jasmine Ct,Carrboro NC 27510
Hannah Mager,110 Jasmine Ct,Carrboro NC 27510
Sela Mager,110 Jasmine Ct,Carrboro NC 27510
Thavagunan Mahadevan,302 Bolin Creek Dr,Carrboro NC 27510
Steven Maixner,319 Sunset Creek Cir,Chapel Hill NC 27516
Lauren Shaw Mann,127 Cobblestone Dr,Chapel Hill NC 27516
Tania Meek Mann,2218 Pathway Dr,Chapel Hill NC 27516
Wendy Lynn Mann,500 Bolin Creek Dr,Carrboro NC 27510
Christopher James Manor,100 Webb Dr #100,Carrboro NC 27510
John Peter Manor,100 Webb Dr,Carrboro NC 27510
Linda Marie Manor,100 Webb Dr,Carrboro NC 27510
Delaine Hardee Marbry,102 Gracewood Pl,Chapel Hill NC 27516
Gary Lee Marbry,102 Gracewood Pl,Chapel Hill NC 27516
Jessica Kessler Marshall,1214 Hillsborough Rd,Chapel Hill NC 27516
Susan Bieber Marshall,301 Cates Farm Rd,Chapel Hill NC 27516
Christopher Howard Martin,110 Ellsworth Pl,Chapel Hill NC 27516
Rachael Nicole Martindale,2101 Pathway Dr,Chapel Hill NC 27516
Erin Lee Martin,108 Hanford Rd,Chapel Hill NC 27516
Gregory Kenneth Martin,110 Ellsworth Pl,Chapel Hill NC 27516
Linda A Martin,110 Ellsworth Pl,Chapel Hill NC 27516
Robert A Martin,110 Ellsworth Pl,Chapel Hill NC 27516
Sidney Arnold Martin Jr,306 Waterside Dr,Carrboro NC 27510
Colleen Katherine Martyn,201 Cates Farm Rd,Chapel Hill NC 27516
Katherine G Martyn,201 Cates Farm Rd,Chapel Hill NC 27516
Susan Marshall Mason,323 Blueridge Rd,Carrboro NC 27510
Megan Marin Matchinske,1538 Pathway Dr,Carrboro NC 27510
Abigail Elizabeth Matson,110 Cobblestone Dr,Chapel Hill NC 27516
Frances Misa Matsumoto,102 Wyndham Dr,Chapel Hill NC 27516
David Hamilton Matthews,402 Robert Hunt Dr,Carrboro NC 27510
Marie Christine Mayes,2230 Pathway Dr,Chapel Hill NC 27516
Ann Hearn Mayse-Pearce,100 Bruton Dr,Chapel Hill NC 27516
Diane Petty McClellan,218 Tripp Farm Rd,Chapel Hill NC 27516
Suzanne Kelly McCray,108 Spring Valley Rd,Carrboro NC 27510
Noreen Cunniffe McDonald,2102 Pathway Dr,Chapel Hill NC 27516
Susan Caroline McDonald,315 Blueridge Rd,Carrboro NC 27510
Karen A McFadden,319 Sunset Creek Cir,Chapel Hill NC 27516
Clarence Rodwell McFarling,106 Cobblestone Dr,Chapel Hill NC 27516
Margy Duvall McFarling,106 Cobblestone Dr,Chapel Hill NC 27516
James M McGivney,108 Yeargen Pl,Chapel Hill NC 27516
James Matthew McGivney Jr,108 Yeargen Pl,Chapel Hill NC 27516
Leslie Ann McGivney,108 Yeargen Pl,Chapel Hill NC 27516
John Patrick McGowan,110 Waverly Forest Ln,Chapel Hill NC 27516
Kiernan Nickolas McGowan,110 Waverly Forest Ln,Chapel Hill NC 27516
Martin Joseph McInerney,106 Garden Gate Dr,Chapel Hill NC 27516
Patrick James McInerney,106 Garden Gate Dr,Chapel Hill NC 27516
Teresa Jordan McInerney,106 Garden Gate Dr,Chapel Hill NC 27516
Brockton David McKinney,312 Blueridge Rd,Carrboro NC 27510
Holly McCormick Mckinney,312 Blueridge Rd,Carrboro NC 27510
Brittany Shaw McLaughlin,511 Cates Farm Rd,Chapel Hill NC 27516
Christopher Scott McLaughlin,511 Cates Farm Rd,Chapel Hill NC 27516
Dionne Veronica McLaughlin,400 Cates Farm Rd,Chapel Hill NC 27516
Miriam Klem McLaughlin,317 Sunset Creek Cir,Chapel Hill NC 27516
Paul Thomas McLaughlin,400 Cates Farm Rd,Chapel Hill NC 27516
Richard Michael McLaughlin,317 Sunset Creek Cir,Chapel Hill NC 27516
Traci Barger McLaughlin,511 Cates Farm Rd,Chapel Hill NC 27516
Edwin Walter McLean,103 Yeargen Pl,Chapel Hill NC 27516
Elise Malefyt McLean,103 Yeargen Pl,Chapel Hill NC 27516
Megan Carney McManus,321 Sunset Creek Cir,Chapel Hill NC 27516
Kathryn Ann Melcher,301 Morningside Dr,Carrboro NC 27510
Anna Bronwyn Merritt,113 Creekview Cir,Carrboro NC 27510
Clara R Merritt,1000 Hillsborough Rd,Chapel Hill NC 27516
William Blanchard Merryman,102 Circadian Way,Chapel Hill NC 27516
John Andrew Messenheimer Jr,101 Wild Oak Ln,Carrboro NC 27510
Cynthia Ann Metcalf,603 Robert Hunt Dr,Carrboro NC 27510
Orlando Paul Metcalf III,603 Robert Hunt Dr,Carrboro NC 27510
Lisa Christine Mette,126 Creekview Cir,Carrboro NC 27510
Robert Roy Mette,PO Box 907,Carrboro NC 27510
Anne Marie Meyer,100 Richard Dixon Ct,Carrboro NC 27510
David Bruce Mickunas,314 Sunset Creek Cir #26,Chapel Hill NC 27516
Wendy Joan Mickunas,314 Sunset Creek Cir,Chapel Hill NC 27516
Alex Michael Millager,406 Waterside Dr,Carrboro NC 27510
Andy R Millager,406 Waterside Dr,Carrboro NC 27510
Flora S Millager,406 Waterside Dr,Carrboro NC 27510
Ryan Andrew Millager,406 Waterside Dr,Carrboro NC 27510
Cynthia Ramirez Miller,100 Sunset Creek Cir,Chapel Hill NC 27516
David John Miller,100 Sunset Creek Cir,Chapel Hill NC 27516
Ellwee Bourne Miller,100 Barington Hills Rd,Chapel Hill NC 27516
Richard Dale Miller,112 Spring Valley Rd,Carrboro NC 27510
Sarah Gebhardt Miller,112 Spring Valley Rd,Carrboro NC 27510
Robert Craft Millikan,325 Blueridge Rd,Carrboro NC 27510
Laura Catherine Minchew,104 Ellsworth Pl,Chapel Hill NC 27516
Susan L Minnix,403 Tripp Farm Rd,Chapel Hill NC 27516
Jeanne Marie Minta,1220 Hillsborough Rd,Chapel Hill NC 27516
Paul Minta,1220 Hillsborough Rd,Chapel Hill NC 27516
Stephen Paul Minta,208 Cobblestone Dr,Chapel Hill NC 27516
Marston Michael Moffatt,PO Box 1058,Carrboro NC 27510
Pamela Ann Claxton Moffatt,PO Box 1058,Carrboro NC 27510
Ashley Brooke Montero,1000 Hillsborough Rd,Chapel Hill NC 27516
Andrew W Montgomery,102 Rock Spring Ct,Carrboro NC 27510
Andrew Kendal Moore,105 Bruton Dr #Nn10,Chapel Hill NC 27516
Melody Darlene Moore,107 Fairfield Ct,Chapel Hill NC 27516
Vanessa Pickett Moore,105 Bruton Dr,Chapel Hill NC 27516
Kathryn Elizabeth Moracco,307 Bolin Forest Dr,Carrboro NC 27510
Marshall Grant Morgan,209 Robert Hunt Dr,Carrboro NC 27510
Kenneth Lynn Morris,113 Cobblestone Dr,Chapel Hill NC 27516
Sandra Lee Morris,113 Cobblestone Dr,Chapel Hill NC 27516
Carolyn Mandel Morton,304 Autumn Dr,Chapel Hill NC 27516
Mark Edward Morton,304 Autumn Dr,Chapel Hill NC 27516
Jean Claude Morvan,310 Bolin Forest Dr,Carrboro NC 27510
Paula A Morvan,310 Bolin Forest Dr,Carrboro NC 27510
Mary Faith Mount-Cors,1531 Pathway Dr,Carrboro NC 27510
Kirsten Victoria Moy,1909 Pathway Dr,Chapel Hill NC 27516
Lawrence Benjamin Moy,1909 Pathway Dr,Chapel Hill NC 27516
Lawrence Dennis Moy,1909 Pathway Dr,Chapel Hill NC 27516
Sheryl S Moy,1909 Pathway Dr,Chapel Hill NC 27516
Anna Katherine Mullis,604 Robert Hunt Dr,Carrboro NC 27510
Caroline Grace Mullis,604 Robert Hunt Dr,Carrboro NC 27510
Randall Edison Mullis,604 Robert Hunt Dr,Carrboro NC 27510
Robin Gray Mullis,604 Robert Hunt Dr,Carrboro NC 27510
Amador Antonio Musalem,1907 Pathway Dr,Chapel Hill NC 27516
Kendall Leigh Music,2218 Pathway Dr,Chapel Hill NC 27516
Scott Charles Myers,204 Morningside Dr,Carrboro NC 27510
Margaret Mary Nahum,307 Robert Hunt Dr,Carrboro NC 27510
Lars Franklin Nance,600 Bolin Creek Dr,Carrboro NC 27510
Teresa Napier,101 Yeargen Pl,Chapel Hill NC 27516
Charles Bennett Neas,106 Buck Taylor Trl,Chapel Hill NC 27516
Ann Duhme Nelson,202 Barington Hills Rd,Chapel Hill NC 27516
Wayne C Nelson,202 Barington Hills Rd,Chapel Hill NC 27516
Paul Douglas Nenninger,2106 Pathway Dr,Chapel Hill NC 27516
Patricia Claire Nervo,114 Yeargen Pl,Chapel Hill NC 27516
Jennifer Murphy Newcomb,305 Autumn Dr,Chapel Hill NC 27516
Joan Murphy Newcomb,305 Autumn Dr,Chapel Hill NC 27516
Margaret Anne Newcomb,305 Autumn Dr,Chapel Hill NC 27516
William Henry Newcomb,305 Autumn Dr,Chapel Hill NC 27516
Susan Elizabeth Newton,405 Tramore Dr,Chapel Hill NC 27516
George N Nicholas,413 Waterside Dr,Carrboro NC 27510
Tessa Joseph Nicholas,413 Waterside Dr,Carrboro NC 27510
Alan A Niederland,103 Ellsworth Pl,Chapel Hill NC 27516
Alice Dora Firgau Niederland,103 Ellsworth Pl,Chapel Hill NC 27516
Suzanne Marie Niederland,103 Ellsworth Pl,Chapel Hill NC 27516
Hannah Helton Noah,1534 Pathway Dr,Carrboro NC 27510
Terry Lee Noah,1534 Pathway Dr,Carrboro NC 27510
Margaret Ann Nolan,132 Circadian Way,Chapel Hill NC 27516
Rhonda Jeanne Nolen,2212 Pathway Dr,Chapel Hill NC 27516
Tre Monroe Nolen,2212 Pathway Dr,Chapel Hill NC 27516
Daniel Alldor Nord,315-C Blueridge Rd,Carrboro NC 27510
Elizabeth S Nord,315 Blueridge Rd #C,Carrboro NC 27510
Jacob Allen Nord,315 Blueridge Rd #C,Carrboro NC 27510
Kristopher John Novak,501 Forest Ct,Carrboro NC 27510
Lara Nicole Novak,501 Forest Ct,Carrboro NC 27510
Chandra Noyes,302 Waterside Dr,Carrboro NC 27510
Jonathan Reid Noyes,302 Waterside Dr,Carrboro NC 27510
Mark Andrew Oconnell,1214 Hillsborough Rd,Chapel Hill NC 27516
Heather Ann Oconnor,107 Wild Oak Ln,Carrboro NC 27510
Thomas Andrew O'Connor,133 Circadian Way,Chapel Hill NC 27516
Kristen Lynn Beebe Odaly,112 Jasmine Ct,Carrboro NC 27510
John Gregory O'Donnell,215 Wild Oak Ln,Carrboro NC 27510
Maryjo Kernan Odonnell,215 Wild Oak Ln,Carrboro NC 27510
Nora Elizabeth Offen,219 Cobblestone Dr,Chapel Hill NC 27516
Emily Ohare,309 Bolin Forest Dr,Carrboro NC 27510
Emelda Eseo Olesco,2217 Pathway Dr,Chapel Hill NC 27516
Ramon Camacho Olesco,2217 Pathway Dr,Chapel Hill NC 27516
Kathy Clem Olley,416 Waterside Dr,Carrboro NC 27510
Susan Marie Olson,111 Yeargen Pl,Chapel Hill NC 27516
Susan W Orenstein,103 Buckeye Ln,Chapel Hill NC 27516
Grace Lee Oshimura,601 Bolin Creek Dr,Carrboro NC 27510
Kanako Oshimura,601 Bolin Creek Dr,Carrboro NC 27510
Elizabeth Moore Oudejans,1801 Pathway Dr,Carrboro NC 27510
Lukas Joris Oudejans,1801 Pathway Dr,Carrboro NC 27510
Byron Marshall Owen,109 Sudbury Ln,Chapel Hill NC 27516
Patricia Carol Owen,109 Sudbury Ln,Chapel Hill NC 27516
Patricia Ruth Owen,302 Spring Valley Rd,Carrboro NC 27510
Sarah Ruth Owen,302 Spring Valley Rd,Carrboro NC 27510
Ilona Woisch Page,504 Robert Hunt Dr,Carrboro NC 27510
Troy Randolph Page,504 Robert Hunt Dr,Carrboro NC 27510
Brian Scott Palmer,103 William White Ct,Carrboro NC 27510
Jonathan Robert Parke,118 Cobblestone Dr,Chapel Hill NC 27516
Matthew Earl Parke,118 Cobblestone Dr,Chapel Hill NC 27516
William Ray Parke,118 Cobblestone Dr,Chapel Hill NC 27516
Donna Jung Parkinson,312 Bolin Forest Dr,Carrboro NC 27510
Kaia Jung Parkinson,312 Bolin Forest Dr,Carrboro NC 27510
Ronald Archer Parks,1601 Pathway Dr,Carrboro NC 27510
Bijoy Ketan Patnaik,110 Sudbury Ln,Chapel Hill NC 27516
Geeti Patnaik,110 Sudbury Ln,Chapel Hill NC 27516
Tanmay Patnaik,110 Sudbury Ln,Chapel Hill NC 27516
Heidi Frances Patscheider,PO Box 51,Carrboro NC 27510
James Herbert Patterson,125 Cobblestone Dr,Chapel Hill NC 27516
Virginia Elizabeth Patterson,125 Cobblestone Dr,Chapel Hill NC 27516
Mark Murfee Paul,122 Cobblestone Dr,Chapel Hill NC 27516
Jane Paulsen,409 Waterside Dr,Carrboro NC 27510
Ian Andreis Pause,400 Bolin Creek Dr,Carrboro NC 27510
Samuel Carroll Pearce,100 Bruton Dr,Chapel Hill NC 27516
Ellen Sue Peisner-Feinberg,129 Colfax Dr,Chapel Hill NC 27516
Deborah Ann Pence,212 Stratford Dr,Chapel Hill NC 27516
Warren H Pence Jr,212 Stratford Dr,Chapel Hill NC 27516
Hathaway Steele Pendergrass,309 Bolin Creek Dr,Carrboro NC 27510
Akshay Pendyal,107 Sudbury Ln,Chapel Hill NC 27516
Anuraag Pendyal,107 Sudbury Ln,Chapel Hill NC 27516
Dilip Pendyal,107 Sudbury Ln,Chapel Hill NC 27516
Surekha Pendyal,107 Sudbury Ln,Chapel Hill NC 27516
Charles Edward Perez,403 Bolin Creek Dr,Carrboro NC 27510
Diane Elizabeth Perez,403 Bolin Creek Dr,Carrboro NC 27510
Charles Wallace Perry,407 Robert Hunt Dr,Carrboro NC 27510
Christine Elis Perry,407 Robert Hunt Dr,Carrboro NC 27510
David Butler Perry,PO Box 4241,Chapel Hill NC 27515
Eileen P Peterson,2003 Pathway Dr,Chapel Hill NC 27516
Judith Gail Petty,309 Tripp Farm Rd,Chapel Hill NC 27516
Marilyn Sue Petty,2205 Pathway Dr,Chapel Hill NC 27516
Tamara Susan Petty,2205 Pathway Dr,Chapel Hill NC 27516
Joan Campbell Pharr,211 Stratford Dr,Chapel Hill NC 27516
Ronnie Stephen Pharr,211 Stratford Dr,Chapel Hill NC 27516
Michael Albert Philips,104 Roger Cook Ct,Carrboro NC 27510
Jonathan Scott Phillips,207 Blueridge Rd,Carrboro NC 27510
Lisa Frost Phillips,126 Creekview Cir,Carrboro NC 27510
John Pickles,111 Garden Gate Dr,Chapel Hill NC 27516
Lynn Pickles,111 Garden Gate Dr,Chapel Hill NC 27516
Benjamin Franklin Pierce,300 Spring Valley Rd,Carrboro NC 27510
Robin Marie Pinheiro,402 Rockgarden Dr,Chapel Hill NC 27516
Jason Ralph Pirone,101 Amber Ct,Carrboro NC 27510
Diana Gaytha Pitchford,107 Rock Spring Ct,Carrboro NC 27510
Michael Louis Platt,101 Stratford Dr,Chapel Hill NC 27516
Steven Glenn Plonk,103 Fairfield Ct,Chapel Hill NC 27516
Robin Marsha Poer,218 Robert Hunt Dr,Carrboro NC 27510
Samantha Joy Poer,218 Robert Hunt Dr,Carrboro NC 27510
Jose Manuel Polo De Bernabe,111 Bruton Dr,Chapel Hill NC 27516
Margaret Polo De Bernabe,111 Bruton Dr,Chapel Hill NC 27516
Eric William Pommerer,202 Oak Glen Pl,Chapel Hill NC 27516
Lawrence Hubert Pope,201 Hanford Rd,Chapel Hill NC 27516
Sue Davis Pope,201 Hanford Rd,Chapel Hill NC 27516
Mark Anthony Popkin,302 Wyndham Dr,Chapel Hill NC 27516
Maurice Benjamin Popkin,302 Wyndham Dr,Chapel Hill NC 27516
Kenneth Poteat,PO Box 1216,Carrboro NC 27510
Clarence William Potter,2002 Pathway Dr,Chapel Hill NC 27516
Daniel Thomas Potter,2002 Pathway Dr,Chapel Hill NC 27516
Valerie Smith Potter,2002 Pathway Dr,Chapel Hill NC 27516
Cameron Whidbee Powell,2407 Pathway Dr,Chapel Hill NC 27516
Janice Stutts Powell,201 Barington Hills Rd,Chapel Hill NC 27516
Robert Clarendon Powell,201 Barington Hills Rd,Chapel Hill NC 27516
Robert Jason Powell,201 Barington Hills Rd,Chapel Hill NC 27516
Anne Douglas Powers,403 Forest Ct,Carrboro NC 27510
Carol D Price,105 Ellsworth Pl,Chapel Hill NC 27516
Debora Swart Price,134 Creekview Cir,Carrboro NC 27510
Janelle Newman Price,601 Robert Hunt Dr,Carrboro NC 27510
Meghan Alicia Price,105 Ellsworth Pl,Chapel Hill NC 27516
Stephen Elmore Price,601 Robert Hunt Dr,Carrboro NC 27510
Thomas G Price,105 Ellsworth Pl,Chapel Hill NC 27516
Erin Renee Printy,104 Hanford Rd,Chapel Hill NC 27516
Stephen H Pulver,109 Hanford Rd,Chapel Hill NC 27516
Leslie Segal Purcell,1544 Pathway Dr,Carrboro NC 27510
Stephen Scott Purcell,1544 Pathway Dr,Carrboro NC 27510
Susan Elizabeth Purcell,207 Waterside Dr,Carrboro NC 27510
Nancy Brown Raasch,211 Morningside Dr,Carrboro NC 27510
Ralph Hugo Raasch,211 Morningside Dr,Carrboro NC 27510
Sarah Marie Radke,323 Blueridge Rd,Carrboro NC 27510
Gail McLennan Ragazzo,1811 Pathway Dr,Carrboro NC 27510
Phillip M Ragazzo,1811 Pathway Dr,Carrboro NC 27510
Phillip Michael Ragazzo Jr,1811 Pathway Dr,Carrboro NC 27510
Dana Andrew Randolph,108 Cobblestone Dr,Chapel Hill NC 27516
Greg D Randolph,1905 Pathway Dr,Chapel Hill NC 27516
Tod Slater Raymond,1803 Pathway Dr,Carrboro NC 27510
Tom Jefferson Raynor,P.o. Box 789,Carrboro NC 27510
Prema Latha Reddy,102 Richland Ct,Chapel Hill NC 27516
Pulumanidi Anantha Reddy,102 Richland Ct,Chapel Hill NC 27516
Shalini Pulumamidi Reddy,102 Richland Ct,Chapel Hill NC 27516
Shravan Kumar Reddy,102 Richland Ct,Chapel Hill NC 27516
Matthew Robert Redinbo,312 Sunset Creek Cir,Chapel Hill NC 27516
Alfred O Reid,307 Bolin Creek Dr,Carrboro NC 27510
David John Reiner,1900 Pathway Dr,Chapel Hill NC 27516
Kenneth Mathew Reiter,303 Rockgarden Dr,Chapel Hill NC 27516
Kristin Leanne Reiter,303 Rockgarden Dr,Chapel Hill NC 27516
David Benjamin Resnik,119 Cobblestone Dr,Chapel Hill NC 27516
Susan Preston Resnik,119 Cobblestone Dr,Chapel Hill NC 27516
Daniel S Reuland,102 Farm House Dr,Chapel Hill NC 27516
Christine Kendrick Reynolds,101 Webb Dr,Carrboro NC 27510
Joseph Richard Reynolds,101 Webb Dr,Carrboro NC 27510
Leonard D Reynolds Jr,109 Stratford Dr,Chapel Hill NC 27516
Stephen Porter Reynolds,111 Ellsworth Pl,Chapel Hill NC 27516
James P Riek,103 Wild Oak Ln,Carrboro NC 27510
Jeanne Lanese Riek,103 Wild Oak Ln,Carrboro NC 27510
Peter Allan Rieth,107 Sunset Ridge Ln,Chapel Hill NC 27516
Jan Jones Riggsbee,1228 Hillsborough Rd,Chapel Hill NC 27516
Betty Elaine Rintoul,608 Bolin Creek Dr,Carrboro NC 27510
Stephen Logan Rintoul,608 Bolin Creek Dr,Carrboro NC 27510
Holly Rio,101 Garden Gate Dr,Chapel Hill NC 27516
Henry Fowles V Rivers,300 Bolin Creek Dr,Carrboro NC 27510
Pamela Richardson Rivers,300 Bolin Creek Dr,Carrboro NC 27510
Carol Harrington Rives,2001 Pathway Dr,Chapel Hill NC 27516
Donald Lee Rives,2001 Pathway Dr,Chapel Hill NC 27516
Orrin Roby Robbins Jr,110 Spring Valley Rd,Carrboro NC 27510
Dylan Lenin Robertson,103 Hanford Rd,Chapel Hill NC 27516
Dylan Lenin Robertson II,103 Hanford Rd,Chapel Hill NC 27516
Lynette A Rockas,100 Roger Cook Ct,Carrboro NC 27510
Russell Wayne Rockas,100 Roger Cook Ct,Carrboro NC 27510
Michael Lewis Rodgers,203 Blueridge Rd,Carrboro NC 27510
Susan Catherine Rodriguez,216 Stratford Dr,Chapel Hill NC 27516
Timothy William Rodriguez,216 Stratford Dr,Chapel Hill NC 27516
Barbara Ellen Roeber,109 Robert Hunt Dr,Carrboro NC 27510
Patrick Allen Roeber,109 Robert Hunt Dr,Carrboro NC 27510
Barbara Iris Roeder,302 Bolin Creek Dr,Carrboro NC 27510
Christopher Davis Rogers,205 Oak Glen Pl,Chapel Hill NC 27516
Joelle Rogers,110 Jasmine Ct,Carrboro NC 27510
Austin Samuel Rose,324 Sunset Creek Cir,Chapel Hill NC 27516
Joshua Michael Rose,334 Sunset Creek Cir,Chapel Hill NC 27516
Kurt Jacob Rosenkrantz,2102 Pathway Dr,Chapel Hill NC 27516
James Michael Rosinia,1615 High School Rd,Chapel Hill NC 27516
Alexander Michael Roth,1604 Pathway Dr,Carrboro NC 27510
Gina St John Rozier,307 Sunset Creek Cir,Chapel Hill NC 27516
Lisa Rubenstein,2402 Pathway Dr,Chapel Hill NC 27516
Gregory Jacob Rubinstein,114 Garden Gate Dr,Chapel Hill NC 27516
Helen Rubinstein,114 Garden Gate Dr,Chapel Hill NC 27516
Michael Rubinstein,114 Garden Gate Dr,Chapel Hill NC 27516
James Michael Rumfelt,403b Waterside Dr,Carrboro NC 27510
Rolando Jose Saavedra,205 Wild Oak Ln,Carrboro NC 27510
Norma Frances Safransky,130 Circadian Way,Chapel Hill NC 27516
Mary Lu Honse Salmon,103 Barington Hills Rd,Chapel Hill NC 27516
Nancy Jane Salmons,303 Forest Ct,Carrboro NC 27510
Kelsey Carley Salvesen,1805 Pathway Dr,Carrboro NC 27510
Ethan Douglas Samsky,104 Bruton Dr,Chapel Hill NC 27516
Monica Mary Samsky,104 Bruton Dr,Chapel Hill NC 27516
Amalie Sandelowski,402 Tripp Farm Rd,Chapel Hill NC 27516
Margarete Sandelowski,402 Tripp Farm Rd,Chapel Hill NC 27516
Yuki Sandifer,2409 Pathway Dr,Chapel Hill NC 27516
Lisa Dee Sanfilippo,211 Cobblestone Dr,Chapel Hill NC 27516
Mikel Sanfilippo,211 Cobblestone Dr,Chapel Hill NC 27516
Dhanalakshmi Sangaiah,103 Drayton Ct,Chapel Hill NC 27516
Selvi D Sangaiah,103 Drayton Ct,Chapel Hill NC 27516
Catherine Ann Santello,111 Sudbury Ln,Chapel Hill NC 27516
Jeffrey Kent Sarbaum,2201 Pathway Dr,Chapel Hill NC 27516
Robin Wood Sarbaum,401 Tripp Farm Rd,Chapel Hill NC 27516
Kristen Marie Sarles-Lopez,203 Tramore Dr,Chapel Hill NC 27516
Andrew Duncan Satterfield,300 Spring Valley Rd,Carrboro NC 27510
Christian D Savelli,106 Richland Ct,Chapel Hill NC 27516
Mary Catherine Savelli,106 Richland Ct,Chapel Hill NC 27516
Glenn Douglas Sawtelle,422 Waterside Dr,Carrboro NC 27510
Brian Dean Sawyer,211 Wild Oak Ln,Carrboro NC 27510
Cynthia Karen Schauer,208 Spring Valley Rd,Carrboro NC 27510
Susan Hall Schenck,200 Waterside Dr,Carrboro NC 27510
Erik J Schimmelfing,104 Buckeye Ln,Chapel Hill NC 27516
John Taylor Schimmelfing,104 Buckeye Ln,Chapel Hill NC 27516
Elizabeth A Schuler,304 Wyndham Dr,Chapel Hill NC 27516
Jonathan Thomas Schuler,2131 Hwy 54 W,Carrboro NC 27516
Reece J Schuler,304 Wyndham Dr,Chapel Hill NC 27516
Miriam H Scott,305 Tripp Farm Rd,Chapel Hill NC 27516
Robert Martin Scott,100 William White Ct,Carrboro NC 27510
Wendy Marshall Scott,100 William White Ct,Carrboro NC 27510
Albert Harrison Segars III,102 Ellsworth Pl,Chapel Hill NC 27516
Barbara Patton Segars,102 Ellsworth Pl,Chapel Hill NC 27516
Vincent William Seiberling,2216 Pathway Dr,Chapel Hill NC 27516
Mark Richard Seiler,401 Rockgarden Dr,Chapel Hill NC 27516
Fernando Serrano,507 Rockgarden Dr,Chapel Hill NC 27516
Kathleen Phyllis Serrano,507 Rockgarden Dr,Chapel Hill NC 27516
Diana Marie Severynse-Stevens,332 Sunset Creek Cir,Chapel Hill NC 27516
Beth Seyda,102 Hanford Rd,Chapel Hill NC 27516
Michael John Shanahan,132 Cobblestone Dr,Chapel Hill NC 27516
Jill Lynn Shatterly,301 Sunset Creek Cir,Chapel Hill NC 27516
Alison Maura Shay,PO Box 954,Chapel Hill NC 27514
Jonathan Samuel Shectman,102 John Martin Ct,Carrboro NC 27510
Kathryn Marie Shectman,102 John Martin Ct,Carrboro NC 27510
Mary Anne Sheffield,504 Bolin Creek Dr,Carrboro NC 27510
Brandon Olmsted Shepard,424 Waterside Dr,Carrboro NC 27510
Patricia Ann Sheridan,109 Rock Spring Ct,Carrboro NC 27510
Ian Marion Shields,102 Circadian Way,Chapel Hill NC 27516
Katherine Florence Shields,102 Circadian Way,Chapel Hill NC 27516
Sarah D Shields,102 Circadian Way,Chapel Hill NC 27516
Wenmei Shi,221 Stratford Dr,Chapel Hill NC 27516
Andrei Sholomon,2406 Pathway Dr,Chapel Hill NC 27516
Bari Michelle Sholomon,2406 Pathway Dr,Chapel Hill NC 27516
Angela De Bellis Short,111 Sudbury Ln,Chapel Hill NC 27516
Cassandra Lee Short,111 Sudbury Ln,Chapel Hill NC 27516
Judith Cialdini Short,1242 Hillsborough Rd,Chapel Hill NC 27516
James Leon Shortridge,109 Sunset Ridge Ln,Chapel Hill NC 27516
Steven Silverleaf,980 Hillsborough Rd,Chapel Hill NC 27516
Eric Vincent Simmons,313 Bolin Forest Dr,Carrboro NC 27510
Sue Stocks Simmons,313 Bolin Forest Dr,Carrboro NC 27510
Frederick Neil Simms,217 Stratford Dr,Chapel Hill NC 27516
Jane Benton Simms,217 Stratford Dr,Chapel Hill NC 27516
Alina Simone,207 Blueridge Rd,Carrboro NC 27510
Rita Singh,300 Blueridge Rd,Carrboro NC 27510
Robert Barry Sisk,201 Farm House Dr,Chapel Hill NC 27516
Susan Coleman Sisk,201 Farm House Dr,Chapel Hill NC 27516
Cynthia Louise Skocik,209 Wild Oak Ln,Carrboro NC 27510
Elva Conley Small,104 Aberdeen Ct,Carrboro NC 27510
John Steven Small,104 Aberdeen Ct,Carrboro NC 27510
Dana Ladd Smith,310 Spring Valley Rd,Carrboro NC 27510
Jessica Erin Smith,106 Amber Ct #A,Carrboro NC 27510
Nancy Lancaster Smith,201 Morningside Dr,Carrboro NC 27510
Scott Edwards Smith,110 Stratford Dr,Chapel Hill NC 27516
Susan G Sobol,503 Rockgarden Dr,Chapel Hill NC 27516
Robert E Sommer,105 Garden Gate Dr,Chapel Hill NC 27516
Jeffrey Hal Sonis,210 Cobblestone Dr,Chapel Hill NC 27516
Mary Parker Sonis,210 Cobblestone Dr,Chapel Hill NC 27516
K Stephen Spade,605 Robert Hunt Dr,Carrboro NC 27510
Denise Jean Spector,318 Sunset Creek Cir,Chapel Hill NC 27516
Kelly Michelle Springfield,107 Garden Gate Dr,Chapel Hill NC 27516
Marica Aucoin Springfield,107 Garden Gate Dr,Chapel Hill NC 27516
Randall Scott Springfield,107 Garden Gate Dr,Chapel Hill NC 27516
Lauren Catherine Stafford Smith,204 Stratford Dr,Chapel Hill NC 27516
Mark Stafford Smith,204 Stratford Dr,Chapel Hill NC 27516
Brian Sebastian Stalder,100 Ellsworth Pl,Chapel Hill NC 27516
Susan Nunn Stalder,100 Ellsworth Pl,Chapel Hill NC 27516
James Cooper Stanford,201 Robert Hunt Dr,Carrboro NC 27510
Lyda Merkel Stanford,201 Robert Hunt Dr,Carrboro NC 27510
Patricia Stanford,1800 N Greensboro St,Chapel Hill NC 27516
William James Stanford,201 Robert Hunt Dr,Carrboro NC 27510
James Robert Stangle Jr,401 Cates Farm Rd,Chapel Hill NC 27516
Joshua David Starmer,306 Forest Ct,Carrboro NC 27510
Sheryl A Starnes,302 Wyndham Dr,Chapel Hill NC 27516
Robert Lee St Claire III,204 Wyndham Dr,Chapel Hill NC 27516
Karen Sue Klager St Claire,204 Wyndham Dr,Chapel Hill NC 27516
Patricia Barretta Steele,302 Sunset Creek Cir,Chapel Hill NC 27516
Robert Michael Steele,302 Sunset Creek Cir,Chapel Hill NC 27516
Alan David Stein-Seroussi,109 Creekview Cir,Carrboro NC 27510
Rebecca Thea Stern,103 Roger Cook Ct,Carrboro NC 27510
Richard Thomas Stern,106 Stratford Dr,Chapel Hill NC 27516
Daniel Philip Stevens,332 Sunset Creek Cir,Chapel Hill NC 27516
Lois Mary Stewart,215 Robert Hunt Dr,Carrboro NC 27510
Vincent Stewart,215 Robert Hunt Dr,Carrboro NC 27510
Garry Kevin Stewman,105 John Martin Ct,Carrboro NC 27510
Lorraine Randi Stewman,105 John Martin Ct,Carrboro NC 27510
Katherine Marie Stimpson,303 Morningside Dr,Carrboro NC 27510
Marguerite Decarli Stimpson,303 Morningside Dr,Carrboro NC 27510
Elena St Jean,1212 Hillsborough Rd,Chapel Hill NC 27516
Una D Stone,112 Rock Spring Ct,Carrboro NC 27510
Frank Gustav Strohlein,126 Colfax Dr,Chapel Hill NC 27516
Wesley Raymond Strunk,304 Robert Hunt Dr,Carrboro NC 27510
Angelina Marbibi Sudario-Cook,100 Robert Hunt Dr,Carrboro NC 27510
Deborah Davison Sullivan,300 Robert Hunt Dr,Carrboro NC 27510
Claire Margolin Superak,503 Robert Hunt Dr,Carrboro NC 27510
Hillary Margolin Superak,503 Robert Hunt Dr,Carrboro NC 27510
Peter Andrew Superak,503 Robert Hunt Dr,Carrboro NC 27510
Dirce Catue Suzuki-Burgess,101 Roger Cook Ct,Carrboro NC 27510
James Randolph Symon,705 Bolin Creek Dr,Carrboro NC 27510
Mark A Tachman,102 Hanford Rd,Chapel Hill NC 27516
Jeffrey Marc Taekman,316 Sunset Creek Cir,Chapel Hill NC 27516
Joseph Warren Tart,100 Buckeye Ln,Chapel Hill NC 27516
Andrea Beth Taylor,108 Garden Gate Dr,Chapel Hill NC 27516
Grace Meyer Taylor,513 Cates Farm Rd,Chapel Hill NC 27516
John Serge Taylor,108 Garden Gate Dr,Chapel Hill NC 27516
Kenneth Eugene Taylor,304 Bolin Creek Dr,Carrboro NC 27510
Kenneth Ray Taylor Jr,216 Tripp Farm Rd,Chapel Hill NC 27516
Meghan Michele Taylor,216 Tripp Farm Rd,Chapel Hill NC 27516
Melinda Mary Taylor,108 Buck Taylor Trl,Chapel Hill NC 27516
Samuel Brinton Taylor,513 Cates Farm Rd,Chapel Hill NC 27516
Sue Dale Taylor,PO Box 814,Carrboro NC 27510
Taylor Kurz Tazewell,102 Webb Dr,Carrboro NC 27510
Rhonda Kay Teague,205 Oak Glen Pl,Chapel Hill NC 27516
Michael Alexis Tejada,116 Spring Valley Rd,Carrboro NC 27510
Ernest David Templeton Jr,117 Stratford Dr,Chapel Hill NC 27516
Kathleen Winslow Templeton,117 Stratford Dr,Chapel Hill NC 27516
Kimberly G Thigpen-Tart,100 Buckeye Ln,Chapel Hill NC 27516
Christopher Erben Thomas,328 Sunset Creek Cir,Chapel Hill NC 27516
Deborah Archer Thomas,328 Sunset Creek Cir,Chapel Hill NC 27516
Walter George Thomason,211 Cates Farm Rd,Chapel Hill NC 27516
William Washington Thomas III,120 Waverly Forest Ln,Chapel Hill NC 27516
Gregory David Thompson,203 Farm House Dr,Chapel Hill NC 27516
Heather Shirley Thompson,205 Morningside Dr,Carrboro NC 27510
Kathleen L Thompson,108 Calumet Ct,Carrboro NC 27510
Wendolyn J Thompson,203 Farm House Dr,Chapel Hill NC 27516
Sarah Chamberlayne Thomsen,108 Morningside Dr,Carrboro NC 27510
Brian Devoe Thornburg,102 Cobblestone Pl,Chapel Hill NC 27516
Karen Lisa Thornburg,102 Cobblestone Pl,Chapel Hill NC 27516
Seth David Tice-Lewis,104 Circadian Way,Chapel Hill NC 27516
Stacey Lin Tompkins,304 Forest Ct,Carrboro NC 27510
Martin Paul Tornai,207 Waterside Dr,Carrboro NC 27510
Bradley Allan Torok,2102 Pathway Dr,Chapel Hill NC 27516
James R Toscano,104 Wrenn Pl,Chapel Hill NC 27516
Frank Charles Tozier,1550 Pathway Dr,Carrboro NC 27510
William Daniel Tracey Jr,221 Stratford Dr,Chapel Hill NC 27516
Anne Maura Trainor,105 Morningside Dr,Carrboro NC 27510
Carlin Traugott-Campbell,1541 Pathway Dr,Carrboro NC 27510
Lauren Traugott-Campbell,1541 Pathway Dr,Carrboro NC 27510
Sue Louise Treuman,108 Waverly Forest Ln,Chapel Hill NC 27516
William Eugene Treuman,108 Waverly Forest Ln,Chapel Hill NC 27516
James David Trier,106 Spring Valley Rd,Carrboro NC 27510
Melissa Anne Troester,101 Amber Ct,Carrboro NC 27510
Young Kinh Truong,105 Rock Spring Ct,Carrboro NC 27510
Julia Tyler Perry Tsang,104 Garden Gate Dr,Chapel Hill NC 27516
William X Tsang,104 Garden Gate Dr,Chapel Hill NC 27516
James K Tsuruta,117 Circadian Way,Chapel Hill NC 27516
Bernice Buettner Tucker,404 Tripp Farm Rd,Chapel Hill NC 27516
William McGee Tucker,404 Tripp Farm Rd,Chapel Hill NC 27516
Melissa Calderwood Tukey,111 Rock Spring Ct,Carrboro NC 27510
Craig William Turner,306 Tripp Farm Rd,Chapel Hill NC 27516
Scott Andrew Turner,306 Tripp Farm Rd,Chapel Hill NC 27516
Timothy L Turner,105 Sudbury Ln,Chapel Hill NC 27516
Virginia Ann Turner,306 Tripp Farm Rd,Chapel Hill NC 27516
Joseph W Tynan,110 Buck Taylor Trl,Chapel Hill NC 27516
Joseph William Tynan Jr,110 Buck Taylor Trl,Chapel Hill NC 27516
Maureen T Tynan,110 Buck Taylor Trl,Chapel Hill NC 27516
Janet Mary Ulmer,405 Bolin Creek Dr,Carrboro NC 27510
Edward Thomas Underwood,106 Cobblestone Pl,Chapel Hill NC 27516
Elizabeth Pausewang Underwood,106 Cobblestone Pl,Chapel Hill NC 27516
Banu Valladares,1509 High School Rd,Chapel Hill NC 27516
Deborah A Vanderford,129 Cobblestone Dr,Chapel Hill NC 27516
Joseph B Vanderford,129 Cobblestone Dr,Chapel Hill NC 27516
Eliane Suzanne Van Horn,506 Bolin Creek Dr,Carrboro NC 27510
Jonathan Gordon Van Horn,506 Bolin Creek Dr,Carrboro NC 27510
Joan Kozel Van Ord,100 Sunset Ridge Ln,Chapel Hill NC 27516
Daniel Patrick Vaughan,202 Blueridge Rd,Carrboro NC 27510
Daisy Hatley Vickers,105 Spring Valley Rd,Carrboro NC 27510
Jane Evans Vincent,129 Circadian Way,Chapel Hill NC 27516
William Vizuete,104 Fairfield Ct,Chapel Hill NC 27516
Anna Margaret Von Allmen,104 Buckeye Ln,Chapel Hill NC 27516
Carolyn Rye Vonallmen,201 Bruton Dr,Chapel Hill NC 27516
Daniel Vonallmen,206 Wyndham Dr,Chapel Hill NC 27516
Douglas Clayton Von Allmen,206 Wyndham Dr,Chapel Hill NC 27516
Emily Antoinette Vonallmen,206 Wyndham Dr,Chapel Hill NC 27516
Karl Frederick Von Allmen,206 Wyndham Dr,Chapel Hill NC 27516
Lisa Ann Voss,401 Rockgarden Dr,Chapel Hill NC 27516
John Daniel Vrnak,106 Yeargen Pl,Chapel Hill NC 27516
Mary B Vrnak,106 Yeargen Pl,Chapel Hill NC 27516
Laura Rose Wagner,402 Forest Ct,Carrboro NC 27510
Hissan Camran Waheed,505 Waterside Dr,Carrboro NC 27510
Suramya Waidyanatha,502 Rockgarden Dr,Chapel Hill NC 27516
Rebecca Ruth Wait,104 Canton Ct,Chapel Hill NC 27516
Aimee Nicole Wall,130 Creekview Cir,Carrboro NC 27510
Steve Wall,130 Creekview Cir,Carrboro NC 27510
Erin Michelle Warshany,207 Stratford Dr,Chapel Hill NC 27516
Joyce Chase Watkins,211 Blueridge Rd,Carrboro NC 27510
Carmen Stambuk Watson,2207 Pathway Dr,Chapel Hill NC 27516
Hannah Louise Stein Watson,107 Buck Taylor Trl,Chapel Hill NC 27516
Harry L Watson,107 Buck Taylor Trl,Chapel Hill NC 27516
William Paul Watson,2207 Pathway Dr,Chapel Hill NC 27516
Laura Ann Weaver,113 Garden Gate Dr,Chapel Hill NC 27516
Paul Joseph Weaver,113 Garden Gate Dr,Chapel Hill NC 27516
Robert David Weaver,104 Morningside Dr,Carrboro NC 27510
Alexander Grady Webb III,1222 Hillsborough Rd,Chapel Hill NC 27516
Carolyn Rittenbury Webb,1222 Hillsborough Rd,Chapel Hill NC 27516
Sharon Lynne Weed,P.o. Box 658,Carrboro NC 27510
Lena Sara Wegner,104 Cobblestone Pl,Chapel Hill NC 27516
Scott Richard Wegner,104 Cobblestone Pl,Chapel Hill NC 27516
Cary Alan Weinberger,107 Spring Valley Rd,Carrboro NC 27510
Bryan Jeffrey Weiner,408 Waterside Dr,Carrboro NC 27510
Rachel Tavares Welch,106 Sudbury Ln,Chapel Hill NC 27516
Lisa Christine Welker,202 Barington Hills Rd,Chapel Hill NC 27516
Molly Elizabeth Wells,707 Bolin Creek Dr,Carrboro NC 27510
Ryan Christopher Wells,707 Bolin Creek Dr,Carrboro NC 27510
Cheryl L Wendel,100 Sudbury Ln,Chapel Hill NC 27516
Dean C Wendel,100 Sudbury Ln,Chapel Hill NC 27516
Jennifer Beaty West,101 Bruton Dr,Chapel Hill NC 27516
Lee Alan Westover,110 Suffolk Pl,Chapel Hill NC 27516
Rebekah C Westover,110 Suffolk Pl,Chapel Hill NC 27516
Kathryn Whetten,2105 Pathway Dr,Chapel Hill NC 27516
Rachel Anne D'Alvia Whetten,2105 Pathway Dr,Chapel Hill NC 27516
Susan Michelle Whichard,509 Rockgarden Dr,Chapel Hill NC 27516
Margaret C White,1216 Hillsborough Rd,Chapel Hill NC 27516
Matthew Hanlin White,300 Tripp Farm Rd,Chapel Hill NC 27516
Renee Suzette White,2000 Pathway Dr,Chapel Hill NC 27516
Judith Waylett Whitford,315 Sunset Creek Cir,Chapel Hill NC 27516
John Glen Wick,707 Bolin Creek Dr,Carrboro NC 27510
Joan Karen Widdifield,128 Creekview Cir,Carrboro NC 27510
Gabrielle Wienburg,2201 Pathway Dr,Chapel Hill NC 27516
Benjamin Russell Wiener,127 Colfax Dr,Chapel Hill NC 27516
Tiffany Dawn Wilborn,102 Fairfield Ct,Chapel Hill NC 27516
Kendall Way Williams,109 Ellsworth Pl,Chapel Hill NC 27516
Mary Stevens Williams,415 Waterside Dr,Carrboro NC 27510
Michael Preston Williford,123 Cobblestone Dr,Chapel Hill NC 27516
Michael Thomas Willoughby,509 Rockgarden Dr,Chapel Hill NC 27516
Carol Ellen Wilson,104 Suffolk Pl,Chapel Hill NC 27516
Pier Angela Wilson Crocker,1210 Hillsborough Rd,Chapel Hill NC 27516
Darcy Louise Wilson,202 Morningside Dr,Carrboro NC 27510
Dionne Dobson Wilson,PO Box 4952,Chapel Hill NC 27515
Edward Robert Wilson,104 Suffolk Pl,Chapel Hill NC 27516
Laura Ann Wilson,103 Circadian Way,Chapel Hill NC 27516
Carol Baker Wilt,104 Wyndham Dr,Chapel Hill NC 27516
Dean Alfred Wilt,104 Wyndham Dr,Chapel Hill NC 27516
Dennis Paul Wipper,200 Wyndham Dr,Chapel Hill NC 27516
Terrill Pedersen Wipper,200 Wyndham Dr,Chapel Hill NC 27516
Patricia Joan Wolf,105 Wild Oak Ln,Carrboro NC 27510
Thomas Wolf,105 Wild Oak Ln,Carrboro NC 27510
Sylvia Lucena Woodgates,200 Autumn Dr,Chapel Hill NC 27516
Brian Christopher Woods,1309 Homestead Rd,Chapel Hill NC 27516
Carrie Marsha Woods,2210 Pathway Dr,Chapel Hill NC 27516
Nadine Debalko Woods,PO Box 17295,Chapel Hill NC 27516
Nancy Katharine Woods,125 Circadian Way,Chapel Hill NC 27516
John Wayne Woodson,105 Millrock Ct,Carrboro NC 27510
Jordan Scott Woodson,105 Millrock Ct,Carrboro NC 27510
Robert Austin Woods Sr,PO Box 17295,Chapel Hill NC 27516
James William Workman,130 Cobblestone Dr,Chapel Hill NC 27516
Holly Michelle Worthen,102 Forest Ct,Carrboro NC 27510
Heidi Ann Wulczyn,103 Gracewood Pl,Chapel Hill NC 27516
James Herbert Wulforst,307 Autumn Dr,Chapel Hill NC 27516
Leigh Lemaitre Wulforst,307 Autumn Dr,Chapel Hill NC 27516
Hope Deloris Wyss,605 Bolin Creek Dr,Carrboro NC 27510
Paul Michael Wyss,605 Bolin Creek Dr,Carrboro NC 27510
Paul Yee,104 Robert Hunt Dr,Carrboro NC 27510
Karen Heather Yeowell,1214 Hillsborough Rd,Chapel Hill NC 27516
Jan J Yopp,506 Robert Hunt Dr,Carrboro NC 27510
Michael Tate Yopp,506 Robert Hunt Dr,Carrboro NC 27510
Lynn Catherine York,116 Waverly Forest Ln,Chapel Hill NC 27516
Brian David Young,205 Forest Ct,Carrboro NC 27510
Donald Young,100 Wrenn Pl,Chapel Hill NC 27516
Marci Jo Zampi,201 Sunset Creek Cir,Chapel Hill NC 27516
Cynthia Renee Zava,PO Box 399,Carrboro NC 27510
David Clay Zava,103 Sunset Ridge Ln,Chapel Hill NC 27516
Clara Josephine Zelasky,105 Gracewood Pl,Chapel Hill NC 27516
Kerry Cecelia Zellmer,209 Waterside Dr,Carrboro NC 27510
Andrew Zenn,503 Cates Farm Rd,Chapel Hill NC 27516
Michael R Zenn,503 Cates Farm Rd,Chapel Hill NC 27516
Susan Speer Zenn,503 Cates Farm Rd,Chapel Hill NC 27516
Weifan Zheng,104 Sunset Ridge Ln,Chapel Hill NC 27516
Angela Floyd Zimmerman,302 Wyndham Dr,Chapel Hill NC 27516
Leah Rose Zipkin,209 Stratford Dr,Chapel Hill NC 27516
Denniz Asad Zolnoun,1600 Pathway Dr,Carrboro NC 27510
John Lawrence Zornick,101 William White Ct,Carrboro NC 27510
John Lawrence Zornick Jr,101 William White Ct,Carrboro NC 27510
David Todd Zweidinger,314 Blueridge Rd,Carrboro NC 27510
