Martha Elizabeth Alexander,140 Bpw Club Rd #F-24,Carrboro NC 27510
Elizabeth Marie Anderson,1000 Smith Level Rd #H6,Carrboro NC 27510
Philip L Atkins,103 Misty Pines Pl,Carrboro NC 27510
Sarah Elizabeth Austin,1000 Smith Level Rd #D14,Carrboro NC 27510
Kelli Amanda Bacon,1000 Smith Level Rd #M10,Carrboro NC 27510
Jane Mizelle Bailey,1000 Smith Level Rd #J19,Carrboro NC 27510
Dawn Michelle Berry,180 Bpw Club Rd #P2,Carrboro NC 27510
Kourtney Renee Bevill,180 Bpw Club Rd #E7,Carrboro NC 27510
Louise Vollers Bolton,180 Bpw Club Rd #U6,Carrboro NC 27510
Jesse Campbell Bradford,180 Bpw Club Rd #T-9,Carrboro NC 27510
Linda Jackson Brown,180 Bpw Club Rd #N11,Carrboro NC 27510
Jaime Nicole Campbell,1000 Smith Level Rd #L19,Carrboro NC 27510
Michael James Cato,403 Rossburn Way,Chapel Hill NC 27516
Emily L Chavez,PO Box 3511,Chapel Hill NC 27515
Leeann Arrington Churchill,602 Manor Ridge Dr,Carrboro NC 27510
Robin Sayre Churchill,602 Manor Ridge Dr,Carrboro NC 27510
Laurie Christine Comfort,303 Smith Level Rd #A13,Chapel Hill NC 27516
Robert Baskin Cooper,1000 Smith Level Rd #P8,Carrboro NC 27510
Ashley James Cowan,825 Valerie Dr,Raleigh NC 27606
Eric Brandon Creed,180 Bpw Club Rd #N-10,Carrboro NC 27510
Shawn Michael Crowder,1000 Smith Level Rd #V7,Carrboro NC 27510
James M Dawson,701 Manor Ridge Dr,Carrboro NC 27510
Monique Anne Dever,101 Gateridge Pl,Carrboro NC 27510
Peter John Dever,101 Gateridge Pl,Carrboro NC 27510
Nina Diprimio,140 Bpw Club Rd #B5,Carrboro NC 27510
Leslie Jones Dyess,313 Rossburn Way,Chapel Hill NC 27516
William Robert Feeney,100 Rock Haven Rd #K306,Carrboro NC 27510
Caral Fay Franke,405 Smith Level Rd,Chapel Hill NC 27516
Trinity Carlee Garvey,101 Rock Haven Rd #F604,Carrboro NC 27510
Adrienne Paige Giddens,140 Bpw Club Rd #E16,Carrboro NC 27510
Sarah McQuail Goodnight,100 Misty Pines Pl,Carrboro NC 27510
Justin Nicholas Goodnite,100 Rock Haven Rd #J-202,Carrboro NC 27510
Bettie Lou Williams Graham,103 Culbreth Rd #303,Chapel Hill NC 27516
Joseph Donald Gustainis,300 Rossburn Way,Chapel Hill NC 27516
Mary Ellen Gustainis,300 Rossburn Way,Chapel Hill NC 27516
Richard Galen Hatfield,102 Oak Spring Ct,Carrboro NC 27510
Della Hayden,303 Smith Level Rd #B31,Chapel Hill NC 27516
Lynn Sowder Hillman,1000 Smith Level Rd #G9,Carrboro NC 27510
Tiffany Mercedes Holung,1000 Smith Level Rd #H4,Carrboro NC 27510
Manda Lea Hudson,400 Rossburn Way,Chapel Hill NC 27516
Alicia Yevon Huff,303 Smith Level Rd #A13,Chapel Hill NC 27516
Ronald Jerzy Jacak,140 Bpw Club Rd #A3,Carrboro NC 27510
Pauline R Jacobs,103 Culbreth Rd #207,Chapel Hill NC 27516
Amy Michelle Jaworski,303 Smith Level Rd #C32,Chapel Hill NC 27516
Patrick Evan Johnson,1000 Smith Level Rd #G11,Carrboro NC 27510
Angela Maria Lanza,180 Bpw Club Rd #H8,Carrboro NC 27510
Brittany Marie Larson,303 Smith Level Rd #D-21,Chapel Hill NC 27516
Justin Stark Lefkowitz,180 Bpw Club Rd #M13,Carrboro NC 27510
Matthew William Leroy,100 Rock Haven Rd #K103,Carrboro NC 27510
Sarah Margaret Leroy,100 Rock Haven Rd #K103,Carrboro NC 27510
Dolores Helen Lloyd,1000 Smith Level Rd #L17,Carrboro NC 27510
Lantz C Mackey,1000 Smith Level Rd #J20,Carrboro NC 27510
Justin Thomas Malinowski,1000 Smith Level Rd #N-14,Carrboro NC 27510
Michelle Lloyd Manning,100 Rock Haven Rd #204h,Carrboro NC 27510
Gary Everett Martin,100 Rock Haven Rd #M102,Carrboro NC 27510
Megale Deann McDaniels,607 Manor Ridge Dr,Carrboro NC 27510
Jordan Tyler McGuire,1000 Smith Level Rd #J18,Carrboro NC 27510
Leann Jean McKenzie,100 Rock Haven Rd #Q104,Carrboro NC 27510
Taylar Paige Middleton,101 Rock Haven Rd #E504,Carrboro NC 27510
Gerald Michael Miller,1000 Smith Level Rd #U3,Carrboro NC 27510
Michael Gregory Miller,303 Smith Level Rd #B34,Chapel Hill NC 27516
Celeste Alessandra Mitchell,100 Rock Haven Rd #L201,Carrboro NC 27510
Katharine Kendra Leigh Mitchell,303 Smith Level Rd #B21,Chapel Hill NC 27516
Alyssa Lauren Jane Newton,140 Bpw Club Rd #B7,Carrboro NC 27510
Shannon Renee Odom,1000 Smith Level Rd #O-9,Carrboro NC 27510
Garry Owen Ogrady,400 Manor Ridge Dr,Carrboro NC 27510
Jill Cathaline Okane,202 Manor Ridge Dr,Carrboro NC 27510
Samuel Joseph Okane,202 Manor Ridge Dr,Carrboro NC 27510
Bert Howard Oneil,208 Manor Ridge Dr,Carrboro NC 27510
Elizabeth Rose Polley,202 Morgan Hill Ct,Carrboro NC 27510
Erica Rose Polley,202 Morgan Hill Ct,Carrboro NC 27510
Richard Craig Polley,202 Morgan Hill Ct,Carrboro NC 27510
Benjamin Matthew Posey,303 Smith Level Rd #F22,Chapel Hill NC 27516
Brandon William Prince,1000 Smith Level Rd #N-7,Carrboro NC 27510
Keith Robert Raitano,301 Orchard Ln,Carrboro NC 27510
Lois Eunmie Reid,1000 Smith Level Rd #F10,Carrboro NC 27510
Bryan Patrick Roach,140 Bpw Club Rd #C16,Carrboro NC 27510
Amy Ellen Samuels,302 Rossburn Way,Chapel Hill NC 27516
Maria Joan Sanchez,180 Bpw Club Rd #L8,Carrboro NC 27510
Courtney Lauren Schnabel,303 Smith Level Rd #D12,Chapel Hill NC 27516
Lauren Christine Schnepper,303 Smith Level Rd #34d,Chapel Hill NC 27516
Bren Murray Sparling,411 Rossburn Way,Chapel Hill NC 27516
Lisa Marie Spencer,303 Smith Level Rd #A13,Chapel Hill NC 27516
Margaret Alston Coe Spivey,103 Culbreth Rd #302,Chapel Hill NC 27516
Carol Ann Sundheimer,180 Bpw Club Rd #L11,Carrboro NC 27510
Kristyn Nicole Swan,100 Rock Haven Rd #G206,Carrboro NC 27510
Jacob Garvey Sweat,140 Bpw Club Rd #B21,Carrboro NC 27510
Jason Allen Tapley,180 Bpw Club Rd #H-1,Carrboro NC 27510
Dwain Posey Teague,100 Rock Haven Rd #D-102,Carrboro NC 27510
Samuel Robert Thornton,180 Bpw Club Rd #L14,Carrboro NC 27510
Christian Randolph Tyner,140 Bpw Club Rd #D23,Carrboro NC 27510
Melody Susan Hoskins Van Lidth De Jeude,105 Bpw Club Rd #B,Carrboro NC 27510
Peter Cornelis Philip Van Lidth De Jeude,105 Bpw Club Rd #B,Carrboro NC 27510
Ashley Estelle Walker,101 Rock Haven Rd #102-A,Carrboro NC 27510
Mark Andrew Weinberg,104 Juniper Ct,Carrboro NC 27510
Jeffrey Scott Widmayer,1000 Smith Level Rd #E-10,Carrboro NC 27510
