Sergio Acero,102 Raven Ln,Carrboro NC 27510
Kathryn Marie Ahrens,202 Jones Ferry Rd #B,Carrboro NC 27510
Zachary Leon Alderson,105 Fidelity St #B-14,Carrboro NC 27510
Emily Morgan Allison,222 Old Fayetteville Rd #E206,Carrboro NC 27510
Althea Dellaura Anderson,400 Davie Rd #44,Carrboro NC 27510
Kenneth Alexander Anderson,119 Fidelity St #D5,Carrboro NC 27510
Nicholas Longworth Anderson,118 Bim St #E,Carrboro NC 27510
Violet May Anderson,201 NC Hwy 54 Byp #732,Carrboro Nc 27510
Robert Stephen Andrews,201 NC Hwy 54 Byp #215,Carrboro Nc 27510
Catherine Elizabeth Angst,109 W Poplar Ave #K,Carrboro NC 27510
Lavonne Bonnie Ansbacher,600 W Poplar Ave #137,Carrboro NC 27510
Jennifer Lee Ariansen,121 Westview Dr #41,Carrboro NC 27510
Susan Joan Arthur,203a Davie Rd,Carrboro NC 27510
Lance Richard Ashley,605 W Main St #303,Carrboro NC 27510
Anthony Baffour Awuah,101 NC Hwy 54 Byp #E1,Carrboro Nc 27510
Ayodeji Abayomi Olutimi Ayankoya,200 Gary Rd,Carrboro NC 27510
Betsy Clifton Ayankoya,200 Gary Rd,Carrboro NC 27510
Natalie Jean Baerlocher,320 Davie Rd,Carrboro NC 27510
Lindsey Johanna Barlow,119 Fidelity St #A4,Carrboro NC 27510
Heather Lynn Barnes,121 Westview Dr #10,Carrboro NC 27510
Emily Jean Bass,202 Jones Ferry Rd,Carrboro NC 27510
Andrew Wyatt Bawden,222 Old Fayetteville Rd #A105,Carrboro NC 27510
Aimee Friedman Bazin,1101 W Main St #B,Carrboro NC 27510
Margaret Elizabeth Beckner,202 W Poplar Ave #B,Carrboro NC 27510
Alyssa Lynn Beglin,222 Old Fayetteville Rd #D106,Carrboro NC 27510
Chloe Ember Benjamin,101 NC Hwy 54 Byp #A-2,Carrboro Nc 27510
Cory Trevor Benton,101 NC Hwy 54 Byp #H5,Carrboro Nc 27510
John William Berninger,112 NC Hwy 54 Byp #M-2,Carrboro Nc 27510
Mary Patricia Biek,204 Lynn Dr,Carrboro NC 27510
Mary Lynn Billet,222 Old Fayetteville Rd #D-207,Carrboro NC 27510
Ashley Nichole Bishop,201 NC Hwy 54 Byp #728,Carrboro Nc 27510
Beverly Houston Blaisdell,600 W Poplar Ave #229,Carrboro NC 27510
Tabitha Aaron Bolden,200 NC Hwy 54 Byp #G304,Carrboro Nc 27510
Dawn Michelle Bowes,300 Davie Rd,Carrboro NC 27510
Kathryn Pierson Bowman,222 Old Fayetteville Rd #E205,Carrboro NC 27510
Brooke Preston Boyer,113 W Poplar Ave,Carrboro NC 27510
Ayanna Celeste Bradshaw-Sydnor,112 NC Hwy 54 Byp #F-6,Carrboro Nc 27510
Galen Russel Bratton,119 Fidelity St #C-4,Carrboro NC 27510
Robert Elijah Broadhurst,114 Bim St #A,Carrboro NC 27510
Katherine Jordan Brooks,121 Westview Dr #44,Carrboro NC 27510
Francesca Hope Brown,112 NC Hwy 54 Byp #B4,Carrboro Nc 27510
Joe Edward Brown,404 Jones Ferry Rd #D3,Carrboro NC 27510
Adam John Bruehl,222 Old Fayetteville Rd #M305,Carrboro NC 27510
Joy M Bryde,1101 W Main St #A,Carrboro NC 27510
Michael Wallace Burch,100 Kay St #A,Carrboro NC 27510
Tiffany Elaine Burrus,112 NC Hwy 54 Byp #B7,Carrboro Nc 27510
Maria Begona Buxens,105 Fidelity St #A-16,Carrboro NC 27510
Vericka Laverne Bynum,PO Box 881,Chapel Hill NC 27514
Matthew Walter Byrd,56 Fidelity Ct,Carrboro NC 27510
Thomas Christopher Byrd,303 W Poplar Ave #B,Carrboro NC 27510
Colin Matthew Callahan,101 NC Hwy 54 Byp #D7,Carrboro Nc 27510
Luke Campagnola,105 Fidelity St #A48,Carrboro NC 27510
Jennifer Fox Campbell,222 Old Fayetteville Rd #K204,Carrboro NC 27510
Robert Adrian Campbell Jr,222 Old Fayetteville Rd #K204,Carrboro NC 27510
Kristina Marie Canipe,101 NC Hwy 54 Byp #L8,Carrboro Nc 27510
Steve David Cappell,222 Old Fayetteville Rd #D308,Carrboro NC 27510
Mary Anne Cariello,201 NC Hwy 54 Byp #209,Carrboro Nc 27510
Mallory Erin Carl,102 Laurel Ave,Carrboro NC 27510
Caitlyn Michelle Caron,101 NC Hwy 54 Byp #J4,Carrboro Nc 27510
Paul Daniel Carter,101 NC Hwy 54 Byp #D8,Carrboro Nc 27510
Blanche Amanda Case,124 Fidelity St #2,Carrboro NC 27510
Camille Alena Casses,121 Westview Dr #19,Carrboro NC 27510
Steven Alan Chall,201 NC Hwy 54 Byp #703,Carrboro Nc 27510
Jackie Taylor Chamblee,600 W Poplar Ave #221,Carrboro NC 27510
Joyce C Chapman,112 Bim St #C,Carrboro NC 27510
May-Lynne Christino Chen-Contino,222 Old Fayetteville Rd #A-108,Carrboro NC 27510
Emily Weimin Cheng,119 Fidelity St #H-4,Carrboro NC 27510
Andrew Timohty Chin,400 W Poplar Ave,Carrboro NC 27510
Sophia Young Chung,105 Fidelity St #A-51,Carrboro NC 27510
Stacey Lee Clarke,201 NC Hwy 54 Byp #713,Carrboro Nc 27510
Melissa Dawn Clendening,112 NC Hwy 54 Byp #L3,Carrboro Nc 27510
Adam John Clevenstine,112 NC Hwy 54 Byp #P-3,Carrboro Nc 27510
Elizabeth Clore,112 NC Hwy 54 Byp #O4,Carrboro Nc 27510
Richard Alan Coane,112 NC Hwy 54 Byp #X3,Carrboro Nc 27510
Kimberly Ann Coggan,101 NC Hwy 54 Byp #C1,Carrboro Nc 27510
John Feldon Coleman,404 Jones Ferry Rd #G20,Carrboro NC 27510
Siobhan Eileen Colgan,303 Westview Dr #A,Carrboro NC 27510
Steven Francis Collins,201 NC Hwy 54 Byp #630,Carrboro Nc 27510
Jamey Leigh Cook,112 NC Hwy 54 Byp #N3,Carrboro Nc 27510
Beverly Alane Cordes,112 NC Hwy 54 Byp #O-1,Carrboro Nc 27510
Matthew John Corey,200 NC Hwy 54 Byp #302-E,Carrboro Nc 27510
Megan Cornish,201 W Poplar Ave,Carrboro NC 27510
Courtney Lynn Cosgrove,400 Davie Rd #26,Carrboro NC 27510
Ronnie Chatry Cozart,107 Glosson Cir #A,Carrboro NC 27510
Chad Everett Craig,200 NC Hwy 54 Byp #A202,Carrboro Nc 27510
Andeliene Vienna Croce,110 W Poplar Ave,Carrboro NC 27510
Catherine Chou Cruz,222 Old Fayetteville Rd #E-201,Carrboro NC 27510
Jennifer Lynn Curcio,222 Old Fayetteville Rd #G206,Carrboro NC 27510
Robert Johnson Daniels,121 Westview Dr #31,Carrboro NC 27510
Joseph Aaron Davenport,200 NC Hwy 54 Byp #N308,Carrboro Nc 27510
Bryan Joseph Davis,105 Fidelity St #B-26,Carrboro NC 27510
Rebecca A Davis,207 Gary Rd,Carrboro NC 27510
Jennifer Lynn Day,112 NC Hwy 54 Byp #B6,Carrboro Nc 27510
Robert Joseph Dearborn,105 Fidelity St #A25,Carrboro NC 27510
Courtney Blake Deconto,300 NC Hwy 54 W #A4,Carrboro Nc 27510
Cynthia Marie Deconto,102 Gary Rd,Carrboro NC 27510
Kaitlyn Anne Deconto,102 Gary Rd,Carrboro NC 27510
Marco Joseph Deconto,102 Gary Rd,Carrboro NC 27510
Ronald Deconto,102 Gary Rd,Carrboro NC 27510
Suzanne Elisabeth Deconto,102 Gary Rd,Carrboro NC 27510
Vanessa Magdalena Dejongh-Sutherland,119 Fidelity St #G4,Carrboro NC 27510
Forrest Eugene Demarcus,202 Davie Rd #B,Carrboro NC 27510
Bruce John Depyssler,400 Davie Rd #13,Carrboro NC 27510
Rakhee Shirish Devasthali,112 W Poplar Ave,Carrboro NC 27510
Beatrice Shontel Diaz,PO Box 52061,Durham NC 27717
Laura Doody,105 Fidelity St #A-50,Carrboro NC 27510
Erin E Dooley,101 NC Hwy 54 Byp #M-4,Carrboro Nc 27510
David Lawrence Dorsey,105 Fidelity St #B32,Carrboro NC 27510
Ryan McDonald Downs,615 W Main St #A,Carrboro NC 27510
Thomas A Dreis Jr,105 Fidelity St #A-35,Carrboro NC 27510
Irene L Dudley,600 W Poplar Ave #123,Carrboro NC 27510
William R Dudley,600 W Poplar Ave #123,Carrboro NC 27510
Erin L Dunbar,102 Lilac Dr,Carrboro NC 27510
Kyle Dean Duvall,400 Davie Rd #68,Carrboro NC 27510
Matthew David Duvall,202 Oleander Rd,Carrboro NC 27510
Keisha Archelle Earl,4728 Barn Swallow Dr,Chesapeake Va 23321
Annmarie Victoria Earnhardt,121 Westview Dr #56,Carrboro NC 27510
Brian Christian Edgar,124 Fidelity St #36,Carrboro NC 27510
Carola Catarina Ekelund,104 Raven Ln,Carrboro NC 27510
Miriam Liegh Elrod,PO Box 776,Carrboro NC 27510
William Stroud Erickson,222 Old Fayetteville Rd #H104,Carrboro NC 27510
Sandra Yvonne Erwin,101 Colson St,Carrboro NC 27510
Daniel Lee Espey Jr,1301 W Main St,Carrboro NC 27510
Amanda Marie Evans,121 Westview Dr #27,Carrboro NC 27510
Sara Park Faccidomo,222 Old Fayetteville Rd #E108,Carrboro NC 27510
Keith Anthony Fairclough,101 NC Hwy 54 Byp #K1,Carrboro Nc 27510
Jonathan Scott Faranda,222 Old Fayetteville Rd #L-302,Carrboro NC 27510
Brandice Bianca Farrar,200 NC Hwy 54 Byp #A104,Carrboro Nc 27510
Joshua Dewarrene Farrar,200 NC Hwy 54 Byp #A104,Carrboro Nc 27510
Richard Fee,102 Westview Dr,Carrboro NC 27510
Eric Ross Feld,222 Old Fayetteville Rd #D-303,Carrboro NC 27510
Michael Scott Ferraro,222 Old Fayetteville Rd #D204,Carrboro NC 27510
Lee Matson Ficker,200 NC Hwy 54 Byp #A303,Carrboro Nc 27510
Joey Ann Fink,201 NC Hwy 54 Byp #514,Carrboro Nc 27510
Kathryn Ann Fiscelli,105 Fidelity St #B-38,Carrboro NC 27510
Eric Wroblewski Fish,222 Old Fayetteville Rd #E108,Carrboro NC 27510
Mary Cordon Folds,400 Davie Rd #12,Carrboro NC 27510
Elena Claire Fowler,112 NC Hwy 54 Byp #N4,Carrboro Nc 27510
Amanda Lynnette Fox,124 Fidelity St #29,Carrboro NC 27510
Mitchell Robert Foxworth,205 W Poplar Ave #A,Carrboro NC 27510
Roderick Leon Foxx,703 Davie Rd,Carrboro NC 27510
Marcella Francis,101 NC Hwy 54 Byp #H8,Carrboro Nc 27510
Jean-Sebastien Franco,222 Old Fayetteville Rd #D106,Carrboro NC 27510
Matthew Martin Franke,201 NC Hwy 54 Byp #731,Carrboro Nc 27510
Amanda Louise French,112 NC Hwy 54 Byp #B7,Carrboro Nc 27510
Rachel Tolliver Freyer,112 NC Hwy 54 Byp #Q5,Carrboro Nc 27510
Angelia Lynn Frye,124 Fidelity St #26,Carrboro NC 27510
Adam Brian Fuss,222 Old Fayetteville Rd #I-305,Carrboro NC 27510
James Stillwater Garlick,121 Westview Dr #14,Carrboro NC 27510
Richard Park Garni,105 Fidelity St #B35,Carrboro NC 27510
Nicholas Meyer Gaskill,400 Davie Rd #9,Carrboro NC 27510
Bo Michael Gattis,400 Davie Rd #55,Carrboro NC 27510
Esther Carol Gerriets,600 W Poplar Ave #120,Carrboro NC 27510
Matthew Dale Gibbs,303 W Poplar Ave #B,Carrboro NC 27510
Daniel Fitzgerald Giblin,201 NC Hwy 54 Byp #518,Carrboro Nc 27510
Joshua Stephen Gies,200 NC Hwy 54 Byp #E103,Carrboro Nc 27510
Marguerite Jay Gignoux,106 W Poplar Ave,Carrboro NC 27510
Robert Joel Gilch,105 Fidelity St #B36,Carrboro NC 27510
Gail Marie Goers,400 Davie Rd #26,Carrboro NC 27510
Anna Goldstein,222 Old Fayetteville Rd #E-305,Carrboro NC 27510
Vanessa Gonzalez-Perez,222 Old Fayetteville Rd #E201,Carrboro NC 27510
Linda L Gosnell,624 Jones Ferry Rd,Carrboro NC 27510
Christopher Gene Todd Goss,322 Davie Rd #A,Carrboro NC 27510
Gregory Lamont Gray,111 Glosson Cir,Carrboro NC 27510
Jane Greenberg,101 NC Hwy 54 Byp #C4,Carrboro Nc 27510
James Nash Greene,105 Fidelity St #15-B,Carrboro NC 27510
Holly Marie Green,101 NC Hwy 54 Byp #N7,Carrboro Nc 27510
Kelley Ann Valerie Gregory,222 Old Fayetteville Rd #I-108,Carrboro NC 27510
Erin Elizabeth Griffin,201 NC Hwy 54 Byp #313,Carrboro Nc 27510
Grant Ewing Griffith,200 NC Hwy 54 Byp #K304,Carrboro Nc 27510
Greyson David Gsell,308 W Poplar Ave,Carrboro NC 27510
Stephen Jay Guy,112 NC Hwy 54 Byp #G8,Carrboro Nc 27510
Benjamin Daniel Haas,112 NC Hwy 54 Byp #J6,Carrboro Nc 27510
Anita N Hackney,112 NC Hwy 54 Byp #N-5,Carrboro Nc 27510
Traci Monique Hackney,PO Box 1265,Carrboro NC 27510
Charlotte Williams Hall,112 NC Hwy 54 Byp #S4,Carrboro Nc 27510
Kathryn Elizabeth Hall,101 NC Hwy 54 Byp #C-3,Carrboro Nc 27510
Shay Joseph Hall,200 NC Hwy 54 Byp #C-104,Carrboro Nc 27510
Zoe Augustina Hamstead,400 Davie Rd #41,Carrboro NC 27510
Amber Lynne Dutton Hanlon,222 Old Fayetteville Rd #E208,Carrboro NC 27510
Justin Moses Hannah,200 NC Hwy 54 Byp #E-101,Carrboro Nc 27510
David Edward Harbourt,201 NC Hwy 54 Byp #415,Carrboro Nc 27510
Geoffrey James Corey Harmon,222 Old Fayetteville Rd #E301,Carrboro NC 27510
Christina Kelly Harris,101 NC Hwy 54 Byp #L7,Carrboro Nc 27510
Julie Ann Harrold,101 Kay St,Carrboro NC 27510
Cathryn Mary Hartwell,112 NC Hwy 54 Byp #F7,Carrboro Nc 27510
Laura Elizabeth Haslam,200 NC Hwy 54 Byp #C104,Carrboro Nc 27510
Edward Michel Hatcher,201 Alabama Ave,Carrboro NC 27510
James Solley Hawk,605 W Main St #307,Carrboro NC 27510
Margaret Wells Hayslip,222 Old Fayetteville Rd #C-304,Carrboro NC 27510
Katherine Ann Hebert,105 Fidelity St #B-28,Carrboro NC 27510
Elizabeth Lee Heckle,201 NC Hwy 54 Byp #108,Carrboro Nc 27510
Joel Craig Hersh,108 Cathy Rd,Carrboro NC 27510
Stephanie Jane Hersh,108 Cathy Rd,Carrboro NC 27510
Frank Curtis Hewitt,101 NC Hwy 54 Byp #K3,Carrboro Nc 27510
Michelle Ann Hewitt,101 NC Hwy 54 Byp #K3,Carrboro Nc 27510
Brian Matthew Hill,101 NC Hwy 54 Byp #N1,Carrboro Nc 27510
Martha Elizabeth Hoelzer,400 Davie Rd #47,Carrboro NC 27510
Sidney Ellis Holdrege,PO Box 1197,Carrboro NC 27510
Steven John Holochwost,222 Old Fayetteville Rd #M-307,Carrboro NC 27510
Michael Iifar Ho,310 Davie Rd,Carrboro NC 27510
Sarah Lynne Honer,211 W Poplar Ave #A,Carrboro NC 27510
Lauren Elizabeth Hoots,100 Westview Dr,Carrboro NC 27510
Tara Lynn House,121 Westview Dr #53,Carrboro NC 27510
Edward Lee Huffman,307 W Poplar Ave,Carrboro NC 27510
Christopher Hunnicutt,222 Old Fayetteville Rd #M-105,Carrboro NC 27510
Aaron Matthew Hurst,222 Old Fayetteville Rd #E303,Carrboro NC 27510
Erin Miller Hurst,222 Old Fayetteville Rd #E303,Carrboro NC 27510
Melinda Jean Hutchison,119 Fidelity St #F-3,Carrboro NC 27510
Scott Bradley Ickes,121 Westview Dr #36,Carrboro NC 27510
Cameron Greer Isaacs,121 Westview Dr #50,Carrboro NC 27510
Amelia Jackson,112 NC Hwy 54 Byp #M8,Carrboro Nc 27510
Ariel Ann Jackson,200 NC Hwy 54 Byp #L301,Carrboro Nc 27510
Kathryn Virginia Jacobs,200 NC Hwy 54 Byp #B204,Carrboro Nc 27510
Nicholas L James,302 Davie Rd,Carrboro NC 27510
Pamela Powell Jankowski,222 Old Fayetteville Rd #A307,Carrboro NC 27510
Matthew Thomas Jansen,119 Fidelity St #B3,Carrboro NC 27510
Todd Matthew Jenkins,105 Fidelity St #B11,Carrboro NC 27510
Marc Allan Jeuland,105 Fidelity St #A44,Carrboro NC 27510
Sarah Ashley Johannes,222 Old Fayetteville Rd #C208,Carrboro NC 27510
Demarcus Devonte Johnson,103 Bert St,Carrboro NC 27510
Kathryn Suzanne Johnson,103 Keith Rd,Carrboro NC 27510
Marquita Janice Johnson,112 NC Hwy 54 Byp #C-2,Carrboro Nc 27510
Joshua Lacey Jones,222 Old Fayetteville Rd #C302,Carrboro NC 27510
William Scott Jones,502 W Poplar Ave #A1,Carrboro NC 27510
Marvin Lee Journell,209 Bim St,Carrboro NC 27510
James Robert Joyner,400 Davie Rd #49,Carrboro NC 27510
Eszter Alicianna Julian,200 Davie Rd #B,Carrboro NC 27510
Ryan Lee Kaliszewski,112 NC Hwy 54 Byp #B2,Carrboro Nc 27510
Betty Judith Kanner,201 NC Hwy 54 Byp #111,Carrboro Nc 27510
Kate Elizabeth Kawola,222 Old Fayetteville Rd #E-205,Carrboro NC 27510
Henry Albert Kearney IV,118½ Fidelity St,Carrboro NC 27510
Daniel Christopher Keeler,222 Old Fayetteville Rd #J301,Carrboro NC 27510
Scott Allen Kelly,222 Old Fayetteville Rd #H102,Carrboro NC 27510
Emily Ann Kennish,200 NC Hwy 54 Byp #N207,Carrboro Nc 27510
Lara Suzanne Kent,124 Fidelity St #10,Carrboro NC 27510
Christina Kester,404 Jones Ferry Rd #H16,Carrboro NC 27510
Rahul Khetrapal,222 Old Fayetteville Rd #G204,Carrboro NC 27510
David William Kikuchi,201 NC Hwy 54 Byp #310,Carrboro Nc 27510
Krystal Dawn King,200 NC Hwy 54 Byp #F204,Carrboro Nc 27510
Patrick John Kirby,105 Fidelity St #A37,Carrboro NC 27510
Gregory Klaiber,200 NC Hwy 54 Byp #B204,Carrboro Nc 27510
Eric David Knisley,201 NC Hwy 54 Byp #620,Carrboro Nc 27510
Sarah C Kocz,105 Fidelity St #A-35,Carrboro NC 27510
Bryan Williamson Koen,617 W Main St #B,Carrboro NC 27510
Bethany Ellen Kok,101 NC Hwy 54 Byp #K5,Carrboro Nc 27510
Jonathan Peter Kornicki,124 Fidelity St #24,Carrboro NC 27510
Christopher Andrew Kreutzer,806 Davie Rd,Carrboro NC 27510
Katy Elizabeth Kunst,101 NC Hwy 54 Byp #F6,Carrboro Nc 27510
Mark Robert Kurt,105 Fidelity St #B7,Carrboro NC 27510
Christopher Garvey Lackett,222 Old Fayetteville Rd #M-208,Carrboro NC 27510
Kara Jane Lafleur,110 Bim St,Carrboro NC 27510
Joshua Norman Lajoie,501 W Poplar Ave,Carrboro NC 27510
Elizabeth Anne Lambert,200 NC Hwy 54 Byp #G301,Carrboro Nc 27510
Ashley Marie Lanier,222 Old Fayetteville Rd #F308,Carrboro NC 27510
Christopher Andrew Lavender,201 NC Hwy 54 Byp #629,Carrboro Nc 27510
Robert Gerard Leblanc,222 Old Fayetteville Rd #K304,Carrboro NC 27510
Paul Jerome Leboeuf,119 Fidelity St #D5,Carrboro NC 27510
Cristina Caitlin Ledon-Rettig,121 Westview Dr #45,Carrboro NC 27510
Christopher Joonhai Lee,201 NC Hwy 54 Byp #521,Carrboro Nc 27510
James Phillip Lefler,121 Westview Dr #35,Carrboro NC 27510
Anthony George Lener,101 NC Hwy 54 Byp #M7,Carrboro Nc 27510
Andrea Lee Leone,101 Westview Dr,Carrboro NC 27510
Ryann B Linton,1101 W Main St #D,Carrboro NC 27510
Lucas Roy Little,102 Lilac Dr,Carrboro NC 27510
Joshua Adam Lloyd,101 Westview Dr,Carrboro NC 27510
Barrett Travis Lockley,201 NC Hwy 54 Byp #103,Carrboro Nc 27510
Brian Alexander Long,222 Old Fayetteville Rd #L202,Carrboro NC 27510
Zachary Carleton Long,705 Davie Rd,Carrboro NC 27510
Christopher Michael Lough,222 Old Fayetteville Rd #G-207,Carrboro NC 27510
Laura Bullins Lough,222 Old Fayetteville Rd #G207,Carrboro NC 27510
Ray Douglas Lovinggood,119-H2 Fidelity St,Carrboro NC 27510
Amy Elizabeth Lucas,222 Old Fayetteville Rd #A207,Carrboro NC 27510
William Joshua Lucas,201 NC Hwy 54 Byp #523,Carrboro Nc 27510
Wayne Gene Lundell,104 Hwy 54 Bypass #R-196,Carrboro NC 27510
Sarah Jean Lundy,1101 W Main St #C,Carrboro NC 27510
Matthew Lawrence Lyerly,112 NC Hwy 54 Byp #L2,Carrboro Nc 27510
Lorcan Alan Machett,PO Box 653,Chapel Hill NC 27514
Nancy G Maeder,400 Davie Rd #53,Carrboro NC 27510
Quy N Mai,222 Old Fayetteville Rd #L302,Carrboro NC 27510
Fadi Bassam Mansour,124 Fidelity St #14,Carrboro NC 27510
Christian Rochelle Manthey,404 Jones Ferry Rd #A15,Carrboro NC 27510
Jennifer Elizabeth Margules,112 NC Hwy 54 Byp #X-5,Carrboro Nc 27510
Lisa M Marion,1003 W Main St,Carrboro NC 27510
Shannon Markwordt,112 NC Hwy 54 Byp #H6,Carrboro Nc 27510
Mitchell Ray Marlow,121 Westview Dr #106,Carrboro NC 27510
Sara Marie Marston,201 NC Hwy 54 Byp #720,Carrboro Nc 27510
Elizabeth Leigh Mason-Deese,124 Fidelity St #27,Carrboro NC 27510
Christopher Kroboth Materese,222 Old Fayetteville Rd #E305,Carrboro NC 27510
Helen Camp Matthews,103 Westview Dr #J,Carrboro NC 27510
Jeanine Marie Matuszewski,201 NC Hwy 54 Byp #618,Carrboro Nc 27510
Gregory Peter Mavraganis,119 Fidelity St #G-3,Carrboro NC 27510
Anna Leigh Maxwell,116 Fidelity St #B,Carrboro NC 27510
Katherine Michelle Mayo,404 Jones Ferry Rd #F4,Carrboro NC 27510
Gregory Michael McAtee,112 NC Hwy 54 Byp #M5,Carrboro Nc 27510
Chase Elizabeth McBride,101 NC Hwy 54 Byp #M4,Carrboro Nc 27510
Lindy Michelle McClure,222 Old Fayetteville Rd #B201,Carrboro NC 27510
Kelsey Ann McCorkle,222 Old Fayetteville Rd #205c,Carrboro NC 27510
Daniel Ellison McDonald,102 Laurel Ave,Carrboro NC 27510
Heather Cecelia McEntire,500 Davie Rd #A,Carrboro NC 27510
Daniel Martin McGee,400 Davie Rd #12,Carrboro NC 27510
Jennifer Laurence McGinnis,502 W Poplar Ave #B1,Carrboro NC 27510
Katherine Leah McMullin,105 Fidelity St #B26,Carrboro NC 27510
Christopher Bower McQueen,101 Kay St,Carrboro NC 27510
Brian Peter Mehl,222 Old Fayetteville Rd #E305,Carrboro NC 27510
Jose Mesta,404 Jones Ferry Rd #A13,Carrboro NC 27510
Peter Earl Mestre,222 Old Fayetteville Rd #D-305,Carrboro NC 27510
Kasee Elizabeth Metcalf,222 Old Fayetteville Rd #I-301,Carrboro NC 27510
Joshua Matthew Michael,222 Old Fayetteville Rd #G102,Carrboro NC 27510
David Joseph Mihalcik,222 Old Fayetteville Rd #E102,Carrboro NC 27510
Jenkins Robert Miller,500 Davie Rd #A,Carrboro NC 27510
Jesse John Miner,105 Fidelity St #A-55,Carrboro NC 27510
Kellen Morrow Moore,112 NC Hwy 54 Byp #C7,Carrboro Nc 27510
Damaris Morales Del Valle,222 Old Fayetteville Rd #I106,Carrboro NC 27510
Sara Ann Moran,112 NC Hwy 54 Byp #E1,Carrboro Nc 27510
Carlos Alfonso Moreno,200 NC Hwy 54 Byp #M102,Carrboro Nc 27510
Amy Corrine Morrison,103 Keith Rd,Carrboro NC 27510
Kevin McDonald Morrison,105 Fidelity St #A-53,Carrboro NC 27510
Courtney Lane Moser,801 W Main St,Carrboro NC 27510
Dorothy Imojean Moss,600 W Poplar Ave #126,Carrboro NC 27510
Anita D Mucario,600 W Poplar Ave #132,Carrboro NC 27510
Andrea M Mulholland,101 NC Hwy 54 Byp #H-2,Carrboro Nc 27510
Chris Steven Murphy,112 NC Hwy 54 Byp #Q2,Carrboro Nc 27510
Miles Stuart Murray,200 NC Hwy 54 Byp #K101,Carrboro Nc 27510
Jimani Hakika Mwendo,112 NC Hwy 54 Byp #U3,Carrboro Nc 27510
Matthew Steven Myers,302 Davie Rd,Carrboro NC 27510
Clayton Patrick Nell,103 Gail Ct,Carrboro NC 27510
Michael Lee Ng,222 Old Fayetteville Rd #L204,Carrboro NC 27510
Phuong Trang Nguyen,112 NC Hwy 54 Byp #I-2,Carrboro Nc 27510
John V Nicopoulos,222 Old Fayetteville Rd #H101,Carrboro NC 27510
Belinda Ann Nix,200 NC Hwy 54 Byp #E203,Carrboro Nc 27510
Kim Michelle Nowosad,502 W Poplar Ave #B3,Carrboro NC 27510
Michael Robert Nutt,106 Bert St,Carrboro NC 27510
Ian Sean Oakes,101 NC Hwy 54 Byp #B-7,Carrboro Nc 27510
Eric Odell Oakley,105 Fidelity St #A26,Carrboro NC 27510
Ryan Lucas Odwyer,112 NC Hwy 54 Byp #L4,Carrboro Nc 27510
Charles Mason Olbert,203 Gary Rd,Carrboro NC 27510
Victoria Lee Olive,304 W Poplar Ave,Carrboro NC 27510
Patrick Paul Oneill,109 Raven Ln,Carrboro NC 27510
Katherine Ann Otoole,110 W Poplar Ave,Carrboro NC 27510
Phillip Julius Otto,105 Fidelity St #A12,Carrboro NC 27510
Vanessa Ruth Patchett,222 Old Fayetteville Rd #C105,Carrboro NC 27510
Kaushal Patel,122 Bim St #A,Carrboro NC 27510
Elizabeth Marie Patterson,222 Old Fayetteville Rd #I-306,Carrboro NC 27510
Victoria Marie Perez,201 NC Hwy 54 Byp #424,Carrboro Nc 27510
Sandra D Perillo,600 W Poplar Ave #108,Carrboro NC 27510
Avonne Davis Perry,101 NC Hwy 54 Byp #J3,Carrboro Nc 27510
Twyla Yatai Perryman,201 NC Hwy 54 Byp #308,Carrboro Nc 27510
Mary Elizabeth Peters,112 NC Hwy 54 Byp #08,Carrboro Nc 27510
Rebecca Lynn Phillips,222 Old Fayetteville Rd #C208,Carrboro NC 27510
Thomas Daniel Phillips,404 Jones Ferry Rd #B13,Carrboro NC 27510
Zachary Steven Pickard,124 Fidelity St #20,Carrboro NC 27510
Stefany Marie Picquet,400 Davie Rd #17,Carrboro NC 27510
Scottie Piner,200 NC Hwy 54 Byp #A204,Carrboro Nc 27510
Tarish Lovelle Pipkins,500 Davie Rd #B,Carrboro NC 27510
Richards Olafs Plavnieks,124 Fidelity St #23,Carrboro NC 27510
Philip Zachary Pledger,400 Davie Rd #11,Carrboro NC 27510
Rachel Elizabeth Pollock,200 NC Hwy 54 Byp #G205,Carrboro Nc 27510
Rachel Leighanne Povse,112 NC Hwy 54 Byp #Q6,Carrboro Nc 27510
Elizabeth Anne Proctor,112 NC Hwy 54 Byp #K6,Carrboro Nc 27510
Anne Elizabeth Pusey,121 Westview Dr #8,Carrboro NC 27510
Paul Larson Quast,200 NC Hwy 54 Byp #G202,Carrboro Nc 27510
Linda Elizabeth Quiquivix,112 NC Hwy 54 Byp #Q-6,Carrboro Nc 27510
Laura Elizabeth Respess,201 NC Hwy 54 Byp #707,Carrboro Nc 27510
Sarah Richardson,1504 Prisma Court,Raleigh NC 27612
Kristen Leigh Rich,112 NC Hwy 54 Byp #C-6,Carrboro Nc 27510
Leah Ann Rich,112 NC Hwy 54 Byp #C6,Carrboro Nc 27510
Thorfinn Thurston Riday,201 NC Hwy 54 Byp #516,Carrboro Nc 27510
Brian Alexis Risk,104 Bim St,Carrboro NC 27510
Phillip Edmund Rodriguez-Lebron,404 Jones Ferry Rd #A15,Carrboro NC 27510
Christina Ashley Rogers,400 W Poplar Ave #B,Carrboro NC 27510
Artur Romanchuk,201 NC Hwy 54 Byp #414,Carrboro Nc 27510
Jason Cleigh Rose,112 NC Hwy 54 Byp #A6,Carrboro Nc 27510
Karla Anne Rosenberg,121 Westview Dr #48,Carrboro NC 27510
Blake Andrew Rosser,124 Fidelity St #35,Carrboro NC 27510
David Weaver Rothfuss,306 Gary Rd,Carrboro NC 27510
Aimee Marie Roy-Farrug,105 Fidelity St #B1,Carrboro NC 27510
Jeremy Stuart Roy,200 NC Hwy 54 Byp #N303,Carrboro Nc 27510
Sandra Carson Rudd,600 W Poplar Ave #342,Carrboro NC 27510
Michael James Rulon,201 NC Hwy 54 Byp #712,Carrboro Nc 27510
Amanda Grace Russell,222 Old Fayetteville Rd #G208,Carrboro NC 27510
David Lee Russell,101 NC Hwy 54 Byp #N7,Carrboro Nc 27510
Matthew Timothy Russell,222 Old Fayetteville Rd #G208,Carrboro NC 27510
Rosemary Angelina Russo,502 W Poplar Ave #A3,Carrboro NC 27510
Ivan Gnilym Sabath,112 NC Hwy 54 Byp #G3,Carrboro Nc 27510
Tamara Beatrice Sanders,708 Davie Rd,Carrboro NC 27510
Lalanii Sangode,200 NC Hwy 54 Byp #E303,Carrboro Nc 27510
Robert Austin Sapp III,201 NC Hwy 54 Byp #722,Carrboro Nc 27510
Maria Rose Schanz,200 W Poplar Ave #6,Carrboro NC 27510
Peter Leighton Scholz,404 Jones Ferry Rd #C7,Carrboro NC 27510
Mary Alice Scott,105 Fidelity St #A25,Carrboro NC 27510
Jennifer Anna See,105 Fidelity St #B-31,Carrboro NC 27510
Melinda Allison Settevendemie,120 Bim St #B,Carrboro NC 27510
Caitlin Mary Shanley,609 W Main St,Carrboro NC 27510
Candace Jeanine Shatley,112 NC Hwy 54 Byp #Q3,Carrboro Nc 27510
Jeremy Brunetto Shaw,316 Davie Rd,Carrboro NC 27510
Ehren Jackson Shelton,112 NC Hwy 54 Byp #J8,Carrboro Nc 27510
Joseph Sullay Sheref,112 NC Hwy 54 Byp #D4,Carrboro Nc 27510
Andrew Jeffrey Shoemaker,400 Davie Rd #63,Carrboro NC 27510
Michael Joseph Simmons,400 Davie Rd #52,Carrboro NC 27510
Frank Miller Simpson,124 Fidelity St #31,Carrboro NC 27510
Tonya Leigh Sink,PO Box 183,Carrboro NC 27510
Sarah Katherine Sizemore,222 Old Fayetteville Rd #G302,Carrboro NC 27510
Polly Ann Slater,112 NC Hwy 54 Byp #G3,Carrboro Nc 27510
Marguerite Louise Sloan,121 Westview Dr #106,Carrboro NC 27510
Christine Ronee Smith,202 Davie Rd #A,Carrboro NC 27510
Edwin Thompson Smith,118 Fidelity St,Carrboro NC 27510
Ira Timothy Smith,404 Jones Ferry Rd #H4,Carrboro NC 27510
Peter Barlow Smith,PO Box 416,Carrboro NC 27510
Robin William Smith,308 W Poplar Ave,Carrboro NC 27510
Suzette Monika Snyder,402 Gary Rd,Carrboro NC 27510
David Alan Solarz,222 Old Fayetteville Rd #L302,Carrboro NC 27510
Joshua Adam Sowers,112 NC Hwy 54 Byp #P2,Carrboro Nc 27510
Adam C Spell,112 NC Hwy 54 Byp #Q3,Carrboro Nc 27510
Melissa Paige Squires,105 Fidelity St #A10,Carrboro NC 27510
Paul Curtis Stafford,201 NC Hwy 54 Byp #603,Carrboro Nc 27510
Patricia Ann Stanley,112 NC Hwy 54 Byp #Q8,Carrboro Nc 27510
Christina Michelle Steger,222 Old Fayetteville Rd #D102,Carrboro NC 27510
Charlotte Rebecca Stewart,222 Old Fayetteville Rd #D301,Carrboro NC 27510
Stephanie Elaine Stewart,112 NC Hwy 54 Byp #H7,Carrboro Nc 27510
Dana Claire Stidham,205 Gary Rd,Carrboro NC 27510
Andrew Christopher Stout,400 Davie Rd #29,Carrboro NC 27510
Phyllis Jane Stout,204 Westview Dr,Carrboro NC 27510
Ryan Thomas Strachan,105 Fidelity St #40a,Carrboro NC 27510
Ryan Streeter,101 NC Hwy 54 Byp #B3,Carrboro Nc 27510
Shaun Patrick Sullivan,201 NC Hwy 54 Byp #315,Carrboro Nc 27510
Brendan Patrick Sutherland,119 Fidelity St #G-4,Carrboro NC 27510
Terita Michelle Sutton-Williams,222 Old Fayetteville Rd #A104,Carrboro NC 27510
Patrick John Talbert,116 Bim St #C,Carrboro NC 27510
Gabrielle T Tarrazi,400 Gary Rd,Carrboro NC 27510
Jamie Nixola Taylor,101 NC Hwy 54 Byp #H3,Carrboro Nc 27510
William Oliver Taylor,101 NC Hwy 54 Byp #H3,Carrboro Nc 27510
Justin Wilde Telech,615 W Main St #B,Carrboro NC 27510
Stephanie Louise Terry,200 NC Hwy 54 Byp #G303,Carrboro Nc 27510
Sheng Thao,112 NC Hwy 54 Byp #R1,Carrboro Nc 27510
Mary Shannon Thomas,101 NC Hwy 54 Byp #B2,Carrboro Nc 27510
Sara Jean Thomas,404 Jones Ferry Rd #F12,Carrboro NC 27510
Teryl Lynn Thornton,121 Westview Dr #57,Carrboro NC 27510
Anthony David Tiberio,112 NC Hwy 54 Byp #S7,Carrboro Nc 27510
Kelly Jo Tierney,200 W Poplar Ave #5,Carrboro NC 27510
Jeanne Elyse Tilley,314 Davie Rd #A,Carrboro NC 27510
Silvia Gisela Timmerding,124 Fidelity St #46,Carrboro NC 27510
David Ashley Tinapple,309 W Poplar Ave,Carrboro NC 27510
Patrick Gerard Tobin,101 NC Hwy 54 Byp #N5,Carrboro Nc 27510
Jason Douglas Todd,705 Davie Rd,Carrboro NC 27510
Matthew Toth,102 Blackwood Dr,Carrboro NC 27510
Elise Evangeline Traversa,201 NC Hwy 54 Byp #635,Carrboro Nc 27510
Gardner Taylor Treneman,502 W Poplar Ave #D1,Carrboro NC 27510
Aaron David Trocki,400 Davie Rd #28,Carrboro NC 27510
Joseph Smith Troop,1301 W Main St,Carrboro NC 27510
Katherine Muscari Tucker,222 Old Fayetteville Rd #I-304,Carrboro NC 27510
Piers Justin Norris Turner,103 Raven Ln,Carrboro NC 27510
Matthew Brady Tynan,105 Fidelity St #B34,Carrboro NC 27510
Douglas Andrew Valchar,704 Davie Rd #A,Carrboro NC 27510
Rodney Dale Vaughn,1003 W Main St,Carrboro NC 27510
Ashton Michael Verdery,201 NC Hwy 54 Byp #624,Carrboro Nc 27510
Brian Lawrence Vicini,222 Old Fayetteville Rd #M203,Carrboro NC 27510
Benjamin Joseph Vierra,114b W Poplar Ave,Carrboro NC 27510
Sarah Fehr Vierra,114 W Poplar Ave #A,Carrboro NC 27510
Nicolasa A Visbal,600 W Poplar Ave #341,Carrboro NC 27510
Clarenda Volo,600 W Poplar Ave #226,Carrboro NC 27510
Robert Raymond Votta,500 W Poplar Ave,Carrboro NC 27510
Danna Shavonne Wade,201 NC Hwy 54 Byp #624,Carrboro Nc 27510
Marcus Andreas Wagnborg,106 Raven Ln,Carrboro NC 27510
Brandon Grant Wagner,201 NC Hwy 54 Byp #613,Carrboro Nc 27510
Stephanie Margaret Wallis,101 NC Hwy 54 Byp #J6,Carrboro Nc 27510
Suzanne Carol Walsh,207 Bim St,Carrboro NC 27510
Margaret Holly Walters,222 Old Fayetteville Rd #E207,Carrboro NC 27510
Raymond Shih-Li Wang,112 Alabama Ave,Carrboro NC 27510
Stephanie Christine Watson,201 NC Hwy 54 Byp #714,Carrboro Nc 27510
Dwana Leah Waugh,201 NC Hwy 54 Byp #427,Carrboro Nc 27510
Bryan Richard Weaver,104 Blackwood Dr #A,Carrboro NC 27510
Alyssa Anne White,112 NC Hwy 54 Byp #Q4,Carrboro Nc 27510
James Clifton Whitehead,624 Jones Ferry Rd,Carrboro NC 27510
Linda Irene White,112 NC Hwy 54 Byp #Q4,Carrboro Nc 27510
William Raley White,304 W Poplar Ave,Carrboro NC 27510
Drew Brandon Whittier,101 NC Hwy 54 Byp #F4,Carrboro Nc 27510
Courtney McCole Wicher,222 Old Fayetteville Rd #J301,Carrboro NC 27510
Brian Andrew Willard,110 Bim St,Carrboro NC 27510
Katara Engram Williams,101 NC Hwy 54 Byp #N8,Carrboro Nc 27510
Lakisha Rene Williams,112 NC Hwy 54 Byp #B3,Carrboro Nc 27510
Keri Ann Willson,101 NC Hwy 54 Byp #M7,Carrboro Nc 27510
Shannon Lee Windsor,400 Gary Rd,Carrboro NC 27510
Elizabeth Ann Wojtowicz,201 NC Hwy 54 Byp #606,Carrboro Nc 27510
Spencer Thomas Wommack III,205 W Poplar Ave #B,Carrboro NC 27510
Dana Allison Wood,201 NC Hwy 54 Byp #716,Carrboro Nc 27510
David Wetherill Wood,302 Davie Rd,Carrboro NC 27510
Keith Randall-Mark Woods,101 NC Hwy 54 Byp #C1,Carrboro Nc 27510
Carol Lynn Yandrofski,112 NC Hwy 54 Byp #T2,Carrboro Nc 27510
Charles Chi-Kang Yang,201 NC Hwy 54 Byp #115,Carrboro Nc 27510
Dorothy Alise Yates,200 NC Hwy 54 Byp #M302,Carrboro Nc 27510
Amy Rebecca Young,222 Old Fayetteville Rd #I-303,Carrboro NC 27510
Thomas Young,1003 W Main St,Carrboro NC 27510
Nathan Srug Zalman,105 Keith Rd,Carrboro NC 27510
Hilary Elizabeth Zelko,400 Davie Rd #44,Carrboro NC 27510
Carolyn Melinda Ziemer,204 Jones Ferry Rd,Carrboro NC 27510
Vanessa Lynn Zito,615 W Main St #A,Carrboro NC 27510
Dana Renee Zuiderhof,222 Old Fayetteville Rd #I-203,Carrboro NC 27510
