William Robert Abb,220 Autumn Dr,Chapel Hill NC 27516
Christopher Scott Arena,113 Sudbury Ln,Chapel Hill NC 27516
Debra Richardson Arena,113 Sudbury Ln,Chapel Hill NC 27516
Brooks R Babcock,305 Tramore Dr,Chapel Hill NC 27516
David Lewis Backus,1415 Homestead Rd,Chapel Hill NC 27516
Robert Charles Baker,106 Wyndham Dr,Chapel Hill NC 27516
Ashley Smith Basnight,204 Cobblestone Dr,Chapel Hill NC 27516
Dennis Wayne Blue,214 Autumn Dr,Chapel Hill NC 27516
Florence Marshall Bobo,106 Calumet Ct,Carrboro NC 27510
Walter Cardinal Boger,100 Morningside Dr,Carrboro NC 27510
Christopher James Bouldin,305 Wyndham Dr,Chapel Hill NC 27516
Melissa Anne Brackett,105 Michaels Way,Chapel Hill NC 27516
Timothy Paul Bukowski,220 Stratford Dr,Chapel Hill NC 27516
Jamie T Campbell,306 Autumn Dr,Chapel Hill NC 27516
Rose Theresa Campbell,103 Amber Ct,Carrboro NC 27510
Steven H Campbell,103 Amber Ct,Carrboro NC 27510
Lori Haley Cannon,301 Autumn Dr,Chapel Hill NC 27516
Michael Joseph Cannon,301 Autumn Dr,Chapel Hill NC 27516
Richard H Cappelletti,308 Spring Valley Rd,Carrboro NC 27510
Carolyn Caulfield Carpenter,210 Stratford Dr,Chapel Hill NC 27516
Laverna Mae Cecil,1224 Hillsborough Rd,Chapel Hill NC 27516
Heather Larock Christie,302 Autumn Dr,Chapel Hill NC 27516
Jacob Christy,104 Yeargen Pl,Chapel Hill NC 27516
Glyn Edwin Collins,213 Cates Farm Rd,Chapel Hill NC 27516
Gordon Thomas Cook,100 Robert Hunt Dr,Carrboro NC 27510
Corey Dennis Cooper,107 Rock Spring Ct,Carrboro NC 27510
John Daniel Corey,110 Amber Ct,Carrboro NC 27510
Patsy Yvonne Creighton,402 Tramore Dr,Chapel Hill NC 27516
Colleen P Davis,112 Ellsworth Pl,Chapel Hill NC 27516
Susan Marie Desue,101 Sunset Creek Cir,Chapel Hill NC 27516
David A Devon,102 Garden Gate Dr,Chapel Hill NC 27516
Laura Lee Devon,102 Garden Gate Dr,Chapel Hill NC 27516
Brett Paul Dillon,208 Wild Oak Ln,Carrboro NC 27510
John James Dwyer Jr,102 Buck Taylor Trl,Chapel Hill NC 27516
Dennis Joseph Egan,103 Buck Taylor Trl,Chapel Hill NC 27516
Gail Jean Ellis,102 Canton Ct,Chapel Hill NC 27516
Jennifer Ann Ellis,102 Canton Ct,Chapel Hill NC 27516
Michael D Engelman,214 Stratford Dr,Chapel Hill NC 27516
Charles Ray Ephland III,105 Buckeye Ln,Chapel Hill NC 27516
Matthew David Everson,109 Cobblestone Dr,Chapel Hill NC 27516
Jaime Carlisle Fair,2471 University Station,Clemson Sc 29632
Betsy Huntington Faulkner,2300 Pathway Dr,Chapel Hill NC 27516
Wayne Josef Flournoy,304 Farm House Dr,Chapel Hill NC 27516
Tina Riggsbee Floyd,131 Cobblestone Dr,Chapel Hill NC 27516
Michael Frank Frisch,201 Colfax Dr,Chapel Hill NC 27516
Janet Kay Gable,401 Cates Farm Rd,Chapel Hill NC 27516
Don Alexander Gabriel,211 Robert Hunt Dr,Carrboro NC 27510
Jake A Gardner Jr,1604 N Greensboro St,Carrboro NC 27510
Bonnie Norwig Gasdaska,213 Stratford Dr,Chapel Hill NC 27516
Jana M Glotzer,202 Cates Farm Rd,Chapel Hill NC 27516
Elizabeth Bee Goldbach,123 Waverly Forest Ln,Chapel Hill NC 27516
Leonia L Goldbach,123 Waverly Forest Ln,Chapel Hill NC 27516
Robert Herman Goldbach,123 Waverly Forest Ln,Chapel Hill NC 27516
Urszula Kaczywska Grochowski,105 Hanford Rd,Chapel Hill NC 27516
Carol Ann Haines,303 Wyndham Dr,Chapel Hill NC 27516
Matthew Wright Haley,300 Spring Valley Rd,Carrboro NC 27510
Pamela Jean Harley,109 Suffolk Pl,Chapel Hill NC 27516
Steven James Harley,109 Suffolk Pl,Chapel Hill NC 27516
Douglas Ray Hart,217 Robert Hunt Dr,Carrboro NC 27510
John Anthony Hart,208 Autumn Dr,Chapel Hill NC 27516
Nellie Hyde Harward,902 Hillsborough Rd,Chapel Hill NC 27516
Lee Bernard Heavlin,209 Blueridge Rd,Carrboro NC 27510
Paul Roger Hebert,211 Wyndham Dr,Chapel Hill NC 27516
Jennifer Helmrath,306 Wyndham Dr,Chapel Hill NC 27516
Alyce Jones Henderson,305 Sunset Creek Cir,Chapel Hill NC 27516
Carolyn S Hogan,413 Homestead Rd,Chapel Hill NC 27516
Anna Louise Holleman,124 Cobblestone Dr,Chapel Hill NC 27516
Ann H Holleman,124 Cobblestone Dr,Chapel Hill NC 27516
Timothy Aaron Holleman,PO Box 816,Carrboro NC 27510
Hugh Franklin Holt,100 Stratford Dr,Chapel Hill NC 27516
Trent Alan Hopper,2213 Pathway Dr,Chapel Hill NC 27516
Amy Curran Hudgens,105 Richland Ct,Chapel Hill NC 27516
James Earl Hudgens III,105 Richland Ct,Chapel Hill NC 27516
Inger Margit Jansen,108 Ellsworth Pl,Chapel Hill NC 27516
Denise Farlow Jones,201 Cobblestone Dr,Chapel Hill NC 27516
Hugh F Jones,602 Robert Hunt Dr,Carrboro NC 27510
Gloria Cothren Jordan,100 Calumet Ct,Carrboro NC 27510
John Dickson Jordan Jr,100 Calumet Ct,Carrboro NC 27510
William Cothren Jordan,100 Calumet Ct,Carrboro NC 27510
Ian Jameson Kaemmer,201 Stratford Dr,Chapel Hill NC 27516
Kathleen D Kaemmer,201 Stratford Dr,Chapel Hill NC 27516
Quinn Katherine Kaemmer,201 Stratford Dr,Chapel Hill NC 27516
Kanaye Kay Kagetsu,100 Canton Ct,Chapel Hill NC 27516
Naomi Jayne Kagetsu,220 Stratford Dr,Chapel Hill NC 27516
Michael Dennis Kalos,115 Cobblestone Dr,Chapel Hill NC 27516
James Joseph Kennedy IV,309 Robert Hunt Dr,Carrboro NC 27510
Jerre Lynn Kennedy,1246 Hillsborough Rd,Chapel Hill NC 27516
John Michael Kessler,704 Bolin Creek Dr,Carrboro NC 27510
Joseph Kessler,704 Bolin Creek Dr,Carrboro NC 27510
Marcelline Woods Kilpatrick,306 Wyndham Dr,Chapel Hill NC 27516
Sue Herring Klase,102 Richard Dixon Ct,Carrboro NC 27510
Bradley John Kramer,105 Jasmine Ct,Carrboro NC 27510
Nancy Jean Kramer,105 Jasmine Ct,Carrboro NC 27510
Gregory James Lane,100 Buck Taylor Trl,Chapel Hill NC 27516
Cinnamon Buckels Larson,1549 Pathway Dr,Carrboro NC 27510
James Lionel Larson,1549 Pathway Dr,Carrboro NC 27510
Bruce W Lecus,1608 Pathway Dr,Carrboro NC 27510
Rhonda L Lecus,1608 Pathway Dr,Carrboro NC 27510
Benjamin Andrew Lee,215 Stratford Dr,Chapel Hill NC 27516
Elliott Richard Lee,215 Stratford Dr,Chapel Hill NC 27516
Kerry Lamont Lee,215 Stratford Dr,Chapel Hill NC 27516
Gregory Joseph Liebe,106 Ellsworth Pl,Chapel Hill NC 27516
Stephanie Alyce Magee,104 Daphne Ct #A,Chapel Hill NC 27516
Tania Meek Mann,2218 Pathway Dr,Chapel Hill NC 27516
Linda Marie Manor,100 Webb Dr,Carrboro NC 27510
Katherine G Martyn,201 Cates Farm Rd,Chapel Hill NC 27516
Clarence Rodwell McFarling,106 Cobblestone Dr,Chapel Hill NC 27516
Margy Duvall McFarling,106 Cobblestone Dr,Chapel Hill NC 27516
Brittany Shaw McLaughlin,511 Cates Farm Rd,Chapel Hill NC 27516
Andy R Millager,406 Waterside Dr,Carrboro NC 27510
David John Miller,100 Sunset Creek Cir,Chapel Hill NC 27516
Paul Douglas Nenninger,2106 Pathway Dr,Chapel Hill NC 27516
Jennifer Murphy Newcomb,305 Autumn Dr,Chapel Hill NC 27516
Joan Murphy Newcomb,305 Autumn Dr,Chapel Hill NC 27516
William Henry Newcomb,305 Autumn Dr,Chapel Hill NC 27516
John Gregory O'Donnell,215 Wild Oak Ln,Carrboro NC 27510
Maryjo Kernan Odonnell,215 Wild Oak Ln,Carrboro NC 27510
Emelda Eseo Olesco,2217 Pathway Dr,Chapel Hill NC 27516
Grace Lee Oshimura,601 Bolin Creek Dr,Carrboro NC 27510
Byron Marshall Owen,109 Sudbury Ln,Chapel Hill NC 27516
Brian Scott Palmer,103 William White Ct,Carrboro NC 27510
James Herbert Patterson,125 Cobblestone Dr,Chapel Hill NC 27516
Virginia Elizabeth Patterson,125 Cobblestone Dr,Chapel Hill NC 27516
Eileen P Peterson,2003 Pathway Dr,Chapel Hill NC 27516
Robin Marie Pinheiro,402 Rockgarden Dr,Chapel Hill NC 27516
Diana Gaytha Pitchford,107 Rock Spring Ct,Carrboro NC 27510
Lawrence Hubert Pope,201 Hanford Rd,Chapel Hill NC 27516
Clarence William Potter,2002 Pathway Dr,Chapel Hill NC 27516
Daniel Thomas Potter,2002 Pathway Dr,Chapel Hill NC 27516
Valerie Smith Potter,2002 Pathway Dr,Chapel Hill NC 27516
Janelle Newman Price,601 Robert Hunt Dr,Carrboro NC 27510
Meghan Alicia Price,105 Ellsworth Pl,Chapel Hill NC 27516
Stephen Elmore Price,601 Robert Hunt Dr,Carrboro NC 27510
Leslie Segal Purcell,1544 Pathway Dr,Carrboro NC 27510
Stephen Scott Purcell,1544 Pathway Dr,Carrboro NC 27510
Peter Allan Rieth,107 Sunset Ridge Ln,Chapel Hill NC 27516
Jan Jones Riggsbee,1228 Hillsborough Rd,Chapel Hill NC 27516
Holly Rio,101 Garden Gate Dr,Chapel Hill NC 27516
Carol Harrington Rives,2001 Pathway Dr,Chapel Hill NC 27516
Donald Lee Rives,2001 Pathway Dr,Chapel Hill NC 27516
Patrick Allen Roeber,109 Robert Hunt Dr,Carrboro NC 27510
Austin Samuel Rose,324 Sunset Creek Cir,Chapel Hill NC 27516
Helen Rubinstein,114 Garden Gate Dr,Chapel Hill NC 27516
Michael Rubinstein,114 Garden Gate Dr,Chapel Hill NC 27516
Mary Lu Honse Salmon,103 Barington Hills Rd,Chapel Hill NC 27516
Nancy Jane Salmons,303 Forest Ct,Carrboro NC 27510
Lisa Dee Sanfilippo,211 Cobblestone Dr,Chapel Hill NC 27516
Kristen Marie Sarles-Lopez,203 Tramore Dr,Chapel Hill NC 27516
Glenn Douglas Sawtelle,422 Waterside Dr,Carrboro NC 27510
Brian Dean Sawyer,211 Wild Oak Ln,Carrboro NC 27510
Albert Harrison Segars III,102 Ellsworth Pl,Chapel Hill NC 27516
Barbara Patton Segars,102 Ellsworth Pl,Chapel Hill NC 27516
Michael John Shanahan,132 Cobblestone Dr,Chapel Hill NC 27516
Angela De Bellis Short,111 Sudbury Ln,Chapel Hill NC 27516
Elva Conley Small,104 Aberdeen Ct,Carrboro NC 27510
John Steven Small,104 Aberdeen Ct,Carrboro NC 27510
Robert E Sommer,105 Garden Gate Dr,Chapel Hill NC 27516
Kelly Michelle Springfield,107 Garden Gate Dr,Chapel Hill NC 27516
Marica Aucoin Springfield,107 Garden Gate Dr,Chapel Hill NC 27516
Randall Scott Springfield,107 Garden Gate Dr,Chapel Hill NC 27516
Brian Sebastian Stalder,100 Ellsworth Pl,Chapel Hill NC 27516
Robert Lee St Claire III,204 Wyndham Dr,Chapel Hill NC 27516
Karen Sue Klager St Claire,204 Wyndham Dr,Chapel Hill NC 27516
Garry Kevin Stewman,105 John Martin Ct,Carrboro NC 27510
Jeffrey Marc Taekman,316 Sunset Creek Cir,Chapel Hill NC 27516
Grace Meyer Taylor,513 Cates Farm Rd,Chapel Hill NC 27516
Kenneth Eugene Taylor,304 Bolin Creek Dr,Carrboro NC 27510
Samuel Brinton Taylor,513 Cates Farm Rd,Chapel Hill NC 27516
Ernest David Templeton Jr,117 Stratford Dr,Chapel Hill NC 27516
Walter George Thomason,211 Cates Farm Rd,Chapel Hill NC 27516
Gregory David Thompson,203 Farm House Dr,Chapel Hill NC 27516
Wendolyn J Thompson,203 Farm House Dr,Chapel Hill NC 27516
William Eugene Treuman,108 Waverly Forest Ln,Chapel Hill NC 27516
Daisy Hatley Vickers,105 Spring Valley Rd,Carrboro NC 27510
Daniel Vonallmen,206 Wyndham Dr,Chapel Hill NC 27516
Emily Antoinette Vonallmen,206 Wyndham Dr,Chapel Hill NC 27516
Erin Michelle Warshany,207 Stratford Dr,Chapel Hill NC 27516
Laura Ann Weaver,113 Garden Gate Dr,Chapel Hill NC 27516
Paul Joseph Weaver,113 Garden Gate Dr,Chapel Hill NC 27516
Rachel Tavares Welch,106 Sudbury Ln,Chapel Hill NC 27516
Dean C Wendel,100 Sudbury Ln,Chapel Hill NC 27516
Jennifer Beaty West,101 Bruton Dr,Chapel Hill NC 27516
Tiffany Dawn Wilborn,102 Fairfield Ct,Chapel Hill NC 27516
Michael Preston Williford,123 Cobblestone Dr,Chapel Hill NC 27516
Carol Ellen Wilson,104 Suffolk Pl,Chapel Hill NC 27516
Edward Robert Wilson,104 Suffolk Pl,Chapel Hill NC 27516
Carol Baker Wilt,104 Wyndham Dr,Chapel Hill NC 27516
Dean Alfred Wilt,104 Wyndham Dr,Chapel Hill NC 27516
Sylvia Lucena Woodgates,200 Autumn Dr,Chapel Hill NC 27516
Brian Christopher Woods,1309 Homestead Rd,Chapel Hill NC 27516
Nadine Debalko Woods,PO Box 17295,Chapel Hill NC 27516
Robert Austin Woods Sr,PO Box 17295,Chapel Hill NC 27516
James William Workman,130 Cobblestone Dr,Chapel Hill NC 27516
James Herbert Wulforst,307 Autumn Dr,Chapel Hill NC 27516
Paul Yee,104 Robert Hunt Dr,Carrboro NC 27510
Angela Floyd Zimmerman,302 Wyndham Dr,Chapel Hill NC 27516
John Lawrence Zornick,101 William White Ct,Carrboro NC 27510
John Lawrence Zornick Jr,101 William White Ct,Carrboro NC 27510
