Pallas McKenna Adamopoulos,1104 N Greensboro St #5,Carrboro NC 27510
Jonathan Albert,107 Mulberry St #A,Carrboro NC 27510
Stuart Clay Albert,107 Mulberry St #A,Carrboro NC 27510
Aaron Kyle Alexander,104 Brewer Ln #A2,Carrboro NC 27510
Claire Hawley Anderson,600 N Greensboro St,Carrboro NC 27510
Neil David Anderson,606 N Greensboro St #A4,Carrboro NC 27510
Miles William Andrews II,102 Elm St #C,Carrboro NC 27510
Kathryn Rose Ardizzone,104 Brewer Ln #B3,Carrboro NC 27510
Richard Creagh Ashley,506 N Greensboro St #36,Carrboro NC 27510
Gretchen Kaye Bade,413 S Greensboro St #A,Carrboro NC 27510
William Terrance Baker,207 Purple Leaf Pl,Carrboro NC 27510
Debra Kreth Ball,505 E Poplar Ave,Carrboro NC 27510
Christopher Allen Barcroft,306 Estes Drive Ext #F1,Carrboro NC 27510
Andrea Michelle Barron,105 Hanna St,Carrboro NC 27510
Sean Christopher Barron,105 Hanna St,Carrboro NC 27510
Millicent Batse,120a Estes Drive Ext,Carrboro NC 27510
Richard Carroll Baysden,708 W Rosemary St,Carrboro NC 27510
Hunter Comley Beattie,PO Box 614,Carrboro NC 27510
Lee Steven Benjamin,200 Weathervane Dr,Carrboro NC 27510
Francisco Bermudez,306 Estes Drive Ext #M6,Carrboro NC 27510
Scott Michael Bicherl,702 N Greensboro St #B,Carrboro NC 27510
Lauren Victoria Biddle,1300 N Greensboro St #A,Carrboro NC 27510
Brianna Lauren Bishop,1104 N Greensboro St #11,Carrboro NC 27510
Jeffrey Scott Bowlen,306 Estes Drive Ext #O-12,Carrboro NC 27510
William Joseph Brady,104 Brewer Ln #C-5,Carrboro NC 27510
Claire Ann Brandow,600 N Greensboro St,Carrboro NC 27510
Maria Henriquez Britton,102 Crest St #B,Carrboro NC 27510
Christen Lynn Broecker,273 Sweet Bay Pl,Carrboro NC 27510
Jeffrey Thomas Brubaker,231 Sweet Bay Pl,Carrboro NC 27510
Elizabeth Ann Bryant,101 Hanna St,Carrboro NC 27510
Tara Elyse Bubniak,273 Sweet Bay Pl,Carrboro NC 27510
Brian McNeil Burns,209 Maple Ave,Carrboro NC 27510
Ashley Elizabeth Byrd,1104 N Greensboro St #13,Carrboro NC 27510
Louise Chapman Calhoun,210 Maple Ave #B,Carrboro NC 27510
Charles Aydin Canel,104 Brewer Ln #C-3,Carrboro NC 27510
Philip Robert Canning,102 Elm St #D,Carrboro NC 27510
Jack Farrell Carley,506 N Greensboro St #40,Carrboro NC 27510
Craig Russell Carter,200 Lloyd St,Carrboro NC 27510
Mallory Ann Cash,700 N Greensboro St,Carrboro NC 27510
Paul Roman Chelminski,116 Watters Rd,Carrboro NC 27510
Sarah Scott Chisolm,253 Sweet Bay Pl #A,Carrboro NC 27510
Rushina Tarun Cholera,101 Thomas Ln #B1,Carrboro NC 27510
Jessica Jean Cisewski,243 Sweet Bay Pl,Carrboro NC 27510
Stephen Michael Clark,306 Estes Drive Ext #G6,Carrboro NC 27510
Virginia Burruss Clayton,104 Brewer Ln #A3,Carrboro NC 27510
Richard Winfield Cloudt,1104 N Greensboro St #12,Carrboro NC 27510
Genna Cohen,102 W Main St #4,Carrboro NC 27510
Rhonda Lea Coleman,1300 N Greensboro St #C,Carrboro NC 27510
Stacey Etta Costner,302 W Main St,Carrboro NC 27510
Jennifer Louise Coughlan,243 Sweet Bay Pl,Carrboro NC 27510
Patrick Charles Coulter,115 Estes Drive Ext #A,Carrboro NC 27510
Bradley Joseph Cox,115 N Merritt Mill Rd,Chapel Hill NC 27516
Erin Coyle,300 Oak Ave,Carrboro NC 27510
Andrew James Crosson,115 Estes Drive Ext #A,Carrboro NC 27510
Carmen Carol Cuthbertson,506 N Greensboro St #4,Carrboro NC 27510
James Tyrell Daniel,100 Crest St #C,Carrboro NC 27510
Adam Robert Danielson,1202 N Greensboro St,Carrboro NC 27510
Jesse Wade Davidson,306 Estes Drive Ext #A18,Carrboro NC 27510
Kristin Renee Dellinger,306 Estes Drive Ext #M12,Carrboro NC 27510
Carmen Detitta III,108 Lindsay St #B,Carrboro NC 27510
Diana Jean Deveaugh-Geiss,114 Estes Drive Ext #F,Carrboro NC 27510
Jeffrey Diamond,175 Viburnum Way,Carrboro NC 27510
Paul Martin Dombrower,211 Stable Rd,Carrboro NC 27510
Mark William Driscoll,244 Sweet Bay Pl,Carrboro NC 27510
Melaine Eberley Duchastel,201 Oak Ave,Carrboro NC 27510
Kevin George Duffield,100 Hillcrest Ave #A,Carrboro NC 27510
Hannah Sue Early,200 Broad St,Carrboro NC 27510
Jennifer Elizabeth Eastman,1200 N Greensboro St,Carrboro NC 27510
Arturo Escobar,112 Purple Leaf Pl,Carrboro NC 27510
Christopher Charles Faulkenberry,306 Estes Drive Ext #B10,Carrboro NC 27510
Virginia Ruth Faust,201 Estes Drive Ext #E,Carrboro NC 27510
Jamie Lamar Fearrington,302 Broad St,Carrboro NC 27510
Luis Roberto Fernandez,110 Estes Drive Ext #A,Carrboro NC 27510
Musai Kazim Firat,112 Hillcrest Ave,Carrboro NC 27510
Owen Matthew Fitzgerald,101 Starlite Dr,Carrboro NC 27510
Garrett Winston Frere,104 Brewer Ln #3c,Carrboro NC 27510
Allan Mitchell Friedman,247 Sweet Bay Pl,Carrboro NC 27510
Timothy Clay Funk,108 Estes Drive Ext #C,Carrboro NC 27510
John Cranley Gallagher,305 Sweet Bay Pl,Carrboro NC 27510
Scott Davis Gallisdorfer,104 Brewer Ln #C2,Carrboro NC 27510
Abdul-Malik Wali Garnes,201 Brewer Ln,Carrboro NC 27510
Allison Clare George,103 Hill St,Carrboro NC 27510
Ryan Christopher Gessner,101 Thomas Ln #C-1,Carrboro NC 27510
Alison Margaret Gillette,257 Sweet Bay Pl,Carrboro NC 27510
Meredith Ashley Gilliam,104 Brewer Ln #A-3,Carrboro NC 27510
Kelley Elizabeth Gill,112 Estes Drive Ext #B,Carrboro NC 27510
Rachel Marie Glaeser,104 Brewer Ln #C7,Carrboro NC 27510
Matthew Cole Goins,115 Estes Drive Ext,Carrboro NC 27510
Linda Khaled Gomaa,406 Lloyd St,Carrboro NC 27510
Nicholas Mackenzie Graham,101 Thomas Ln #A1,Carrboro NC 27510
Nathaniel Floyd-Olen Gray,108 Williams St #A,Carrboro NC 27510
Bryson West Finklea Greenwood,100 Crest St #C,Carrboro NC 27510
Anna Louise Griffiths,103 Jones Lake Rd,Carrboro NC 27510
Andrew William Grimes,205 Elm St #C,Carrboro NC 27510
Skylar Lynn Gudas,407 N Greensboro St,Carrboro NC 27510
Anna Alicia Gurley,404 Broad St,Carrboro NC 27510
Samantha Alison Guss,102 E Poplar Ave,Carrboro NC 27510
Annallese Marie Haftman,109 Hanna St,Carrboro NC 27510
Kevin Wallace Hall,605 Oak Ave,Carrboro NC 27510
Sandra Jean Hall,201 Estes Drive Ext #B,Carrboro NC 27510
Livahn Rhys Ardell Hamden,306 Estes Drive Ext #H3,Carrboro NC 27510
Ghassan Badri Hamra,108 Pleasant Dr #B,Carrboro NC 27510
Wycliffe Harrigan,149 Viburnum Way,Carrboro NC 27510
Tyler Bishop Harrington,504 N Greensboro St #B,Carrboro NC 27510
Timothy Lionel Hart,103 Red Sunset Pl,Carrboro NC 27510
Emily Elizabeth Hass,106 Purple Leaf Pl,Carrboro NC 27510
Amber Selena Hayes,111 Roberts St,Carrboro NC 27510
Wendy Carter Hayes,506 N Greensboro St #36,Carrboro NC 27510
Dianne Onieda Heath,306 Estes Drive Ext #I-18,Carrboro NC 27510
Henry James Hebert,104 Brewer Ln #C5,Carrboro NC 27510
Matthew Frederick Hedt,502 Crest St,Carrboro NC 27510
Matthew Karl Heitz,107 Red Sunset Pl,Carrboro NC 27510
Sarah Margaret Heying,407 N Greensboro St,Carrboro NC 27510
Abby Darlene Hill,116 Elm St,Carrboro NC 27510
Thomas Jefferson Hoban,100 Mulberry St,Carrboro NC 27510
Nicholas Joseph Holdzkom,121 Estes Drive Ext,Carrboro NC 27510
Jamie Elizabeth Holland,103 Shelton St,Carrboro NC 27510
Kevin Dixon Hudnell,200 Broad St #B,Carrboro NC 27510
Kathleen Marie Hume,201 Estes Drive Ext #A,Carrboro NC 27510
Kaitlin Emelia Hunkele,112 Hillcrest Ave,Carrboro NC 27510
Allen Hartley Hurlbert,209 Broad St,Carrboro NC 27510
Rachel Catherine Huxford,306 Estes Drive Ext #M2,Carrboro NC 27510
William Logan Ince,109 E Poplar Ave,Carrboro NC 27510
Philip Frederick Jackson Jr,209 Broad St,Carrboro NC 27510
Jonathan Michael Jeffers,100 Hanna St #1a,Carrboro NC 27510
Sandra Williams Jefferson,204 Lindsay St,Carrboro NC 27510
Sharin Dehese Jihad,404 Lloyd St,Carrboro NC 27510
David Michael John,112 Estes Drive Ext #B,Carrboro NC 27510
Amy Williams Johnson,100 Hillview St #B,Carrboro NC 27510
Richard Troy Johnson,100 Hillview St #B,Carrboro NC 27510
Leslie Ryon Jolley,103 Center St,Carrboro NC 27510
Corey Lewis Jones,101 Eugene St #F,Carrboro NC 27510
Robert Wayne Jones,110 Hanna St #A,Carrboro NC 27510
Warren Jonathan Jones,104 Starlite Dr,Carrboro NC 27510
Anna Pauline Kanoy,201 Weathervane Dr,Carrboro NC 27510
Elias Andrew Kennedy,203 E Carr St,Carrboro NC 27510
Emily Elizabeth Kiser,104 Brewer Ln #A2,Carrboro NC 27510
John Michael Kurtz,409 Broad St,Carrboro NC 27510
Robert William Lamb,103 Evans Ct,Carrboro NC 27510
Jessica Jane Leddington,702 N Greensboro St #A,Carrboro NC 27510
Damien Lamonte Lee,124 S Merritt Mill Rd,Chapel Hill NC 27516
Samuel Paul Leeman-Munk,313 Sweet Bay Pl,Carrboro NC 27510
Lyle Robert Leitelt,115 N Merritt Mill Rd #202,Chapel Hill NC 27516
Benjamin Acker Levinthal,606 N Greensboro St #B1,Carrboro NC 27510
Vanessa Ferreira Litwinski,231 Sweet Bay Pl,Carrboro NC 27510
Martin Eulee Locklear,302 Oak Ave,Carrboro NC 27510
Lydia Maria Lopez,200 E Poplar Ave,Carrboro NC 27510
Robert Daniel Lupton,1102 N Greensboro St,Carrboro NC 27510
Benyamin Margolis,506 N Greensboro St #16,Carrboro NC 27510
Lara Batya Marks,1104 N Greensboro St #10,Carrboro NC 27510
Roy Mars,104 Ashe St,Carrboro NC 27510
John Morgan Martin,112 Hanna St,Carrboro NC 27510
Christopher Ray McBride,605 Oak Ave #K3,Carrboro NC 27510
Ross Eric McCallum,201 Lindsay St,Carrboro NC 27510
Sharon Ann McCauley,306 Estes Drive Ext #M7,Carrboro NC 27510
Patricia Annette McGinnis,101 Hillview St #1,Carrboro NC 27510
Cynthia Lay McLaren,106 Ashe St,Carrboro NC 27510
Philip Gabriel McLaughlin,107 Starlite Dr,Carrboro NC 27510
Rex Alex McQueen,306 Estes Drive Ext #P-9,Carrboro NC 27510
James Michael McWilliams,233 Stable Rd,Carrboro NC 27510
Junaid Salim Merchant,1006 N Greensboro St,Carrboro NC 27510
Lisa Jenise Meyer,149 Viburnum Way,Carrboro NC 27510
Guy Milhalter,101 Thomas Ln #B-3,Carrboro NC 27510
Riley Valenti Miller,108 Estes Drive Ext #A,Carrboro NC 27510
Lindsey Joan Mockel,105 Estes Drive Ext #B,Carrboro NC 27510
Bobby Montez,306 Estes Drive Ext #M-5,Carrboro NC 27510
Brigida Rebecca Montez,306 Estes Drive Ext #M-5,Carrboro NC 27510
Katrina Dianne Montez,306 Estes Drive Ext #M5,Carrboro NC 27510
Stephen Lee Moore,108 Ashe St,Carrboro NC 27510
Jason Edward Morales,506 N Greensboro St #1,Carrboro NC 27510
Jacqueline Anne Morningstar,159 Viburnum Way,Carrboro NC 27510
Scott N Morningstar,185 Viburnum Way,Carrboro NC 27510
Beverly J Morrow,109 Starlite Dr,Carrboro NC 27510
Ainsley Elizabeth Morse,112 Hanna St,Carrboro NC 27510
Bevin Mary Kassandra Mraw,306 Estes Drive Ext #J4,Carrboro NC 27510
Leigh Nathan Mundis,108 Estes Drive Ext #D,Carrboro NC 27510
Allison Elizabeth Murphy,102 Crest St #D,Carrboro NC 27510
Jonathan Carrington Nagy,306 Estes Drive Ext #G6,Carrboro NC 27510
Michael Alexander Naumoff,109 Viburnum Way,Carrboro NC 27510
Matthew Hobbs Neal,109 Shelton St,Carrboro NC 27510
Sheila Dalton Neal,109 Shelton St,Carrboro NC 27510
Eric Christian Nessl,102 Eugene St,Carrboro NC 27510
Evelyn Neville,103 Hillview St,Carrboro NC 27510
John Taj Alexander Neville,504 N Greensboro St #A,Carrboro NC 27510
Janaki Nicastro,100 Williams St #C,Carrboro NC 27510
Jessica Leigh Nichols,506 N Greensboro St #9,Carrboro NC 27510
Antoinette Joan Nienaber,222 Broad St #A,Carrboro NC 27510
Joseph Carter Nienaber,222 Broad St #A,Carrboro NC 27510
Harriet Divoky Nittoli,114 Hanna St #A,Carrboro NC 27510
Robert Keniston Noti,104 W Main St #3,Carrboro NC 27510
Nkechinyere Ofonna Nwoko,101 Hillview St #2,Carrboro NC 27510
Tina Louise Ongoro,306 Estes Drive Ext #G16,Carrboro NC 27510
Fabio A Ortiz,506 N Greensboro St #41,Carrboro NC 27510
Ricardo Manuel Palao,103 Boyd St,Carrboro NC 27510
Reed Nelson Palmer,254 Sweet Bay Pl,Carrboro NC 27510
Robert Eugene Palmer,236 Sweet Bay Pl,Carrboro NC 27510
Alicia Marie Parlapiano,281 Sweet Bay Pl,Carrboro NC 27510
Robert Lee Patterson,102 Ashe St #A,Carrboro NC 27510
Dawn Aolani Peebles,117 Viburnum Way,Carrboro NC 27510
Katherine Ann Pepin,606 N Greensboro St #C3,Carrboro NC 27510
Sophie Elizabeth Piesse,100 Purple Leaf Pl,Carrboro NC 27510
Donald D Pio,102 Hillview St,Carrboro NC 27510
Brandon David Pittman,111 Estes Drive Ext #A,Carrboro NC 27510
John E Podlipec,1202 N Greensboro St,Carrboro NC 27510
Matthew Scott Poindexter,104 Brewer Ln #C-2,Carrboro NC 27510
Eunice Mirian Polido,PO Box 1112,Carrboro NC 27510
Dianna Adele Potter,406 Lloyd St,Carrboro NC 27510
Avinash Janardan Prasad,112 Hillcrest Ave,Carrboro NC 27510
Henry Airheart Presler,217 Stable Rd,Carrboro NC 27510
Judith Heiss Presler,217 Stable Rd,Carrboro NC 27510
Thomas Charles Pullard,271 Sweet Bay Pl,Carrboro NC 27510
Karl Walter Rabe,PO Box 709,Richwood Wv 26261
Merrick Nichols Rahl,108 Hanna St,Carrboro NC 27510
Alexander Nathan Raines,102 Red Sunset Pl,Carrboro NC 27510
Lindsey Mary Rava,700 N Greensboro St,Carrboro NC 27510
Tara Reed,401 E Poplar Ave #B,Carrboro NC 27510
P. Douglas Renfrew,105 Starlite Dr #B,Carrboro NC 27510
Howard Wuk Rhee,116 Purple Leaf Pl,Carrboro NC 27510
Brendan Timothy Rice,504 N Greensboro St #B,Carrboro NC 27510
Michael Brinson Richardson,306 Estes Drive Ext #H16,Carrboro NC 27510
William Robert Ridenour,102 Crest St #C,Carrboro NC 27510
Henrietta D Riggsbee,104 Watters Rd,Carrboro NC 27510
Janell L Riggsbee,116 Eugene St,Carrboro NC 27510
Margery Anne Rinaldi,506 N Greensboro St #12,Carrboro NC 27510
Eston Travis Rives,103 Hillview St,Carrboro NC 27510
Jerome Roberson,101 Lindsay St,Carrboro NC 27510
Benjamin Harper Robinson,306 Estes Drive Ext #P16,Carrboro NC 27510
Kelly Lynn Robinson,104 Brewer Ln #C8,Carrboro NC 27510
Adam Searle Rogers,301 Pleasant Dr #1,Carrboro NC 27510
Joseph Michael Romeo,400 W Main St,Carrboro NC 27510
Kelly Brooke Ross,1102 N Greensboro St,Carrboro NC 27510
Matthew Jason Roybal,104 Center St,Carrboro NC 27510
Betty Marie Rupp,103 Hillcrest Ave,Carrboro NC 27510
Irene Alice Sadler,102 Watters Rd,Carrboro NC 27510
Marian Florence Sadler,102 Watters Rd,Carrboro NC 27510
Jesse Aaron Safir,110 Hillcrest Ave,Carrboro NC 27510
Melanie Lynne Safir,110 Hillcrest Ave,Carrboro NC 27510
Lynn Sue Salazar-Wadford,102 Pleasant Dr #B,Carrboro NC 27510
Ghazaleh Samandari,256 Sweet Bay Pl,Carrboro NC 27510
Kari Ann Samuel,506 N Greensboro St #15,Carrboro NC 27510
Sara Beth Satinsky,302 Pleasant Dr,Carrboro NC 27510
Adam R Schaefer,108 Pleasant Dr #A,Carrboro NC 27510
Wyatt Steven Schaefer,114 Estes Drive Ext #C,Carrboro NC 27510
Rachel Hillary Schneider,200 Lloyd St #A,Carrboro NC 27510
Lea Scott,800 N Greensboro St,Carrboro NC 27510
Christopher Wayne Shambley,108 Hanna St #A,Carrboro NC 27510
Nathaniel Paul Sharadin,309 Broad St #B,Carrboro NC 27510
Trisha E Shelly,106 Watters Rd #A,Carrboro NC 27510
Philip Thomas Shelton,104 Brewer Ln #A1,Carrboro NC 27510
Sean Gregory Skwerer,104 Brewer Ln #5c,Carrboro NC 27510
Jonathan Brooks Slaughter,238 Sweet Bay Pl,Carrboro NC 27510
Aaron Nathaniel Smithers,121 Estes Drive Ext,Carrboro NC 27510
Gordon Franklin Smith,306 Estes Drive Ext #A19,Carrboro NC 27510
Rachael Barton Smith,101 Cobb St,Carrboro NC 27510
Phillip Son,207 Oak Ave,Carrboro NC 27510
Joseph Edward South,104 E Carr St,Carrboro NC 27510
Trea Eliza South,104 E Carr St,Carrboro NC 27510
Jared T Spangler,506 N Greensboro St #40,Carrboro NC 27510
Sean Ryan Spollen,203 Brewer Ln,Carrboro NC 27510
Jessie Kerr Steffen,243 Stable Rd,Carrboro NC 27510
Blaire Janell Steinwand,403 S Greensboro St,Carrboro NC 27510
Robert Mitchell Stephens,238 Sweet Bay Pl,Carrboro NC 27510
Hayden Leland Strickling,200 E Poplar Ave,Carrboro NC 27510
Katherine Murphy Studwell,400 Lloyd St,Carrboro NC 27510
Thomas Alexander Suberman,103 Center St,Carrboro NC 27510
Aaron Benjamin Summer,240 Stable Rd,Carrboro NC 27510
Mark Harrison Summers,104 Brewer Ln #C6,Carrboro NC 27510
Weiguo Sun,100 Harvest Ct,Carrboro NC 27510
Sybil Tate,104 Ashe St,Carrboro NC 27510
Brian Wesley Taylor,202 Maple Ave #A,Carrboro NC 27510
Curtis Ray Taylor,285 Sweet Bay Pl,Carrboro NC 27510
Jeffery Douglas Teague,209 Oak Ave #A,Carrboro NC 27510
Peter Matthew Thompson,606 N Greensboro St #A3,Carrboro NC 27510
Sherdenia Thompson,204 Lloyd St,Carrboro NC 27510
Mario David Tobias,306 Estes Drive Ext #K3,Carrboro NC 27510
Kirill S Tolpygo,506 N Greensboro St #18,Carrboro NC 27510
Brian Patrick Toomey,200 Ashe St,Carrboro NC 27510
Carlos Rafael Toriello,122 S Merritt Mill Rd,Chapel Hill NC 27516
Bonnie Berryhill Truitt,306 Estes Drive Ext #I2,Carrboro NC 27510
James Earl Turner,605 Oak Ave #F2,Carrboro NC 27510
Lori Brook Tyler,107 Hargraves St,Carrboro NC 27510
Emil David Usinger,219 Maple Ave,Carrboro NC 27510
Heather Rae Valli,110 Estes Drive Ext #B,Carrboro NC 27510
Laura Anne Velkey,202 Maple Ave #A,Carrboro NC 27510
Anshu Verma,101 Thomas Ln #B1,Carrboro NC 27510
Charles Lowell Viles,167 Viburnum Way,Carrboro NC 27510
Elizabeth Cole Vollins,235 Stable Rd,Carrboro NC 27510
James Andrew Vollins,235 Stable Rd,Carrboro NC 27510
Ronald Gene Warner,206 Purple Leaf Pl,Carrboro NC 27510
Teresa Renee Warner,206 Purple Leaf Pl,Carrboro NC 27510
Chloe Larken Weatherill,502 N Greensboro St #2,Carrboro NC 27510
Aaron David Webel,281 Sweet Bay Pl,Carrboro NC 27510
Andrew Chang West,101 Shelton St,Carrboro NC 27510
Earl A White III,PO Box 4831,Chapel Hill NC 27515
Heru Hampdyn Behmleo Williams,261 Sweet Bay Pl,Carrboro NC 27510
Kelsey McKinley Williams,201 Lindsay St,Carrboro NC 27510
Jennifer Ann Williamson,205 Oak Ave,Carrboro NC 27510
Robert Kenneth Williams III,606 N Greensboro St #B5,Carrboro NC 27510
Steven David Williams,201 Lindsay St,Carrboro NC 27510
Whitney Le'nell Williams,306 Estes Drive Ext #H4,Carrboro NC 27510
Alexander Michael Wilson,107 Mulberry St #B,Carrboro NC 27510
Jennifer Orr Wilson,107 Mulberry St #B,Carrboro NC 27510
Natasha Marie Wilson,101 Hillview St #2,Carrboro NC 27510
David Christian Wiltshire,Pob 246,Chapel Hill NC 27514
Sara Elizabeth Wobker,506 N Greensboro St #23,Carrboro NC 27510
David Alain Wohl,105 Watters Rd,Carrboro NC 27510
Jamika Renee Wolfe,306 Estes Drive Ext #M14,Carrboro NC 27510
Susan Catherine Wu,303 S Greensboro St,Carrboro NC 27510
Fredrick Darius Yarbough,306 Estes Drive Ext #C7,Carrboro NC 27510
Karin Beatrice Yeatts,111 Mulberry St #B,Carrboro NC 27510
Sindhu Minta Zagoren,100 Hanna St #B,Carrboro NC 27510
Cameron James Zarrabzadeh,106 Hanna St,Carrboro NC 27510
Thomas Philip Zito,101 Pleasant Dr,Carrboro NC 27510
Bahija Ziyarhi,306 Estes Drive Ext #A9,Carrboro NC 27510
