Mohammed Aitmbarek,501 NC Hwy 54 Byp #K5,Carrboro Nc 27510
Paul Lope Alabanza,201 Westbrook Dr,Carrboro NC 27510
Paticia Connor Antonevitch,200 Barnes St #B1,Carrboro NC 27510
Thomas Dale Barefoot,200 Barnes St #A-12,Carrboro NC 27510
Samuel Edison Benton III,101 Chaucer Ct,Carrboro NC 27510
Loretta Joy Bohn,501 Jones Ferry Rd #P-3,Carrboro NC 27510
Adia Kamali Bradley,605 Jones Ferry Rd #Kk8,Carrboro NC 27510
Joshua Tanner Brink,200 Barnes St #G10,Carrboro NC 27510
Chris Paul Burns,401 NC Hwy 54 Byp #D6,Carrboro Nc 27510
William Adam Carter,200 Barnes St #E12,Carrboro NC 27510
Gregory Allen Cash,605 Jones Ferry Rd #Vv02,Carrboro NC 27510
Avery Grayson Cheves,139 Friar Ln,Carrboro NC 27510
Anthony James Cleves,601 Jones Ferry Rd #N4,Carrboro NC 27510
Jerry Keith Connelly,105 Chaucer Ct,Carrboro NC 27510
Thomas Fredrick Coyle,605 Jones Ferry Rd,Carrboro NC 27510
Amy Booker Crews,601 Jones Ferry Rd #L-2,Carrboro NC 27510
Barbara Lynn Eades,605 Jones Ferry Rd #Cc-7,Carrboro NC 27510
Erin Edwards,605 Jones Ferry Rd #Uu2,Carrboro NC 27510
David Eric Enblom,501 Jones Ferry Rd #Q2,Carrboro NC 27510
Ervin Eubanks Jr,401 NC Hwy 54 Byp #B46,Carrboro Nc 27510
Shawna Eubanks,401 NC Hwy 54 Byp #B46,Carrboro Nc 27510
Tiffany Nicole Fields,605 Jones Ferry Rd #Vv3,Carrboro NC 27510
Keona Lakaja Foushee,601 Jones Ferry Rd #D1,Carrboro NC 27510
Diane Pauline Fruge,114 Lantern Way,Carrboro NC 27510
Joanna Marie Furno,200 Barnes St #E5,Carrboro NC 27510
Steven Andrew Gale,116 Chaucer Ct,Carrboro NC 27510
Elderelia A Garcia,605 Jones Ferry Rd #Jj-08,Carrboro NC 27510
Manuel J Garcia,605 Jones Ferry Rd #Jj08,Carrboro NC 27510
Christopher David Gibbons,201 Westbrook Dr #B11,Carrboro NC 27510
Scott Jerome Greenberg,104 Cedarwood Ln,Carrboro NC 27510
Mary Elizabeth Grey,601 Jones Ferry Rd #M7,Carrboro NC 27510
Matthew Grey,601 Jones Ferry Rd #M7,Carrboro NC 27510
Janine Boldrin Gwinn,316 S Moore Loop #A,West Point Ny 10996
William Zachary Haines,201 Westbrook Dr #C22,Carrboro NC 27510
Gary Lee Harrison,106 W Carr St #6,Carrboro NC 27510
Douglas Joseph Hartz,121 Weatherhill Pt,Carrboro NC 27510
Jennifer Leigh Reece Hartz,121 Weatherhill Pt,Carrboro NC 27510
James Frederick Haskins,123 Weatherhill Pt,Carrboro NC 27510
Brooke Elizabeth Hassinger,601 Jones Ferry Rd #B-12,Carrboro NC 27510
James Ronald Jones,601 Jones Ferry Rd #N-2,Carrboro NC 27510
Patrick Buchanan Jones,114 S Columbia St,Chapel Hill NC 27514
Mary Katherine Kelm,103 Lorilane Dr,Carrboro NC 27510
Matthew Jonathan Kelm,103 Lorilane Dr,Carrboro NC 27510
Sylvia Phillips Kiester,105 Tanglewood Ln,Carrboro NC 27510
Sarah Henry Landis,108 Old Pittsboro Rd #B,Carrboro NC 27510
Gloria Marie Lloyd,601 Jones Ferry Rd #M6,Carrboro NC 27510
Jennifer Coleen Lynch,601 Jones Ferry Rd #N3,Carrboro NC 27510
Barbara L Lytle,111 Weatherhill Pt,Carrboro NC 27510
Macary Weck Marciniak,PO Box 865,Chapel Hill NC 27514
Trung Duc Ma,306 Berryhill Dr,Carrboro NC 27510
Michelle Christine McDevitt,605 Jones Ferry Rd #Jj4,Carrboro NC 27510
John Edward Meeker II,103 Ruth St,Carrboro NC 27510
Ryan Christopher Miller,605 Jones Ferry Rd #Gg-15,Carrboro NC 27510
Thomas William Monahan IV,101 Friar Ln,Carrboro NC 27510
Mary McCarty Nordlie,200 Barnes St #H7,Carrboro NC 27510
Loretta Clark Prevo,400 Westbrook Dr,Carrboro NC 27510
Andrew Price,209 Jones Ferry Rd #A,Carrboro NC 27510
Michael Justin Queen,201 Westbrook Dr #D4,Carrboro NC 27510
John Stuart Rabon,605 Jones Ferry Rd #Rr1,Carrboro NC 27510
Mabule Bobbie Ramadanovic,119 Weatherhill Pt,Carrboro NC 27510
Theresa Marie Randolph,424 S Greensboro St,Carrboro NC 27510
Elizabeth Mitchell Redeker,108 Friar Ln,Carrboro NC 27510
Rachel Leann Redler,430 S Greensboro St #4,Carrboro NC 27510
Joann Maynard Reed,605 Jones Ferry Rd,Carrboro NC 27510
Nathan Turner Rogers,601 Jones Ferry Rd #K10,Carrboro NC 27510
Aaron Delaney Russell,111 Jones Ferry Rd,Carrboro NC 27510
Daniel Victor Samarov,104 Lorilane Dr,Carrboro NC 27510
Judy Cobb Schick,605 Jones Ferry Rd #Jj9,Carrboro NC 27510
Barbara Peterson Shull,100 Friar Ln,Carrboro NC 27510
Louise Brewer Spinks,501 Jones Ferry Rd #G5,Carrboro NC 27510
Tabitha Roberts Storm,605 Jones Ferry Rd #Nn01,Carrboro NC 27510
Richard Mark Taub,105 Jones Ferry Rd #O,Carrboro NC 27510
Sarah Secreast Thompson,501 NC Hwy 54 Byp #C2,Carrboro Nc 27510
Thomas Bradford Trobaugh,401 NC Hwy 54 Byp #C12,Carrboro Nc 27510
Jan-Willem Alexander Vandervaart,501 Jones Ferry Rd #Q-9,Carrboro NC 27510
Kimberly Lynn Vaughn,201-C17 Westbrook Dr,Carrboro NC 27510
Larry Wayne Veasey,135 Lantern Way,Carrboro NC 27510
Johnathan Russell Waugh,605 Jones Ferry Rd #Uu2,Carrboro NC 27510
Helene B Weck,605 Jones Ferry Rd #Vv-10,Carrboro NC 27510
William Joseph Weck,605 Jones Ferry Rd #Vv-10,Carrboro NC 27510
Gregory Francis Welch,317 Westbrook Dr,Carrboro NC 27510
Linda Anne Welch,317 Westbrook Dr,Carrboro NC 27510
Christina Jeannette White,201 Westbrook Dr #B7,Carrboro NC 27510
Scott Steven Wilcoxen,601 Jones Ferry Rd #A17,Carrboro NC 27510
Justin Tinshung Wong,601 Jones Ferry Rd #A12,Carrboro NC 27510
Patricia Mary Yowell,111 Walden Dr,Carrboro NC 27510
Dolores B Zimmer,127 Weatherhill Pt,Carrboro NC 27510
Joanne Mary Zimmer,103 Tanglewood Ln,Carrboro NC 27510
Eric Iredell Zimmerman,601 Jones Ferry Rd #A2,Carrboro NC 27510
