Stephen Ronald Aylward,249 Sweet Bay Pl,Carrboro NC 27510
Paul Bernard Barrett,240 Sweet Bay Pl,Carrboro NC 27510
Carolyn Hanaway Benjamin,200 Weathervane Dr,Carrboro NC 27510
Gracie Eller Brown,113 Lindsay St,Carrboro NC 27510
Charles Douglas Browning Jr,PO Box 906,Carrboro NC 27510
Roy Deland Brown,113 Lindsay St,Carrboro NC 27510
Kendra Leigh Christensen,506 N Greensboro St #34a,Carrboro NC 27510
Angela Davis,200 Crest St #A-12,Carrboro NC 27510
Julie Anne Falconer,107 Hanna St #A,Carrboro NC 27510
Larry Dean Farrell Jr,506 N Greensboro St #4,Carrboro NC 27510
Robert Alton Goins,215 Maple Ave,Carrboro NC 27510
Kyle David Grode,403 S Greensboro St,Carrboro NC 27510
Betty P Hitchcock,102 Weathervane Dr,Carrboro NC 27510
Mark J Hollar Jr,306 Estes Drive Ext #B13,Carrboro NC 27510
Judy Suitt Huntsman,205 Shelton St,Carrboro NC 27510
Finith Ewin Jernigan III,317 Sweet Bay Pl,Carrboro NC 27510
Belinda Marie Johnson,101 Cobb St,Carrboro NC 27510
Robert Napoleon Joyner Jr,100 Purple Leaf Pl,Carrboro NC 27510
Jeanne Genre Lorio,104 Weathervane Dr,Carrboro NC 27510
Stephen Henry Millender II,101 Hanna St,Carrboro NC 27510
Emilie Grace Moseley,104 Brewer Ln #B4,Carrboro NC 27510
Daniel Jeffrey Moyles,101 Thomas Ln #C-1,Carrboro NC 27510
Kinsley Rae Parsons,600 N Greensboro St #C,Carrboro NC 27510
Sam Brock Pellerito,101 Thomas Ln #D4,Carrboro NC 27510
Joseph Thomas Principe,108 Elm St,Carrboro NC 27510
Joseph Howell Robertson III,129 Estes Drive Ext,Carrboro NC 27510
Lexie Mariel Rodriguez,104 Brewer Ln #C-8,Carrboro NC 27510
Dana Jean Saleeby,201 Estes Drive Ext #D,Carrboro NC 27510
Gail Salinsky Smith,101 Thomas Ln #D2,Carrboro NC 27510
Ross Michael Twele,606 N Greensboro St #D1,Carrboro NC 27510
Daniel Paul Verges,101 Thomas Ln #C1,Carrboro NC 27510
Christopher Robert Wing,300 Sweet Bay Pl,Carrboro NC 27510
Ashley Kendall Winslow,273 Sweet Bay Pl,Carrboro NC 27510
George Arthur Witham,206 Pleasant Dr,Carrboro NC 27510
Patrick Charles Wohlfarth,506 N Greensboro St #20,Carrboro NC 27510
Martha Farrington Wright,111 Hill St,Carrboro NC 27510
