Ashley Brooke Arndt,100 Rose Walk Ln,Carrboro NC 27510
Jeff Noble Berndt,211 Rose Walk Ln,Carrboro NC 27510
Bruce Reinhold Boehmke,104 Primrose Ln,Carrboro NC 27510
Cynthia Elaine Boehmke,104 Primrose Ln,Carrboro NC 27510
Mira Brancu,112 Primrose Ln,Carrboro NC 27510
Melissa Villanueva Cabellon,215 Rose Walk Ln,Carrboro NC 27510
Gina Marie Carlotti,331 Rose Walk Ln,Carrboro NC 27510
Jolanta Piechowka Coley,114 Primrose Ln,Carrboro NC 27510
Paul Alexander Dayton,101 River Walk Ln,Carrboro NC 27510
James Foster Fearrington III,108 Rose Walk Ln,Carrboro NC 27510
Prem Fort,102 Primrose Ln,Carrboro NC 27510
Archana Gowda,110 Primrose Ln,Carrboro NC 27510
Jeffrey Alan Greene,112 Primrose Ln,Carrboro NC 27510
Genevieve Marie Guibert,108 Rose Walk Ln,Carrboro NC 27510
Mary Elizabeth Gulla,337 Rose Walk Ln,Carrboro NC 27510
Samantha Leigh Hayes,213 Rose Walk Ln,Carrboro NC 27510
Sandra C Kim,227 Rose Walk Ln,Carrboro NC 27510
Gail Marietta McMillan,110 Rose Walk Ln,Carrboro NC 27510
Laurie Kathryn Power,114 Rose Walk Ln,Carrboro NC 27510
Timothy Brian Power,114 Rose Walk Ln,Carrboro NC 27510
Sheila Helena Rao-Dayton,205 Rose Walk Ln,Carrboro NC 27510
David Charles R Reid,114 Primrose Ln,Carrboro NC 27510
Jessica Beth Salansky,108 Primrose Ln,Carrboro NC 27510
Nicole Willis Sammons,231 Rose Walk Ln,Carrboro NC 27510
Elise Michele Schwartz,341 Rose Walk Ln,Carrboro NC 27510
Samantha Leigh Schwartz,341 Rose Walk Ln,Carrboro NC 27510
Hal Brant Wansley,102 Rose Walk Ln,Carrboro NC 27510
Joel Forrest Wright,106 Rose Walk Ln,Carrboro NC 27510
Rebecca Bailey Wright,106 Rose Walk Ln,Carrboro NC 27510
