Amanda Abbott,105 Fidelity St #B-2,Carrboro NC 27510
Ahmad Abdel Halim Abdallat,602 Jones Ferry Rd #K,Carrboro NC 27510
Oren Maxwell Abeles,103 Westview Dr #I,Carrboro NC 27510
Jason Alexander Abide,114 Bim St #A,Carrboro NC 27510
Jennifer Meg Abramson,617 W Main St #B,Carrboro NC 27510
Lillie Peppers Adjei,200 NC Hwy 54 Byp #D-204,Carrboro Nc 27510
Nana Kwesi Adjei,118 Bim St #A,Carrboro NC 27510
Justin Ray Ainsworth,105 Fidelity St #A2,Carrboro NC 27510
Peter Westcott Aldrich,201 NC Hwy 54 Byp #404,Carrboro Nc 27510
Cynthia Michelle Alston,116 Bim St #A,Carrboro NC 27510
Evelyn B Alston,105 Fidelity St #B-37,Carrboro NC 27510
Mary E Alston,600 W Poplar Ave,Carrboro NC 27510
Patrick David Alston,322 Davie Rd #A,Carrboro NC 27510
Hillary Erin Anderson,118 Bim St #G,Carrboro NC 27510
Delphine Elizabeth Andrews,201 W Poplar Ave,Carrboro NC 27510
Dana Archer-Rosenthal,121 Westview Dr #51,Carrboro NC 27510
Angelita Ashburn,112 NC Hwy 54 Byp #F3,Carrboro Nc 27510
Kimberly Jo Ashley,605 W Main St #303,Carrboro NC 27510
Vickie Webb Atkinson,401 W Poplar Ave,Carrboro NC 27510
Rachael Elaine Atwell,709 Davie Rd,Carrboro NC 27510
Laurel Elizabeth Averett,105 Fidelity St #A-55,Carrboro NC 27510
Taiwo Adedapo Ayankoya,200 Gary Rd,Carrboro NC 27510
Michael George Backlund,222 Old Fayetteville Rd #L304,Carrboro NC 27510
Beth Dehaven Bader,112 NC Hwy 54 Byp #L-5,Carrboro Nc 27510
Laura Elizabeth Baecher,400 Davie Rd #7,Carrboro NC 27510
Dale Larue Bailey,121 Westview Dr #54,Carrboro NC 27510
Robert James Bailey,200 NC Hwy 54 Byp #H104,Carrboro Nc 27510
Timothy David Baird,105 Fidelity St #B-10,Carrboro NC 27510
Vimla Bajpai,600 W Poplar Ave #131,Carrboro NC 27510
Carrie Elizabeth Banks,105 Fidelity St #A17,Carrboro NC 27510
Diana Alison Barden,400 Davie Rd #43,Carrboro NC 27510
Bryan Chapman Barnes,201 NC Hwy 54 Byp #626,Carrboro Nc 27510
Africa Nalaungo Barnhill,404 Jones Ferry Rd #D10,Carrboro NC 27510
Lydia Barrigan,222 Old Fayetteville Rd #E307,Carrboro NC 27510
Meaghan Elizabeth Barron,112 NC Hwy 54 Byp #U-5,Carrboro Nc 27510
Christopher William Barto,201 NC Hwy 54 Byp #723,Carrboro Nc 27510
Ashley Nicole Bass,222 Old Fayetteville Rd #G-303,Carrboro NC 27510
Emily Ann Batchelder,124 Fidelity St #39,Carrboro NC 27510
Sarah Elizabeth Bauerle,222 Old Fayetteville Rd #D103,Carrboro NC 27510
Jonathan Livingston Baxter,500 Davie Rd #B,Carrboro NC 27510
Sabrina Beth Bazin,400 Davie Rd #70,Carrboro NC 27510
Stephen Blair Beaver,112 NC Hwy 54 Byp #R5,Carrboro Nc 27510
Selena Nicole Beckman-Harned,112 Bim St #B,Carrboro NC 27510
Phoebe Scott Beck,600 W Poplar Ave #254,Carrboro NC 27510
Emily Louise Beidler,100 Westview Dr,Carrboro NC 27510
Eric Christopher Beiter,403 W Poplar Ave,Carrboro NC 27510
Sherry Rena Bell,222 Old Fayetteville Rd #M102,Carrboro NC 27510
Cedric Benton,201 Davie Rd #C,Carrboro NC 27510
Celia Burnsie Benton,101 NC Hwy 54 Byp #H5,Carrboro Nc 27510
Elizabeth Lea Bergen,124 Fidelity St #3,Carrboro NC 27510
Edmund Randolph B Berkeley,105 Fidelity St #A8,Carrboro NC 27510
Rebecca Hope Best,205 Davie Rd #A,Carrboro NC 27510
Barbara Anne Bewerse,201 NC Hwy 54 Byp #311,Carrboro Nc 27510
Lindy Kay Beyer,400 Davie Rd #21,Carrboro NC 27510
Neil William Bias,104 NC Hwy 54 Byp #261-R,Carrboro Nc 27510
Amanda Margaret Black,121 Westview Dr #49,Carrboro NC 27510
Constance Sue Black,600 W Poplar Ave #234,Carrboro NC 27510
Jerrie Schmalzer Blacklin,222 Old Fayetteville Rd #I-207,Carrboro NC 27510
Sarah Elizabeth Blacklin,222 Old Fayetteville Rd #I-207,Carrboro NC 27510
Roberto Alejandro Blanco,119 Fidelity St #E2,Carrboro NC 27510
Aaron Nelson Bland,222 Old Fayetteville Rd #B104,Carrboro NC 27510
Justin David Blatt,506 Davie Rd,Carrboro NC 27510
Alison Ann Boden,222 Old Fayetteville Rd #I308,Carrboro NC 27510
Kenneth Wayne Boone,404 Jones Ferry Rd #E-14,Carrboro NC 27510
Sabrina Kristine Borst,200 W Poplar Ave #4,Carrboro NC 27510
Linda Anne Bourne,PO Box 655,Carrboro NC 27510
Katharine Adrenne Bouser,222 Old Fayetteville Rd #C204,Carrboro NC 27510
Warren Bowen,600 Davie Rd,Carrboro NC 27510
Jason Joseph Bowers,202 Davie Rd #A,Carrboro NC 27510
Stephanie Glasson Bowers,709 W Main St,Carrboro NC 27510
William Jason Bowman,222 Old Fayetteville Rd #301-F,Carrboro NC 27510
Martha Elizabeth Bowser,600 W Poplar Ave #348,Carrboro NC 27510
Susana Elizabeth Brache,124 Fidelity St #42,Carrboro NC 27510
Laurel Almira Bradley,119 Fidelity St #F-2,Carrboro NC 27510
Mark Francis Brady,222 Old Fayetteville Rd #M103,Carrboro NC 27510
David Lee Branch Jr,203 Alabama Ave,Carrboro NC 27510
Nancy Elizabeth Sheff Brandon,1301 W Main St,Carrboro NC 27510
Sara Rose Brandspigel,103 Westview Dr #G,Carrboro NC 27510
Lorena Smarr Braswell,624 Jones Ferry Rd,Carrboro NC 27510
Sarah Rachel Brauner-Otto,105 Fidelity St #A12,Carrboro NC 27510
Rhonda Ann Brenton,222 Old Fayetteville Rd #E-105,Carrboro NC 27510
Ira Steven Bresky,104-B W Poplar Ave,Carrboro NC 27510
Emily Marie Brewer,103 Raven Ln,Carrboro NC 27510
Jessica Lynne Brinson,201 NC Hwy 54 Byp #405,Carrboro Nc 27510
Brigid Lee Cox Bronik,121 Westview Dr #22,Carrboro NC 27510
Christopher Byron Brooke,400 Davie Rd #9,Carrboro NC 27510
Amanda Lindsey Brooks,124 Fidelity St #9,Carrboro NC 27510
Kent Ross Brooks,222 Old Fayetteville Rd #M104,Carrboro NC 27510
Jordan Bross,222 Old Fayetteville Rd #E301,Carrboro NC 27510
Amanda Mary Brown,705 W Main St #D,Carrboro NC 27510
Bertha D Brown,201 NC Hwy 54 Byp #504,Carrboro Nc 27510
Margaret Kristin Browne,121 Westview Dr #33,Carrboro NC 27510
Lauren Elizabeth Brown,PO Box 1363,Chapel Hill NC 27514
Michael David Brown,705 W Main St #D,Carrboro NC 27510
Robin Brown Pipkins,500 Davie Rd #B,Carrboro NC 27510
Sandler Latron Bryson,200 NC Hwy 54 Byp #L302,Carrboro Nc 27510
Beatrice O Budnick,600 W Poplar Ave #150,Carrboro NC 27510
Rashida Alethea Bullard,200 NC Hwy 54 Byp #N308,Carrboro Nc 27510
Delphine Alice Bull,103 Keith Rd,Carrboro NC 27510
John Christopher Bulluck,PO Box 1078,Chapel Hill NC 27514
Mark Anthony Bunbury,201 NC Hwy 54 Byp #604,Carrboro Nc 27510
Emily Dawn Bunner,201 NC Hwy 54 Byp #406,Carrboro Nc 27510
Helen W Burden,201 NC Hwy 54 Byp #501,Carrboro Nc 27510
Jennifer Victoria Burnette,114 Glosson Cir,Carrboro NC 27510
Dennis Michael Burns,306 Davie Rd,Carrboro NC 27510
Emily Susan Burrill,201 NC Hwy 54 Byp #521,Carrboro Nc 27510
Ann Holloway Bush,200 Jones Ferry Rd,Carrboro NC 27510
Matthew Angelo Busillo,112 NC Hwy 54 Byp #J4,Carrboro Nc 27510
John Henry Butler,201 Gary Rd,Carrboro NC 27510
Pamela T Butler,201 Gary Rd,Carrboro NC 27510
Matthew Lewis Buttler,201 NC Hwy 54 Byp #513,Carrboro Nc 27510
Chad Byrne,501 W Poplar Ave,Carrboro NC 27510
Grace Zehnder Camblos,124 Fidelity St #41,Carrboro NC 27510
Rose Ellen Campagnola,105 Fidelity St #A48,Carrboro NC 27510
Demetrius Shaumond Campbell,404 Jones Ferry Rd #D15,Carrboro NC 27510
Offleta Rankin Campbell,404 Jones Ferry Rd #B1,Carrboro NC 27510
Stephen M Campbell,222 Old Fayetteville Rd #J-304,Carrboro NC 27510
Timica Donyeal Campbell,105 Fidelity St #B31,Carrboro NC 27510
Abby Caroline Cannon,105 Fidelity St #A-53,Carrboro NC 27510
Arwen Angela Carlin,201 NC Hwy 54 Byp #306,Carrboro Nc 27510
Roal Wesley Carlson,222 Old Fayetteville Rd #K202,Carrboro NC 27510
Rochelle Hiawatha Carlton,112 NC Hwy 54 Byp #E7,Carrboro Nc 27510
Caty Diane Carpenter,222 Old Fayetteville Rd #L203,Carrboro NC 27510
Rachael Rene Carpenter,201 NC Hwy 54 Byp #509,Carrboro Nc 27510
Mary Jean Carroll,112 NC Hwy 54 Byp #U2,Carrboro Nc 27510
Patricia Chase Carroll,121 Westview Dr #28,Carrboro NC 27510
Scott Richard Carroll,112 NC Hwy 54 Byp #U2,Carrboro Nc 27510
Ashley David Carse,105 Fidelity St #B27,Carrboro NC 27510
Hannah Vaughn Carson,124 Bim St #B,Carrboro NC 27510
Meghan Maree Casey,201 NC Hwy 54 Byp #607,Carrboro Nc 27510
Dynasty D'Altra Cash,404 Jones Ferry Rd #G6,Carrboro NC 27510
Erin Elizabeth Cashwell,400 Davie Rd #31,Carrboro NC 27510
Luke Jeremiah Castillo,404 Jones Ferry Rd #B15,Carrboro NC 27510
Lahnna Isabel Catalino,222 Old Fayetteville Rd #I-380,Carrboro NC 27510
Linze S Cerese,201 NC Hwy 54 Byp #718,Carrboro Nc 27510
Dorothy Galloway Chamblee,101 NC Hwy 54 Byp #K4,Carrboro Nc 27510
Douglas J Chanin,109 Lilac Dr,Carrboro NC 27510
Maria Dolores Charles,222 Old Fayetteville Rd #E106,Carrboro NC 27510
Margaret Marie Cheek,201 NC Hwy 54 Byp #104,Carrboro Nc 27510
Ralph Emerson Cheek,624 Jones Ferry Rd,Carrboro NC 27510
Julie Chen,112 NC Hwy 54 Byp #N-7,Carrboro Nc 27510
Njideka Dumebi Chukwu,112 NC Hwy 54 Byp #W8,Carrboro Nc 27510
Ronald Leon Clabo,222 Old Fayetteville Rd #L-303,Carrboro NC 27510
Devan Mack Clark,105 Kay St,Carrboro NC 27510
Patricia Joyce Clark,105 Kay St,Carrboro NC 27510
William Francis Clayton,100 Raven Ln,Carrboro NC 27510
Kristi Cheek Clemmons,200 NC Hwy 54 Byp #L304,Carrboro Nc 27510
Augustus Miller Cochran,201 NC Hwy 54 Byp #421,Carrboro Nc 27510
Joel Foster Coldren,400 Davie Rd #1,Carrboro NC 27510
Linda D Cole,201 Davie Rd #A,Carrboro NC 27510
Jennifer Merrell Colletti,201 NC Hwy 54 Byp #425,Carrboro Nc 27510
Courtney A Collins,206 Oleander Rd,Carrboro NC 27510
Laura Annette Collins,100 Keith Rd,Carrboro NC 27510
John R Colvin III,105 Fidelity St #B-14,Carrboro NC 27510
Tabitha Suzanne Combs,705 W Main St #E,Carrboro NC 27510
Christopher John Conklin,105 Fidelity St #A24,Carrboro NC 27510
Catherine Amelia Conner,114 Bim St #C,Carrboro NC 27510
Casey O Cook,501 W Poplar Ave,Carrboro NC 27510
Danielle Ryan Cook,201 NC Hwy 54 Byp #301,Carrboro Nc 27510
Elizabeth Camden Cook,205 W Poplar Ave #C,Carrboro NC 27510
Colin Eliot Copeland,103 Blackwood Dr,Carrboro NC 27510
Dexter Lonnell Corbett,200 NC Hwy 54 Byp #M302,Carrboro Nc 27510
Elizabeth Caroline Corbett,624 Jones Ferry Rd #109,Carrboro NC 27510
Eddie Luther Cotton,624 Jones Ferry Rd #321,Carrboro NC 27510
Amber Noel Couch,201 NC Hwy 54 Byp #623,Carrboro Nc 27510
Helena Faith Council,106 Glosson Cir,Carrboro NC 27510
Kelli Renee Council-Lattie,106 Glosson Cir,Carrboro NC 27510
Odell Bently Council,200 Alabama Ave,Carrboro NC 27510
Cynthia Diane Cowan,813 W Main St,Carrboro NC 27510
Elaine Craddock,404 Jones Ferry Rd #B13,Carrboro NC 27510
Thomas Craven,705 W Main St #Apte,Carrboro NC 27510
Douglas Edward Crawley,605 W Main St #302,Carrboro NC 27510
Lori Beth Cuadrado,119 Fidelity St #H5,Carrboro NC 27510
Emily Anne Cubbon,222 Old Fayetteville Rd #I206,Carrboro NC 27510
Caroline Benet Culler,222 Old Fayetteville Rd #D201,Carrboro NC 27510
Deanna Morris Cunningham,200 NC Hwy 54 Byp #H101,Carrboro Nc 27510
John Dowd D'Alessandro,400 Davie Rd #29,Carrboro NC 27510
Whitney Lauren Dane,101 NC Hwy 54 Byp #J7,Carrboro Nc 27510
Robarn Dario Danzman,222 Old Fayetteville Rd #D103,Carrboro NC 27510
Andrew Michael Davis,303 W Poplar Ave #A,Carrboro NC 27510
Casey Jean Davis,112 W Poplar Ave,Carrboro NC 27510
Dawn Marie Davis,201 NC Hwy 54 Byp #617,Carrboro Nc 27510
Lindsey Jennifer Davis,222 Old Fayetteville Rd #B303,Carrboro NC 27510
Mary Burton Davis,100 Kay St #B,Carrboro NC 27510
Michael Oconnor Davis,704 Davie Rd,Carrboro NC 27510
Michael Thomas W Davis,400 Davie Rd #55,Carrboro NC 27510
Rachel Elizabeth Davis,PO Box 136,Chapel Hill NC 27514
Beth Kara Dawkins,112 NC Hwy 54 Byp #U-5,Carrboro Nc 27510
Marisa Jo Deburkarte,112 NC Hwy 54 Byp #D3,Carrboro Nc 27510
Glenn Archie Decker Jr,404 Jones Ferry Rd #19e,Carrboro NC 27510
Jesse James Deconto,102 Gary Rd,Carrboro NC 27510
Pamela G Defoe,222 Old Fayetteville Rd #F303,Carrboro NC 27510
Rachel Sara Dellavalle,119 Fidelity St #H5,Carrboro NC 27510
Mahlet Demeke,101 NC Hwy 54 Byp #H1,Carrboro Nc 27510
Audrey J De Nazelle,303 Gary Rd,Carrboro NC 27510
Sheri Ann Denslow,105 Fidelity St #A38,Carrboro NC 27510
Diane Lizbeth Depietropaolo,112 NC Hwy 54 Byp #W4,Carrboro Nc 27510
Arielle Rachel Derby,119 Fidelity St #F2,Carrboro NC 27510
Courtney Ellen Detwiler,801 W Main St,Carrboro NC 27510
Charles Edward Devico,201 NC Hwy 54 Byp #208,Carrboro Nc 27510
Ashley Brooke Dew,207 Bim St,Carrboro NC 27510
Margaret Elizabeth Dickson,605 W Main St #306,Carrboro NC 27510
Melvin Albert Diggs,PO Box 1207,Carrboro NC 27510
Brooke Archambault Disser,222 Old Fayetteville Rd #A305,Carrboro NC 27510
Otha Jennifer Dixon,112 NC Hwy 54 Byp #V5,Carrboro Nc 27510
Stella Williams Dolby,600 W Poplar Ave #227,Carrboro NC 27510
Helen Jacqueline Dombalis,102 Laurel Ave #B,Carrboro NC 27510
Agatha Susan Donkar,101 NC Hwy 54 Byp #M7,Carrboro Nc 27510
John C Donovan,400 Davie Rd #10,Carrboro NC 27510
Coleen Rae Dorr,201 NC Hwy 54 Byp #727,Carrboro Nc 27510
Christopher Bingham Downs,200 NC Hwy 54 Byp #N302,Carrboro Nc 27510
David M Downs,100 Lynn Dr,Carrboro NC 27510
Kiyah Jo Duffey,105 Fidelity St #B10,Carrboro NC 27510
Eve Marie Duffy,118 W Poplar Ave,Carrboro NC 27510
Rebecca Smith Dunn,502 W Poplar Ave #E-1,Carrboro NC 27510
Christopher David Dye,400 W Poplar Ave,Carrboro NC 27510
Cyprian Dzieciol,300 NC Hwy 54 W #E-5,Carrboro Nc 27510
Bruce Harold Echelberry,200 NC Hwy 54 Byp #N304,Carrboro Nc 27510
Karen Sue Echelberry,200 NC Hwy 54 Byp #N304,Carrboro Nc 27510
Jonathan Maxwell Eckard,112 NC Hwy 54 Byp #V1,Carrboro Nc 27510
Drew Elizabeth Eddins,707 Davie Rd,Carrboro NC 27510
Nancy Robin Edelman,201 NC Hwy 54 Byp #416,Carrboro Nc 27510
William Scott Edmonds,112 NC Hwy 54 Byp #K5,Carrboro Nc 27510
Brittany Michelle Edney,300 Davie Rd,Carrboro NC 27510
April Amanda Edwards,320d Davie Rd,Carrboro NC 27510
Debbie Ann Edwards,200 NC Hwy 54 Byp #P101,Carrboro Nc 27510
Jessica Elizabeth Edwards,112 NC Hwy 54 Byp #K5,Carrboro Nc 27510
Russell Edwards,108 Bert St,Carrboro NC 27510
Marina Elias-Malarka,303 Gary Rd,Carrboro NC 27510
Natalie Elkan,222 Old Fayetteville Rd #E107,Carrboro NC 27510
Demario Demarcus Elleby-Davis,107 Cathy Rd,Carrboro NC 27510
Jeremy Winston Ellender,310 Davie Rd,Carrboro NC 27510
Gwendolyn Maria Ellis,222 Old Fayetteville Rd #D302,Carrboro NC 27510
Kessah Lashawn Ellis,302 Oleander Rd,Carrboro NC 27510
Stacy Sue Erickson,105 Fidelity St #A23,Carrboro NC 27510
Dewey Brent Evans,703 Davie Rd,Carrboro NC 27510
Eugenia P Evans,112 NC Hwy 54 Byp #36,Carrboro Nc 27510
Rhonda Baxter Evans,222 Old Fayetteville Rd,Carrboro NC 27510
Laura Nell Exline,705 W Main St #A,Carrboro NC 27510
Matthew Brewer Ezzell,121 Westview Dr #22,Carrboro NC 27510
Stephen Joseph Fabian,400 Davie Rd #33,Carrboro NC 27510
Anna Marie Fabiszewski,301 W Poplar Ave #B,Carrboro NC 27510
Danielle Elizabeth Faerber,222 Old Fayetteville Rd #I-204,Carrboro NC 27510
Tamara Jean Failor,105 Fidelity St #B-28,Carrboro NC 27510
Jamie Latoya Fairclough,101 NC Hwy 54 Byp #K1,Carrboro Nc 27510
Diane Farrington,105 Fidelity St #A13,Carrboro NC 27510
Kelvin Kendrick Farrington,105 Fidelity St #A13,Carrboro NC 27510
Ruth Etta Farrington,600 W Poplar Ave #308,Carrboro NC 27510
Savannah Farrington,600 W Poplar Ave #333,Carrboro NC 27510
Eugene Daniel Farrug,105 Fidelity St #B1,Carrboro NC 27510
Heather Marie Fayhee,105 Fidelity St #A-21,Carrboro NC 27510
Deborah Alston Fearringston,119 Fidelity St #D-3,Carrboro NC 27510
Susan Theresa Ferraro,112 NC Hwy 54 Byp #P7,Carrboro Nc 27510
David John Fidler,112 NC Hwy 54 Byp #N2,Carrboro Nc 27510
Christopher James Fields,404 Jones Ferry Rd #H18,Carrboro NC 27510
Kelly Lane Carver Finn,400 Davie Rd #54,Carrboro NC 27510
Paul Christopher Finn,400 Davie Rd #54,Carrboro NC 27510
Caitlin Marie Fischer,204 Davie Rd,Carrboro NC 27510
Kara Arielle Fischer,101 NC Hwy 54 Byp #G6,Carrboro Nc 27510
Angela Lynn Fisher,805 W Main St #A,Carrboro NC 27510
Leila Gray Flagg,201 NC Hwy 54 Byp #628,Carrboro Nc 27510
Joseph Louis Florence,222 Old Fayetteville Rd #C203,Carrboro NC 27510
Willie Charles Ford Sr,404 Jones Ferry Rd #A2,Carrboro NC 27510
Bruce W Foriest,200 NC Hwy 54 Byp,Carrboro Nc 27510
Nicole Ann Forman,222 Old Fayetteville Rd #D205,Carrboro NC 27510
Tol Anderson Foster,705 W Main St #B,Carrboro NC 27510
Alesha S Foushee,112 Hwy 54 Bypass #M-4,Carrboro NC 27510
Andrea Lynette Foushee,115 Alabama Ave,Carrboro NC 27510
Jessica Lynn Foust,PO Box 16054,Chapel Hill NC 27516
Sharon Fowler,121 W Poplar Ave,Carrboro NC 27510
Alicia Marie Frame,101 NC Hwy 54 Byp #F7,Carrboro Nc 27510
Rebecca Fraser-Hand,116 Alabama Ave,Carrboro NC 27510
Kristie Boose Freeman,101 NC Hwy 54 Byp #M5,Carrboro Nc 27510
Allan Mathew Freyer,112 NC Hwy 54 Byp #Q5,Carrboro Nc 27510
Heather Ann Fritz,400 Davie Rd #72,Carrboro NC 27510
Erin Leigh Fuchs,222 Old Fayetteville Rd #F207,Carrboro NC 27510
Stephen Michael Fuchs,222 Old Fayetteville Rd #B204,Carrboro NC 27510
Karen Dawson Fuller,404 Jones Ferry Rd #E-17,Carrboro NC 27510
Wilson Corbin Fuller,120 Bim St #B,Carrboro NC 27510
Heather Marie Fund,222 Old Fayetteville Rd #E203,Carrboro NC 27510
Leo Kasriel Gaev,702 Davie Rd,Carrboro NC 27510
Jeffrey Toulmin Gaines,112 NC Hwy 54 Byp #L2,Carrboro Nc 27510
Rhiannon Michelle Galen,401 Gary Rd,Carrboro NC 27510
Letroy Antwaun Gardner,200 NC Hwy 54 Byp #N205,Carrboro Nc 27510
Robert George Garni,105 Fidelity St #A4,Carrboro NC 27510
Amanda Kay Garrand,201 NC Hwy 54 Byp #201,Carrboro Nc 27510
Sarah Eileen Gasda,104 Blackwood Dr,Carrboro NC 27510
Helen Emily Gaskins,102 Blackwood Dr,Carrboro NC 27510
Amy Gedal,207 Bim St,Carrboro NC 27510
Rosalie Belle Genova,101 NC Hwy 54 Byp #D2,Carrboro Nc 27510
Jonathan Gerler,105 Fidelity St #A1,Carrboro NC 27510
Kara Nicole Getrost,201 NC Hwy 54 Byp #107,Carrboro Nc 27510
Linda Jean Burrell Ghorbani,502 W Poplar Ave #D3,Carrboro NC 27510
Kristin Noelle Gibson,112 NC Hwy 54 Byp #G7,Carrboro Nc 27510
Amy Beach Gilch,105 Fidelity St #B-36,Carrboro NC 27510
Catherine Mary Giles,105 Fidelity St #B27,Carrboro NC 27510
Kelly Hampton Giles,502 W Poplar Ave #A-4,Carrboro NC 27510
Douglas Glen Gimlin,109 W Poplar Ave #I,Carrboro NC 27510
Graham Kurt Giovanetti,103 Westview Dr #1,Carrboro NC 27510
Paul Forrest Glass-Steel,303 Westview Dr #B,Carrboro NC 27510
Emily Renee Glover,400 Davie Rd #17,Carrboro NC 27510
Megan Leatrice Godley,222 Old Fayetteville Rd #G305,Carrboro NC 27510
Kelley Louise Gondring,101 NC Hwy 54 Byp #C2,Carrboro Nc 27510
Michelle Alexandra Gonzalez,222 Old Fayetteville Rd #301h,Carrboro NC 27510
Gretchen Elizebeth Gooding,105 Fidelity St #B15,Carrboro NC 27510
Megan Prince Goodwin,400 Davie Rd #24,Carrboro NC 27510
Tony Andrew Gore,404 Jones Ferry Rd #E16,Carrboro NC 27510
Ann Izlar Gossett,200 NC Hwy 54 Byp #N105,Carrboro Nc 27510
Eleanor Jeffrey Gould,105 Fidelity St #A28,Carrboro NC 27510
Barbara Jean Grable,600 W Poplar Ave #331,Carrboro NC 27510
Eddie Franklin Grady,624 Jones Ferry Rd #309,Carrboro NC 27510
Laurie Michelle Graham,222 Old Fayetteville Rd #C205,Carrboro NC 27510
Hannah Aileen Grannemann-Isaac,222 Old Fayetteville Rd #C-203,Carrboro NC 27510
Christopher Michael Grass,301 Westview Dr #B,Carrboro NC 27510
Jessica Lee Grass,301 Westview Dr #B,Carrboro NC 27510
Adrianne Lakenya Graves,200 NC Hwy 54 Byp #K304,Carrboro Nc 27510
Janet Gray,124 Fidelity St #25,Carrboro NC 27510
Elizabeth Marie Secret Greene,102 Laurel Ave #B,Carrboro NC 27510
Johnny Lee Greene,119 Fidelity St #B4,Carrboro NC 27510
Laura Elizabeth Greer,400 Davie Rd #60,Carrboro NC 27510
Judy Greggar,600 W Poplar Ave #310,Carrboro NC 27510
Shirley Gregg,600 W Poplar Ave #238,Carrboro NC 27510
Kelly McDermott Gregory,222 Old Fayetteville Rd #A-308,Carrboro NC 27510
Marc Hammond Gregory,1 Fenway Ct #D,Carrboro NC 27510
Sean Gribbon,121 Westview Dr #51,Carrboro NC 27510
Jeremy Scott Griffin,201 NC Hwy 54 Byp #303,Carrboro Nc 27510
Jennifer Lynn Griggs,101 NC Hwy 54 Byp #A5,Carrboro Nc 27510
Daniel Aaron Guberman,201 NC Hwy 54 Byp #715,Carrboro Nc 27510
Brunell Rudolf Gugelmann,318 Davie Rd,Carrboro NC 27510
Rebecca Noel Gunn,200 NC Hwy 54 Byp #P203,Carrboro Nc 27510
Sarah Rachel Gusmano,222 Old Fayetteville Rd #I-302,Carrboro NC 27510
Amanda Rae Haas,112 NC Hwy 54 Byp #J6,Carrboro Nc 27510
Andrew Thomas Hackelman,303 W Poplar Ave,Carrboro NC 27510
Charles Andrew Haines,103 Cathy Rd,Carrboro NC 27510
Melissa Anne Haines,103 Cathy Rd,Carrboro NC 27510
Kathryn Grace Hajjar,201 NC Hwy 54 Byp #215,Carrboro Nc 27510
John Lewis Hale,901 W Main St #A,Carrboro NC 27510
Cathleen Susan Hall,200 NC Hwy 54 Byp #C104,Carrboro Nc 27510
Freda Angela Halls,112 NC Hwy 54 Byp #J5,Carrboro Nc 27510
Stevie Lee Hamby,200 NC Hwy 54 Byp #G-105,Carrboro Nc 27510
Brenda Kay Hamilton,302 Oleander Rd,Carrboro NC 27510
Michelle Andrea Hamilton,302 Oleander Rd,Carrboro NC 27510
Eric Daniel Hamlett,109 W Poplar Ave #H,Carrboro NC 27510
Erika C Hanami,201 W Poplar Ave,Carrboro NC 27510
Randal Alan Hand,116 Alabama Ave,Carrboro NC 27510
Sean Erik Hanlon,222 Old Fayetteville Rd #E208,Carrboro NC 27510
Eileen Anadosia Hansen,201 NC Hwy 54 Byp #726,Carrboro Nc 27510
Shannon Scott Hansen,201 NC Hwy 54 Byp #726,Carrboro Nc 27510
Charles Miles Harmon,705 W Main St #C,Carrboro NC 27510
Perry Price Harrell,200 NC Hwy 54 Byp #F201,Carrboro Nc 27510
Roma J Harris,624 Jones Ferry Rd #217,Carrboro NC 27510
Wanda Denise Harris,121 Westview Dr #30,Carrboro NC 27510
Gabriel Lincoln Hart,101 NC Hwy 54 Byp #N4,Carrboro Nc 27510
Elaine Cameron Hartofelis,201 NC Hwy 54 Byp #507,Carrboro Nc 27510
Andrea Broyles Hawk,605 W Main St #307,Carrboro NC 27510
Erin Colleen Hayes,707 Davie Rd,Carrboro NC 27510
Kimberly Anne Hayes,112 NC Hwy 54 Byp #A5,Carrboro Nc 27510
Margarette W Hayes,624 Jones Ferry Rd,Carrboro NC 27510
Margaret Katherine Hayslip,222 Old Fayetteville Rd #C304,Carrboro NC 27510
Mcgregor Wells Hayslip,222 Old Fayetteville Rd #C304,Carrboro NC 27510
Donna Dixon Hearne,105 Fidelity St #B30,Carrboro NC 27510
Douglas Walter Hearne,105 Fidelity St #B-30,Carrboro NC 27510
Frances Chambers Hearn,103 Kay St,Carrboro NC 27510
Eliah Hecht,101 NC Hwy 54 Byp #G6,Carrboro Nc 27510
Amy Marie Hedrick,110 Laurel Ave,Carrboro NC 27510
Elizabeth Ann Henao,300 W Poplar Ave,Carrboro NC 27510
Donald Dwight Henson,112 NC Hwy 54 Byp #S8,Carrboro Nc 27510
Claire Lenore Hermann,201 Alabama Ave,Carrboro NC 27510
Caitlin Marie Herrion,801 W Main St,Carrboro NC 27510
Elizabeth Acadia Hessling,222 Old Fayetteville Rd #H-302,Carrboro NC 27510
Courtney Maryann Hill,101 NC Hwy 54 Byp #J-6,Carrboro Nc 27510
Jonathan Bell Hill,400 Davie Rd #40,Carrboro NC 27510
Susan Shearer Hilton,101 NC Hwy 54 Byp #J5,Carrboro Nc 27510
Gradis Hines Jr,404 Jones Ferry Rd #D10,Carrboro NC 27510
Marsha Hines,404 Jones Ferry Rd #D10,Carrboro NC 27510
Samantha Leigh Hodge,112 NC Hwy 54 Byp #O5,Carrboro Nc 27510
Robert Holloman,404 Jones Ferry Rd #F-11,Carrboro NC 27510
William J Holloway,300 Jones Ferry Rd,Carrboro NC 27510
Carolyn Davis Holman,201 NC Hwy 54 Byp #510,Carrboro Nc 27510
Wanda H Holman,116 Bim St #B,Carrboro NC 27510
Ashley Peyton Holmes,122 Bim St #B,Carrboro NC 27510
Catherine Reed Holochwost,222 Old Fayetteville Rd #M307,Carrboro NC 27510
Frances Guess Holsomback,600 W Poplar Ave #330,Carrboro NC 27510
Joyce C Honeychurch,119 Fidelity St #A2,Carrboro NC 27510
Kyle Fredrick Hoopes,106 Fidelity St #D,Carrboro NC 27510
Lori Ann Lowder Hoopes,106 Fidelity St #D,Carrboro NC 27510
Benjamin Brian Houck,112 Bim St #A,Carrboro NC 27510
Carl Benton Hovey,200 NC Hwy 54 Byp #G102,Carrboro Nc 27510
Hilda Ann Howard,105 Cathy Rd,Carrboro NC 27510
James Howdeshell,124 Fidelity St #11,Carrboro NC 27510
Donna Jeanne Hoyt,119 Fidelity St #C3,Carrboro NC 27510
Leal Kang Hsiao,222 Old Fayetteville Rd #A302,Carrboro NC 27510
Amanda Belle Huber,105 Fidelity St #B16,Carrboro NC 27510
Tyler Bryan Huffman,705 Davie Rd,Carrboro NC 27510
Colin Oliver Hughes,222 Old Fayetteville Rd #K-303,Carrboro NC 27510
Sean Desales Hughes,400 Davie Rd #41,Carrboro NC 27510
Mark Gary Hullopeter,617 W Main St #A,Carrboro NC 27510
Nancy Kay Hulon,600 W Poplar Ave #252,Carrboro NC 27510
Benjamin Bryan Humphrey,206 Oleander Rd #A,Carrboro NC 27510
John David Humphries,101 NC Hwy 54 Byp #L1,Carrboro Nc 27510
Rebecca Lee Humphries,101 NC Hwy 54 Byp #L1,Carrboro Nc 27510
Sarah Cae Hurley,201 NC Hwy 54 Byp #423,Carrboro Nc 27510
Jane Lee Ickes,121 Westview Dr #36,Carrboro NC 27510
Caroline Elizabeth Irick,105 Fidelity St #B-19,Carrboro NC 27510
David Lynn Ivey,404 Jones Ferry Rd #C-8,Carrboro NC 27510
Thomas Andrew Jackson,502 W Poplar Ave #E-4,Carrboro NC 27510
Allen Jay Jacob,105 Fidelity St #A45,Carrboro NC 27510
Shahsultan Jaffer,600 W Poplar Ave,Carrboro NC 27510
Arica Lee James,201 NC Hwy 54 Byp #419,Carrboro Nc 27510
Dylan Jenkins,103 Blackwood Dr,Carrboro NC 27510
Laura Debra Jenkins,222 Old Fayetteville Rd #A102,Carrboro NC 27510
Robin Smith Jenkins,PO Box 1452,Carrboro NC 27510
Susan Elizabeth Jensen,201 Hwy 54 Bypass #426,Carrboro NC 27510
Mattie A Jiggetts,624 Jones Ferry Rd,Carrboro NC 27510
Ellis B Johns,112 NC Hwy 54 Byp #T3,Carrboro Nc 27510
Catherine Marie Johnson,104 Bert St,Carrboro NC 27510
Faye Renee Johnson,400 Davie Rd #14,Carrboro NC 27510
Morgan Alicia Johnson,112 NC Hwy 54 Byp #U8,Carrboro Nc 27510
Nannie Mae Johnson,103 Bert St,Carrboro NC 27510
Amber Patrice Jones,117 Alabama Ave,Carrboro NC 27510
Jennifer Katherine Jones,105 Fidelity St #A54,Carrboro NC 27510
Louis Jarmond Jones,106 Fidelity St #F,Carrboro NC 27510
Ramona Suzette Jones,117 Alabama Ave,Carrboro NC 27510
Roger Dale Jones II,112 NC Hwy 54 Byp #T6,Carrboro Nc 27510
Sabrina Jane Jones,105 Fidelity St #B32,Carrboro NC 27510
Bessie Rogers Jordan,114 W Poplar Ave #A,Carrboro NC 27510
Lori Lynn Jouty,101 NC Hwy 54 Byp #N7,Carrboro Nc 27510
James Gray Joyce,200 NC Hwy 54 Byp #G103,Carrboro Nc 27510
Larue A Joyner,600 W Poplar Ave #329,Carrboro NC 27510
Anna Leah Kaplan,312 Davie Rd,Carrboro NC 27510
Eva Gabrielle Katz,119 Fidelity St #D1,Carrboro NC 27510
Dionysios Kavalieratos,400 Davie Rd #18,Carrboro NC 27510
Christopher David G Kearns,312 Davie Rd,Carrboro NC 27510
Lisa Nicole Keaton,709 Davie Rd,Carrboro NC 27510
Bernard Allen Kemp,106 Fidelity St #E,Carrboro NC 27510
Calvin F Kennell,101 Cathy Rd,Carrboro NC 27510
Tayler Marie Kent,112 NC Hwy 54 Byp #E5,Carrboro Nc 27510
Michael Lee Kerber,105 Fidelity St #B21,Carrboro NC 27510
James Edward Keyes Sr,600 W Poplar Ave #249,Carrboro NC 27510
Murl Gray Keyes,600 W Poplar Ave #249,Carrboro NC 27510
Jessica Rachel Keys,105 Fidelity St #A11,Carrboro NC 27510
Maria Khan,121 Westview Dr #21,Carrboro NC 27510
Yasmin Elizabeth Khan,121 Westview Dr #21,Carrboro NC 27510
Scott Thomas Kimball,222 Old Fayetteville Rd #M106,Carrboro NC 27510
Lindsey Marie King,201 NC Hwy 54 Byp #208,Carrboro Nc 27510
Jason Mark Klawon,112 NC Hwy 54 Byp #Q8,Carrboro Nc 27510
Jessica Klusek,105 Fidelity St #A53,Carrboro NC 27510
Kayla Jean Knilans,201 NC Hwy 54 Byp #704,Carrboro Nc 27510
Jennie Tanya Knowles,400 Davie Rd #51,Carrboro NC 27510
Sacha Elaine Knowles,400 Davie Rd #46,Carrboro NC 27510
Helen Elizabeth Koch,121 Westview Dr #41,Carrboro NC 27510
Micheal Warren Kok,101 NC Hwy 54 Byp #K5,Carrboro Nc 27510
Melanie Suzanne Kolasa,201 NC Hwy 54 Byp #316,Carrboro Nc 27510
Bryson Lee Kopf,112 Bim St #B,Carrboro NC 27510
Thea Wallace Koufopoulos,112 NC Hwy 54 Byp #N2,Carrboro Nc 27510
David Robert Kreutzberg,100 Lynn Dr,Carrboro NC 27510
Catherine Marie Kronk,105 Fidelity St #A-28,Carrboro NC 27510
Rachana Kshatriya,222 Old Fayetteville Rd #101,Carrboro NC 27510
Michael Bram Kuijer,201 NC Hwy 54 Byp #627,Carrboro Nc 27510
Noel Lynn Kulik,400 Davie Rd #4,Carrboro NC 27510
Jennifer Renee Kulzer,105 Fidelity St #B34,Carrboro NC 27510
Seth Michael Lajeunesse,400 Davie Rd #64,Carrboro NC 27510
Yee Lam,105 Fidelity St #A22,Carrboro NC 27510
Roger Kaye Lang,624 Jones Ferry Rd #325,Carrboro NC 27510
Sara Beth Lankford,102 Laurel Ave #B,Carrboro NC 27510
Edwin Rudolph Lappi,203 Lynn Dr,Carrboro NC 27510
Nellie Dare Lappi,203 Lynn Dr,Carrboro NC 27510
Simon Edward Lappi,203 Lynn Dr,Carrboro NC 27510
Jon Binford Latane,112 NC Hwy 54 Byp #X6,Carrboro Nc 27510
Jamie Moore Lawrence,112 NC Hwy 54 Byp #8q,Carrboro Nc 27510
Deborah Kay Lederer,105 Fidelity St #B3,Carrboro NC 27510
Jung Eun Lee,101 NC Hwy 54 Byp #A6,Carrboro Nc 27510
Marquise Gerard Lee Sr,112 NC Hwy 54 Byp,Carrboro Nc 27510
Theresa Diana Lee,200 NC Hwy 54 Byp #E301,Carrboro Nc 27510
Thomas Brand Lee,105 Fidelity St #B-19,Carrboro NC 27510
Peter Christopher Lehmann,112 NC Hwy 54 Byp #W-5,Carrboro Nc 27510
George Stephan Lensing Jr,204 Oleander Rd,Carrboro NC 27510
Daniel L Leonard,105 Keith Rd,Carrboro NC 27510
Brooke A Levandowski,121 Westview Dr #39,Carrboro NC 27510
Melody Levy,112 NC Hwy 54 Byp #N6,Carrboro Nc 27510
Kathryn Alicia Lewis,112 NC Hwy 54 Byp #D8,Carrboro Nc 27510
Callie Y Lewter,201 NC Hwy 54 Byp #602,Carrboro Nc 27510
Katharine Joy Liang,320 Davie Rd,Carrboro NC 27510
Alana Marie Libonati,105 Fidelity St #A-39,Carrboro NC 27510
Jeremy Brian Lideros,202 W Poplar Ave #C,Carrboro NC 27510
Eric Scott Lind,400 Davie Rd #7,Carrboro NC 27510
Haywood Thomas Link,204 Alabama Ave,Carrboro NC 27510
Lottie J Link,101 Bert St,Carrboro NC 27510
Marcella Miranda Little,404 Jones Ferry Rd #C10,Carrboro NC 27510
Brodie L Lloyd,711-A W Main St,Carrboro NC 27510
John Dalton Loftin,112 NC Hwy 54 Byp #A4,Carrboro Nc 27510
Robert Edward Longmire,404 Jones Ferry Rd #H5,Carrboro NC 27510
Tiffany Darlene Long,200 NC Hwy 54 Byp #E202,Carrboro Nc 27510
Johnathan Kane Loos,112 NC Hwy 54 Byp #Q7,Carrboro Nc 27510
Chad Daniel Lowe,400 Davie Rd #63,Carrboro NC 27510
Tristan David Luse,222 Old Fayetteville Rd #202l,Carrboro NC 27510
Tina Suzanne Lusk,PO Box 661,Chapel Hill NC 27514
Harlan Ross Luxenberg,105 Fidelity St #12b,Carrboro NC 27510
Paula Miriam Luxenberg,105 Fidelity St #B12,Carrboro NC 27510
Lawrence Oliver Mabin,PO Box 897,Chapel Hill NC 27514
Amy Janell Macdonald,201 NC Hwy 54 Byp #622,Carrboro Nc 27510
Betty C Macgregor,101 Hwy 54 Bypass #K8,Carrboro NC 27510
Erica Lynne Mackenzie,400 Davie Rd #68,Carrboro NC 27510
Kimberly Megan Mahaffey,500 W Poplar Ave,Carrboro NC 27510
Peter Adam Malaspina,222 Old Fayetteville Rd #D201,Carrboro NC 27510
Marie Doris Manner,600 W Poplar Ave #353,Carrboro NC 27510
Gwendolyn Morris Mann,101 NC Hwy 54 Byp #L6,Carrboro Nc 27510
William Joseph Manning,624 Jones Ferry Rd,Carrboro NC 27510
Isaac Terrell Mann,102 Kay St,Carrboro NC 27510
Linda Clark Mann,102 Kay St,Carrboro NC 27510
Jay Brooks Many,300 Oleander Rd,Carrboro NC 27510
Christopher M Marciano,200 NC Hwy 54 Byp #D304,Carrboro Nc 27510
Robert Mariani,222 Old Fayetteville Rd #L201,Carrboro NC 27510
Mary Helen Marino,222 Old Fayetteville Rd #A108,Carrboro NC 27510
Nicole Lillian Mark,201 NC Hwy 54 Byp #207,Carrboro Nc 27510
Heather Ann Markovich,105 Fidelity St #A-40,Carrboro NC 27510
Harold L Marks,600 W Poplar Ave #345,Carrboro NC 27510
Joshua Castillo Marks,404 Jones Ferry Rd #20c,Carrboro NC 27510
Heather Hearne Marshburn,112 NC Hwy 54 Byp #H2,Carrboro Nc 27510
Lucy Ann Marsh,600 W Poplar Ave #352,Carrboro NC 27510
Sandra Wilson Martin,26 Brighton Sq,Carrboro NC 27510
Danielle Erina Matsushima,707 Davie Rd,Carrboro NC 27510
Katelyn Danielle Matychowiak,121 Westview Dr #9,Carrboro NC 27510
Bernice Lynette Mayo,200 NC Hwy 54 Byp #N-203,Carrboro Nc 27510
Isiah Jewell McAdoo,200 NC Hwy 54 Byp #N108,Carrboro Nc 27510
Errol Thomas McCauley Jr,106 Fidelity St #F,Carrboro NC 27510
Theron Rankin McCollough,106 Fidelity St #C,Carrboro NC 27510
Meghan Nicholson McComb,222 Old Fayetteville Rd #G304,Carrboro NC 27510
Matthew Charles McCoy,222 Old Fayetteville Rd #C206,Carrboro NC 27510
Joanna Ellen McCullough,105 Fidelity St #A-42,Carrboro NC 27510
Julie A McFarlin,200 NC Hwy 54 Byp #B-103,Carrboro Nc 27510
Laura Chase McGehee,310 W Poplar Ave,Carrboro NC 27510
Jane Elizabeth McGillick,624 Jones Ferry Rd,Carrboro NC 27510
Michael James McGovern,202 W Poplar Ave #C,Carrboro NC 27510
Lindsey Marie McGuirk,102 Laurel Ave #A,Carrboro NC 27510
Mary Heather McKay,105 Fidelity St #B14,Carrboro NC 27510
Kibwei McKinney,200 NC Hwy 54 Byp #E-104,Carrboro Nc 27510
Kimowan Nils McLain,119 Fidelity St #G1,Carrboro NC 27510
Daniel Bruce McNeal,310 Davie Rd,Carrboro NC 27510
Dorothy Jean Mebane,222 Old Fayetteville Rd #K-201,Carrboro NC 27510
David Russell Meincke,222 Old Fayetteville Rd #G103,Carrboro NC 27510
Alex Ryckman Mellnik,303 W Poplar Ave #A,Carrboro NC 27510
Michelle L Mendonca,121 Westview Dr #34,Carrboro NC 27510
Rhonda Jo Merrill,200 NC Hwy 54 Byp #M204,Carrboro Nc 27510
Alexander William Merritt,300 Davie Rd,Carrboro NC 27510
Carol R Merritt,201 NC Hwy 54 Byp #212,Carrboro Nc 27510
Charles W Merritt,201 NC Hwy 54 Byp #212,Carrboro Nc 27510
Sheila Beth Mestre,222 Old Fayetteville Rd #D-305,Carrboro NC 27510
Michael Patrick Metzger,112 NC Hwy 54 Byp #R3,Carrboro Nc 27510
Sheri Ann Metzger,112 NC Hwy 54 Byp #R3,Carrboro Nc 27510
Wanda Tracy Metzger,605 W Main St #305,Carrboro NC 27510
Ian James Meyer,200 NC Hwy 54 Byp #L102,Carrboro Nc 27510
Sonia Middleton,624 Jones Ferry Rd #216,Carrboro NC 27510
Alicia Ann Midland,222 Old Fayetteville Rd,Carrboro NC 27510
Fern Mignon,624 Jones Ferry Rd,Carrboro NC 27510
Paul Mihas,400 Davie Rd #16,Carrboro NC 27510
Carisha R Miller,108 Bert St,Carrboro NC 27510
Carmen Rochelle Miller,108 Bert St,Carrboro NC 27510
Francis Henry Miller Sr,600 W Poplar Ave #218,Carrboro NC 27510
John E Miller,1205 W Main St,Carrboro NC 27510
Jolmar Denise Miller,1205 W Main St,Carrboro NC 27510
Jonathan Logan Miller,222 Old Fayetteville Rd #C-104,Carrboro NC 27510
Joy Edwards Miller,108 Bert St,Carrboro NC 27510
Lauren Lussier Miller,207 Gary Rd,Carrboro NC 27510
Tina Dianne Mills,115 W Poplar Ave,Carrboro NC 27510
Marcia Ann Ming,200 NC Hwy 54 Byp #N204,Carrboro Nc 27510
Kenyetta Denene Minor,109 Glosson Cir,Carrboro NC 27510
Dewey Allen Mitchell,112 Alabama Ave,Carrboro NC 27510
Jonathan Andrew Mitchell,107 Cathy Rd,Carrboro NC 27510
Tamara Shira Mittman,105 Fidelity St #A-31,Carrboro NC 27510
Dorothy Ann Moore,109 Glosson Cir,Carrboro NC 27510
Kevin W Moore,118 W Poplar Ave,Carrboro NC 27510
Bernard Wayne Moran,PO Box 756,Carrboro NC 27510
John Edward Morgan,507 Davie Rd,Carrboro NC 27510
Ryan Walter Morgan,207 Gary Rd,Carrboro NC 27510
Annie C Morris,106 Cathy Rd,Carrboro NC 27510
Elizabeth May Morris,106 Bert St,Carrboro NC 27510
Lindsay Anne Morris,222 Old Fayetteville Rd #D107,Carrboro NC 27510
Marvin C Morris,106 Cathy Rd,Carrboro NC 27510
Julia Kaitlin Morrison,400 W Poplar Ave #B,Carrboro NC 27510
Laura Ann Morrison,201 NC Hwy 54 Byp #502,Carrboro Nc 27510
David Lee Moses,600 Davie Rd,Carrboro NC 27510
Mary Haley Mozingo,600 W Poplar Ave #241,Carrboro NC 27510
Tshaka Tapuwa Muchiteni,222 Old Fayetteville Rd #H303,Carrboro NC 27510
Meghan Mulder Mulrenin,201 NC Hwy 54 Byp #417,Carrboro Nc 27510
April Ann Munroe,201 NC Hwy 54 Byp #629,Carrboro Nc 27510
Stephanie Therese Murr,400 Davie Rd #20,Carrboro NC 27510
Timothy Eugene Murr,400 Davie Rd #20,Carrboro NC 27510
Michael Adam Myerson,PO Box 431,Carrboro Nc
Jassandra Kate Nanini,PO Box 61,Chapel Hill NC 27514
Christopher Andrew Nassef,204 Jones Ferry Rd,Carrboro NC 27510
Robert Cooper Nathan,101 NC Hwy 54 Byp #D6,Carrboro Nc 27510
James Leroy Nease,222 Old Fayetteville Rd #A103,Carrboro NC 27510
Nichole Lynn Nettleton,112 NC Hwy 54 Byp #N3,Carrboro Nc 27510
Hannah Elizabeth Newsome,222 Old Fayetteville Rd,Carrboro NC 27510
Quynh Cam Thi Nguyen,222 Old Fayetteville Rd #A-302,Carrboro NC 27510
Thu Thi Xuan Nguyen,222 Old Fayetteville Rd #A302,Carrboro NC 27510
Deborah Shannon Nichols,101 NC Hwy 54 Byp #A-3,Carrboro Nc 27510
Brice Nielsen,121 Westview Dr #35,Carrboro NC 27510
Trenicia Sharquay Nobles,200 NC Hwy 54 Byp #L204,Carrboro Nc 27510
Katrina Elizabeth Noell,101 NC Hwy 54 Byp #J4,Carrboro Nc 27510
Casey Will Nordell,112 NC Hwy 54 Byp #A7,Carrboro Nc 27510
Laurie Jane Norman,205 W Poplar Ave,Carrboro NC 27510
Abigail Norris Turner,103 Raven Ln,Carrboro NC 27510
Andrew Robert Nowosad,502 W Poplar Ave #B3,Carrboro NC 27510
Katherine Anne Obrien,400 Davie Rd #4,Carrboro NC 27510
Eleonora Elizabeth Oluoch,200 NC Hwy 54 Byp #P303,Carrboro Nc 27510
Ryan Edward Omara,200 NC Hwy 54 Byp #N-207,Carrboro Nc 27510
Matthew Thomas Ondisco,222 Old Fayetteville Rd #E102,Carrboro NC 27510
Patrick William Oneil,121 Westview Dr #101,Carrboro NC 27510
Emmanuel Opoku Jr,404 Jones Ferry Rd #G4,Carrboro NC 27510
Danielle Christine Orrey,404 Jones Ferry Rd #B8,Carrboro NC 27510
Thomas Jeremiah Osterberg-Deiss,101 NC Hwy 54 Byp #C5,Carrboro Nc 27510
Craig William Owen,201 NC Hwy 54 Byp #632,Carrboro Nc 27510
Tamara Kainuma Oxley,121 Westview Dr #16,Carrboro NC 27510
Jenifer Marie Padilla,105 Fidelity St #B-11,Carrboro NC 27510
Catherine Williams Page,600 W Poplar Ave #146,Carrboro NC 27510
Chandra Joyce Page,124 Fidelity St #49,Carrboro NC 27510
Julie Anne Palich,400 Davie Rd #32,Carrboro NC 27510
Tanuj Palvia,222 Old Fayetteville Rd #F304,Carrboro NC 27510
Tamara Marie Panhuis,222 Old Fayetteville Rd #H102,Carrboro NC 27510
John Christian Pardue,105 Fidelity St #A36,Carrboro NC 27510
Brandi Joyce Parker,200 NC Hwy 54 Byp #D102,Carrboro Nc 27510
Courtney Moore Parker,124 Fidelity St #15,Carrboro NC 27510
Tanya J Parker,201 NC Hwy 54 Byp #213,Carrboro Nc 27510
Kai Mei Parks,222 Old Fayetteville Rd #A-303,Carrboro NC 27510
Shanna Ileah Parks,101 NC Hwy 54 Byp #A4,Carrboro Nc 27510
Eloise A Parrish,201 Hwy 54 Bypass #305,Carrboro NC 27510
Megan Marie Parry,502 W Poplar Ave #A3,Carrboro NC 27510
Charles Franklin Partin,404 Jones Ferry Rd #E-18,Carrboro NC 27510
Milton Patillo,110 Glosson Cir,Carrboro NC 27510
Virginia Patillo,110 Glosson Cir,Carrboro NC 27510
Gerardo Patino,112 NC Hwy 54 Byp #O2,Carrboro Nc 27510
Candace Marie Patterson,121 Westview Dr #9,Carrboro NC 27510
Brenda Barker Pendergraft,106 Laurel Ave,Carrboro NC 27510
Kelly Michelle Pendergraft,106 Laurel Ave,Carrboro NC 27510
Ranova S Pendergraft,100 Glosson Cir,Carrboro NC 27510
Terry Moore Pendergraft,106 Laurel Ave,Carrboro NC 27510
Carolyn Michelle Perkis,112 NC Hwy 54 Byp #R4,Carrboro Nc 27510
Sarah Lynn Perry,400 Davie Rd #32,Carrboro NC 27510
Sarah Kay Peterson,105 Fidelity St #B23,Carrboro NC 27510
Huong Thi Pham,105 Fidelity St #B-25,Carrboro NC 27510
Linh Nguyen Pham,105 Fidelity St #A1,Carrboro NC 27510
Frances Terry Phillips,624 Jones Ferry Rd,Carrboro NC 27510
Rachel Glenn Phillips,200 NC Hwy 54 Byp #F203,Carrboro Nc 27510
Robert Andrew Phillips,200 NC Hwy 54 Byp #F203,Carrboro Nc 27510
Christine Katherine Phu,112 NC Hwy 54 Byp #E4,Carrboro Nc 27510
Melina Diane Piluras,105 Fidelity St #B33,Carrboro NC 27510
Robert William Pinder,105 Fidelity St #A22,Carrboro NC 27510
Shekera Asia Pope,404 Jones Ferry Rd #A14,Carrboro NC 27510
Sarah Poteete,307 W Poplar Ave,Carrboro NC 27510
Jaime Danielle Powell,400 Davie Rd #34,Carrboro NC 27510
Thomas Gray Price,222 Old Fayetteville Rd #304,Carrboro NC 27510
Marianne Carter Prince,104 Cathy Rd,Carrboro NC 27510
Miriam Pauline Pugh,322 Davie Rd #B,Carrboro NC 27510
Eugene Maurice Quarles,200 NC Hwy 54 Byp #E102,Carrboro Nc 27510
Victoria Maria Quintana,119 Fidelity St #C2,Carrboro NC 27510
Patrick Thomas Rabenold,202 Jones Ferry Rd #A,Carrboro NC 27510
John Craig Raborn,205 Gary Rd,Carrboro NC 27510
Marilyn Elizabeth Rackley,101 NC Hwy 54 Byp #D1,Carrboro Nc 27510
John David Corey Ralls,105 Fidelity St #A27,Carrboro NC 27510
Chandar Ramanathan,112 NC Hwy 54 Byp #G6,Carrboro Nc 27510
Stephen Martin Randall,103 W Poplar Ave,Carrboro NC 27510
Kelly A Raspberry,123 Westview Dr,Carrboro NC 27510
Kimberly L Raulli,121 Westview Dr #38,Carrboro NC 27510
Matthew R Raulli,121 Westview Dr #38,Carrboro NC 27510
Gwendolyn Denise Ray,201 NC Hwy 54 Byp #725,Carrboro Nc 27510
Lisa Ann Raymond,200 NC Hwy 54 Byp #E201,Carrboro Nc 27510
Monica Paula Rector,502 W Poplar Ave #C2,Carrboro NC 27510
Benjamine Joseph Reid,704 Davie Rd #A,Carrboro NC 27510
Steven George Reilich,102 Laurel Ave #C,Carrboro NC 27510
Heidi J Reklis,617 W Main St #A,Carrboro NC 27510
Luke David Remis,222 Old Fayetteville Rd #E202,Carrboro NC 27510
Jennifer Emma Renner-Yeomans,103 Blackwood Dr,Carrboro NC 27510
Elizabeth Copeland Rhodes,101 NC Hwy 54 Byp #C2,Carrboro Nc 27510
Laura Ann Richards,121 Westview Dr #35,Carrboro NC 27510
Vicki Michele Richardson,4 Fenway Ct #D,Carrboro NC 27510
Stephen W Riddle,400 Davie Rd #6,Carrboro NC 27510
Joseph Benjamin Riegel,105 Fidelity St #A7,Carrboro NC 27510
Gabriela B Rife,400 Davie Rd #10,Carrboro NC 27510
Samantha Michele Riley,502 W Poplar Ave #C1,Carrboro NC 27510
Andrew Jacob Ringlee,201 NC Hwy 54 Byp #625,Carrboro Nc 27510
Jennifer Grace Rioux,207 Oleander Rd,Carrboro NC 27510
Elizabeth Tyler Ritter,206 Davie Rd,Carrboro NC 27510
Ashley Brooke Roberts,106 W Poplar Ave,Carrboro NC 27510
Michael Dante Roberts,106 W Poplar Ave,Carrboro NC 27510
Wendy T Robertson,105 Raven Ln,Carrboro NC 27510
Kristin Ann Robinett,104 W Poplar Ave #D,Carrboro NC 27510
Judy Alden Robinson,202 Alabama Ave,Carrboro NC 27510
Lynn Susan Rodgers,105 Fidelity St #A33,Carrboro NC 27510
Roberto Rodriguez,222 Old Fayetteville Rd #I-106,Carrboro NC 27510
Eric L Roehrig,605 W Main St #306,Carrboro NC 27510
Ronald Rogers,624 Jones Ferry Rd,Carrboro NC 27510
Sarah Beth Rogers,119 Fidelity St #H1,Carrboro NC 27510
Tammy Lynn Rogers,222 Old Fayetteville Rd #F307,Carrboro NC 27510
Todd Carter Rogers,222 Old Fayetteville Rd #J103,Carrboro NC 27510
Luke Romweber,112 NC Hwy 54 Byp #W7,Carrboro Nc 27510
Kendra Laren Rone,200 NC Hwy 54 Byp #L204,Carrboro Nc 27510
Devin Thomas Rooney,709 Davie Rd,Carrboro NC 27510
Jessica Erin Rosenberg,200 NC Hwy 54 Byp #G203,Carrboro Nc 27510
Ashley Louise Rosenquist,222 Old Fayetteville Rd #C202,Carrboro NC 27510
Mary Strickland Rothfuss,306 Gary Rd,Carrboro NC 27510
Candace Nicole Rouse,112 NC Hwy 54 Byp #S6,Carrboro Nc 27510
Pedro Rubio,201 NC Hwy 54 Byp #708,Carrboro Nc 27510
Alan Scott Rundo,201 Hwy 54 Bypass #428,Carrboro NC 27510
Clyde Lakewood Russ,624 Jones Ferry Rd,Carrboro NC 27510
Bryson Kane Russell,222 Old Fayetteville Rd #J103,Carrboro NC 27510
Marian Jolene Russell,202 W Poplar Ave #D,Carrboro NC 27510
Joseph Dennis Ryan,105 Fidelity St #A27,Carrboro NC 27510
Michael Paul Saddoris,200 NC Hwy 54 Byp #G-306,Carrboro Nc 27510
Josef Reza Salami,300 Davie Rd,Carrboro NC 27510
Jennifer Leigh Sallee,105 Fidelity St #B21,Carrboro NC 27510
Jennifer Nicole Salome,200 NC Hwy 54 Byp #L-204,Carrboro Nc 27510
Dylan Lee Sandler,400 Davie Rd #68,Carrboro NC 27510
Matthew Taylor Saponaro,222 Old Fayetteville Rd #J103,Carrboro NC 27510
Mabelle Sardinas,201 NC Hwy 54 Byp #721,Carrboro Nc 27510
Julion James Deangello Saunders,711 W Rosemary St,Carrboro NC 27510
Wesley Ken Sauret,112 NC Hwy 54 Byp #S-7,Carrboro Nc 27510
Mira Sarah Schainker,222 Old Fayetteville Rd #A201,Carrboro NC 27510
Adrian Schlesinger,207 Bim St,Carrboro NC 27510
Anna-Katherine Schmalz,112 NC Hwy 54 Byp #U5,Carrboro Nc 27510
Emily Mae Scholz,124 Bim St #A,Carrboro NC 27510
Teresa Marie Schubert,202 W Poplar Ave #B,Carrboro NC 27510
Timothy Harold Schwantes,105 Fidelity St #A42,Carrboro NC 27510
Peter Edward Schwartz,105 Fidelity St #A33,Carrboro NC 27510
Rhiannon Elizabeth Seabolt,101 Blackwood Dr,Carrboro NC 27510
Christopher James Sellers,207 Gary Rd,Carrboro NC 27510
Ernest W Sellers,111 Glosson Cir,Carrboro NC 27510
Brian Keith Seymour II,112 NC Hwy 54 Byp #U3,Carrboro Nc 27510
Stephanie Denise Seymour,112 NC Hwy 54 Byp #J4,Carrboro Nc 27510
Sarah Rajesh Shah,400 W Poplar Ave #B,Carrboro NC 27510
Elizabeth Anne Shandley,222 Old Fayetteville Rd #L-203,Carrboro NC 27510
Kelley Renee Shaw,PO Box 13174,Durham NC 27709
Carolyn Joyce Shearin,PO Box 1172,Carrboro NC 27510
Tanya Liesel Shields,112 NC Hwy 54 Byp #W5,Carrboro Nc 27510
Melinda Grae Shoaf,201 Hwy 54 Bypass #203,Carrboro NC 27510
Joel Sholtes,318 Davie Rd,Carrboro NC 27510
Margaret Ann Shumake,124-22 Fidelity St,Carrboro NC 27510
Christopher Michael Sidor,502 W Poplar Ave #D3,Carrboro NC 27510
Patricia Ann Siewert,121 Westview Dr #37,Carrboro NC 27510
Alexis Maxine Silver,201 NC Hwy 54 Byp #729,Carrboro Nc 27510
Steven Douglas Simmons,400 Davie Rd #28,Carrboro NC 27510
Matthew Copeland Simon,105 Fidelity St #A17,Carrboro NC 27510
Jayanti Singh,105 Lilac Dr,Carrboro NC 27510
Neha Sona Singh,105 Fidelity St #A34,Carrboro NC 27510
Phirtu Singh,105 Lilac Dr,Carrboro NC 27510
Sheila Singh,105 Lilac Dr,Carrboro NC 27510
Amanda Michelle Sissine,124 Fidelity St #35,Carrboro NC 27510
Whitney Skillcorn,501 W Poplar Ave,Carrboro NC 27510
Olivenne Doreen Skinner,201 NC Hwy 54 Byp #724,Carrboro Nc 27510
Jennifer Marie Slater,222 Old Fayetteville Rd #C302,Carrboro NC 27510
Meghan Margaret Slining,116 W Poplar Ave #B,Carrboro NC 27510
Ferdinand Faison Sloan,404 Jones Ferry Rd #F6,Carrboro NC 27510
Antwan Devan Smith,404 Jones Ferry Rd #D2,Carrboro NC 27510
Michael Brady Smith,112 NC Hwy 54 Byp #P3,Carrboro Nc 27510
Modie Christon Smith,201 NC Hwy 54 Byp #609,Carrboro Nc 27510
Robin Rudy Smith,222 Old Fayetteville Rd #A201,Carrboro NC 27510
Sarah Grace Smith,101 NC Hwy 54 Byp #E6,Carrboro Nc 27510
Stacy Jean Smith,100 Glosson Cir,Carrboro NC 27510
Sondra Jean Smolek,502 W Poplar Ave #A1,Carrboro NC 27510
Felicia Nicole Spadini,222 Old Fayetteville Rd #H104,Carrboro NC 27510
Samuel Edward Spencer Jr,624 Jones Ferry Rd,Carrboro NC 27510
Dixie Lee Spiegel,109 Keith Rd,Carrboro NC 27510
Justin Michael Spinks,308 W Poplar Ave,Carrboro NC 27510
Jessica Beth Spiro,222 Old Fayetteville Rd #E205,Carrboro NC 27510
Virginia Lee Sprague,201 NC Hwy 54 Byp #706,Carrboro Nc 27510
Joseph Gregory Stamey,222 Old Fayetteville Rd #L-202,Carrboro NC 27510
Sarah Elizabeth Stanley,105 Fidelity St #A47,Carrboro NC 27510
Brandy Lynn Starling,404 Jones Ferry Rd #19e,Carrboro NC 27510
Susan McAdams Starr,222 Old Fayetteville Rd #A101,Carrboro NC 27510
Thomas Monroe Starr,222 Old Fayetteville Rd #A101,Carrboro NC 27510
Craig Douglas Stauffer,502-F2 W Poplar Ave,Carrboro NC 27510
Lisa Ann Stauffer,502-F2 W Poplar Ave,Carrboro NC 27510
Scott Allen Steger,222 Old Fayetteville Rd #D102,Carrboro NC 27510
Bessie Elizabeth Stephens,200 NC Hwy 54 Byp #J302,Carrboro Nc 27510
Lauren Joan Stephenson,112 NC Hwy 54 Byp #V-3,Carrboro Nc 27510
Benjamin Sterling Jr,112 NC Hwy 54 Byp #U-3,Carrboro Nc 27510
Stephanie Melissa Stewart,101 NC Hwy 54 Byp #E6,Carrboro Nc 27510
Alice Arons Stillson,112 NC Hwy 54 Byp #W7,Carrboro Nc 27510
Jacqueline Mason Stoudemire,200 NC Hwy 54 Byp #J-101,Carrboro Nc 27510
Gene Patrick Stovicek,201 NC Hwy 54 Byp #725,Carrboro Nc 27510
Sarah Elizabeth Street,703 W Main St,Carrboro NC 27510
Christopher Leander Stroud,202 Alabama Ave,Carrboro NC 27510
Jason F Strutz,121 Westview Dr #105,Carrboro NC 27510
Kelly Kathryn Strutz,121 Westview Dr #105,Carrboro NC 27510
Lachae Ann Stull,112 NC Hwy 54 Byp #48,Carrboro Nc 27510
Melissa A Sturdivant,400 Davie Rd #50,Carrboro NC 27510
Elberta Burrier Stutts,600 W Poplar Ave #320,Carrboro NC 27510
Leigh Courtney Suggs,105 Fidelity St #B-9,Carrboro NC 27510
Heather Anne Sullivan,621 W Main St,Carrboro NC 27510
Nicholas Leon Sullivan,200 NC Hwy 54 Byp #N107,Carrboro Nc 27510
Nora Anne Sullivan,222 Old Fayetteville Rd #M306,Carrboro NC 27510
Ryan D Sullivan,112 NC Hwy 54 Byp #V3,Carrboro Nc 27510
Tracy Rene Swain,201 NC Hwy 54 Byp #405,Carrboro Nc 27510
Rebecca Adia Swann,201 NC Hwy 54 Byp #106,Carrboro Nc 27510
Jonas Jacob Swartz,1005 W Main St,Carrboro NC 27510
Laura Tobolowsky Swartz,1005 W Main St,Carrboro NC 27510
Tara Elizabeth Tachovsky,201 NC Hwy 54 Byp #207,Carrboro Nc 27510
Jennifer Deloris Tait,112 NC Hwy 54 Byp #W6,Carrboro Nc 27510
Tamara Luree Tal,105 Fidelity St #A-50,Carrboro NC 27510
Adam John Tan,100 Raven Ln,Carrboro NC 27510
Steven Craig Tate,203 Oleander Rd,Carrboro NC 27510
Anthony Jerome Taylor Jr,404 Jones Ferry Rd,Carrboro NC 27510
Ashton Ross Taylor,300 NC Hwy 54 W #E-5,Carrboro Nc 27510
Paul Russell Taylor,222 Old Fayetteville Rd #A106,Carrboro NC 27510
Yolonda Marie Taylor,112 NC Hwy 54 Byp #I-5,Carrboro Nc 27510
Henry St George Teaford,201 NC Hwy 54 Byp #716,Carrboro Nc 27510
Samantha Michelle Tessel,124 Fidelity St #47,Carrboro NC 27510
Anna Freya Thimsen,105 Fidelity St #A19,Carrboro NC 27510
Brandon Neil Thomas,400 Davie Rd #34,Carrboro NC 27510
Jonathan Denning Thomas,222 Old Fayetteville Rd #F-208,Carrboro NC 27510
Grace Isabelle Walker Thompson,600 W Poplar Ave #222,Carrboro NC 27510
Kimberly Denise Thompson,124 Fidelity St #44,Carrboro NC 27510
Undra Thompson,624j Jones Ferry Rd,Carrboro NC 27510
Walter Benjamin Thompson,114 Bim St #B,Carrboro NC 27510
Jessica Dawn Thornton,121 Westview Dr #28,Carrboro NC 27510
Miriam Walker Thornton,404 Jones Ferry Rd #E8,Carrboro NC 27510
Autumn Leigh Thoyre,105 Fidelity St #A7,Carrboro NC 27510
Virda Leno Thrift,124 Fidelity St #8,Carrboro NC 27510
Bevin Sheena Tighe,121 Westview Dr #46,Carrboro NC 27510
Ivy Nichole Todd,222 Old Fayetteville Rd #301k,Carrboro NC 27510
Samuel Tollman,112 NC Hwy 54 Byp #O-1,Carrboro Nc 27510
Betty Louise Smith Tomczak,600 W Poplar Ave #231,Carrboro NC 27510
Jennifer Ann Tompkins,121 Westview Dr #21,Carrboro NC 27510
Meghan Truesdell,102 Westview Dr,Carrboro NC 27510
Francisco A Trunzo,222 Old Fayetteville Rd #E103,Carrboro NC 27510
Yolanda I Trunzo,222 Old Fayetteville Rd #E-103,Carrboro NC 27510
Margaret Lesley Tuomala,201 NC Hwy 54 Byp #608,Carrboro Nc 27510
Sarah Lynn Turner,112 NC Hwy 54 Byp #04,Carrboro Nc 27510
Roxanne Mary Turpen,207 Bim St,Carrboro NC 27510
Michael Martin Urda,119 Fidelity St #B3,Carrboro NC 27510
Gwendolyn U Utley,711-A W Main St,Carrboro NC 27510
Lea Marie Valle,201 NC Hwy 54 Byp #634,Carrboro Nc 27510
Therese Clare Vandemark,501 W Poplar Ave,Carrboro NC 27510
Michael F Vann,124 Fidelity St #6,Carrboro NC 27510
Jose Varela,404 Jones Ferry Rd #B16,Carrboro NC 27510
Elizabeth Vazquez,400 Davie Rd #70,Carrboro NC 27510
David Peter Vitanza,121 Westview Dr #9,Carrboro NC 27510
Parul Vasant Vora,112 NC Hwy 54 Byp #G6,Carrboro Nc 27510
Catherine McArn Vosecky,222 Old Fayetteville Rd #M302,Carrboro NC 27510
Jeanne O Wahlin,600 W Poplar Ave #207,Carrboro NC 27510
Carley Looney Walker,106 Westview Dr,Carrboro NC 27510
Morris Hobart Walker,624 Jones Ferry Rd,Carrboro NC 27510
Cheryl Ellen Walter,112 NC Hwy 54 Byp #P3,Carrboro Nc 27510
Bernard Rudolph Ward Jr,118 Bim St #H,Carrboro NC 27510
Sarah Angelina Washburn,PO Box 223,Carrboro NC 27510
Tarra Diane Wasilchen,222 Old Fayetteville Rd #A201,Carrboro NC 27510
Saundra Carrington Watson,200 NC Hwy 54 Byp #J204,Carrboro Nc 27510
Ellen Lyn Wean,101 NC Hwy 54 Byp #E3,Carrboro Nc 27510
Lenora E Weathers,101 Hwy 54 Bypass #C-6,Carrboro NC 27510
Edward Lee Weaver Jr,624 Jones Ferry Rd,Carrboro NC 27510
Gary Thomas Weaver,104 W Poplar Ave #C,Carrboro NC 27510
Amy Elizabeth Webb,201 NC Hwy 54 Byp #520,Carrboro Nc 27510
Jessica Lee Weber,121 Westview Dr #52,Carrboro NC 27510
Kate Melissa Wegmann,400 Davie Rd #21,Carrboro NC 27510
Brooke Elisabeth Wehde,222 Old Fayetteville Rd #L201,Carrboro NC 27510
Isaac Amitai Weiner,119 Fidelity St #G-2,Carrboro NC 27510
Rayna Gordon Weiner,119 Fidelity St #G2,Carrboro NC 27510
Ashli N Welborn,400 Davie Rd #43,Carrboro NC 27510
James L Wells,600 W Poplar Ave #235,Carrboro NC 27510
Sarah Dyan Wenger,201 NC Hwy 54 Byp #116,Carrboro Nc 27510
Emily Catherine Wenink,119 Fidelity St #C4,Carrboro NC 27510
David Neil Wertheimer,304 Davie Rd,Carrboro NC 27510
Rachel Laura Wertheimer,322 Davie Rd #B,Carrboro NC 27510
John Andrew Westbrook,124 Fidelity St #2,Carrboro NC 27510
Nathan Pearce Westcott,222 Old Fayetteville Rd #K-303,Carrboro NC 27510
James Lloyd West,222 Old Fayetteville Rd #G-202,Carrboro NC 27510
Janet Lynn West,101 Hwy 54 Bypass #H6,Carrboro NC 27510
William McKinney West,400 Davie Rd #67,Carrboro NC 27510
Christine Ann Whitaker,400 Davie Rd #15,Carrboro NC 27510
Diane Theresa Whitaker,112 NC Hwy 54 Byp #G1,Carrboro Nc 27510
Kali Asiza Whitaker,112 NC Hwy 54 Byp #G1,Carrboro Nc 27510
Lendo Edgar Whitaker Jr,107 Kay St,Carrboro NC 27510
Lurline Stone Whitaker,107 Kay St,Carrboro NC 27510
William Donald White,304 W Poplar Ave,Carrboro NC 27510
Julia Suzanne Whitley,222 Old Fayetteville Rd #G106,Carrboro NC 27510
Amy Kathryn Wiglesworth,222 Old Fayetteville Rd #C305,Carrboro NC 27510
Melynda Dawn Wilcox,200 NC Hwy 54 Byp #P202,Carrboro Nc 27510
Alisia Jeanet Williams,124 Fidelity St,Carrboro NC 27510
Jaclyn Noel Williams,201 NC Hwy 54 Byp #422,Carrboro Nc 27510
Paul A Williams,101 Hwy 54 Bypass #B6,Carrboro NC 27510
Rhonda Elaine Williams,200 NC Hwy 54 Byp #A103,Carrboro Nc 27510
Tyronne Williams Jr,404 Jones Ferry Rd #F18,Carrboro NC 27510
Warren H Williams,200 NC Hwy 54 Byp #A103,Carrboro Nc 27510
David Christopher Williard,101 NC Hwy 54 Byp #N5,Carrboro Nc 27510
John Charles Williford III,124 Fidelity St #49,Carrboro NC 27510
Iola Wilson,600 W Poplar Ave #143,Carrboro NC 27510
Joshua Brandon Wilson,300 NC Hwy 54 W #C5,Carrboro Nc 27510
Emily Jane Wipper,106 W Poplar Ave Ext,Carrboro NC 27510
Brittany Frances Wofford,105 Fidelity St #A28,Carrboro NC 27510
Lacey Jane Wolfe,124 Fidelity St #5,Carrboro NC 27510
Stephanie Lynne Wolfe,404 Jones Ferry Rd #B18,Carrboro NC 27510
Amy Catherine Wollish,201 NC Hwy 54 Byp #515,Carrboro Nc 27510
Brenda Mae Womble,119-H5 Fidelity St,Carrboro NC 27510
Sean Brian Woolcock,104 Cathy Rd,Carrboro NC 27510
Melissa Jo Woolls,201 NC Hwy 54 Byp #612,Carrboro Nc 27510
Sandra S Wooten,202a W Poplar Ave,Carrboro NC 27510
Larry Monte Worth,109 Alabama Ave #1,Carrboro NC 27510
Mary Radosti Woytowich,400-36 Davie Rd,Carrboro NC 27510
Margaret Hall Wurth,102 Laurel Ave #B,Carrboro NC 27510
Virginia Mae Wyatt,600 W Poplar Ave #136,Carrboro NC 27510
David L Young Jr,624 Jones Ferry Rd,Carrboro NC 27510
Janet Engel Zager,600 W Poplar Ave #212,Carrboro NC 27510
Louise U Zalewski,600 W Poplar Ave #346,Carrboro NC 27510
Joseph Lucas Zuccarello,101 NC Hwy 54 Byp #G3,Carrboro Nc 27510
Sandra I-hsuan Zuccarello,101 NC Hwy 54 Byp #G3,Carrboro Nc 27510
Suzanne Grady Zweben,222 Old Fayetteville Rd #I206,Carrboro NC 27510
