Nasir Abbas,120 Marlowe Ct,Carrboro NC 27510
Yasin Abdel Abu-Haija,117 Chaucer Ct,Carrboro NC 27510
Laura Eleanor Ackerman,605 Jones Ferry Rd #T110,Carrboro NC 27510
Ekow Quansah Hayfron Acquah,605 Jones Ferry Rd #Bb10,Carrboro NC 27510
Jocelyn Marie Adams,501 NC Hwy 54 Byp #A2,Carrboro Nc 27510
Jackie Lee Adkins III,305 Laurel Ave,Carrboro NC 27510
Anwar Salih Ahmed,501 NC Hwy 54 Byp #H3,Carrboro Nc 27510
Yelena Iosifovna Aleksandrovich,201 Westbrook Dr #E10,Carrboro NC 27510
Sofia Rosa Aliaga,601 Jones Ferry Rd #H8,Carrboro NC 27510
Adriene Holt Allen,101 W Carr St,Carrboro NC 27510
Carlton Allen,101 W Carr St,Carrboro NC 27510
Casandra Victoria Allen,114 South Peak Dr,Carrboro NC 27510
Morgan Ruth Beatrice Allen,401 NC Hwy 54 Byp #E18,Carrboro Nc 27510
Anna Elise Allison,605 Jones Ferry Rd #Cc02,Carrboro NC 27510
Edgar Anthony Almeyda,401 NC Hwy 54 Byp #E6,Carrboro Nc 27510
Chandra L Alston,501 Jones Ferry Rd #Dd-8,Carrboro NC 27510
Natisha Marie Alston,501 NC Hwy 54 Byp #F10,Carrboro Nc 27510
Vignesh Anandan,605 Jones Ferry Rd #Bb09,Carrboro NC 27510
Jennifer Cosby Anderson,104 Tanglewood Ln,Carrboro NC 27510
Pamela Leigh Anderson,212 Westbrook Dr,Carrboro NC 27510
William R Anderson,501 NC Hwy 54 Byp #J3,Carrboro Nc 27510
Douglas Lee Andress,501 NC Hwy 54 Byp #E-4,Carrboro Nc 27510
Kelly Jo Andress,501 NC Hwy 54 Byp #E-4,Carrboro Nc 27510
Amy Maureen Ankenbrandt,605 Jones Ferry Rd #Ss-07,Carrboro NC 27510
Kelly Justina Armstrong,401 NC Hwy 54 Byp #E15,Carrboro Nc 27510
Allison Rebecca Arpin,202 Westbrook Dr,Carrboro NC 27510
Patricia Gail Ashworth,104 Riverbirch Pt,Carrboro NC 27510
Aileen Atwater,501 NC Hwy 54 Byp #P7,Carrboro Nc 27510
Christopher Anthony Atwater,107 Barnes St,Carrboro NC 27510
Douglas Edward Atwater Jr,605 Jones Ferry Rd #Ss-3,Carrboro NC 27510
Jeannette Jacobs Atwater,605 Jones Ferry Rd #Ss-3,Carrboro NC 27510
Tabitha V Atwater,501 NC Hwy 54 Byp #P7,Carrboro Nc 27510
Teasha Terrane Atwater,501 NC Hwy 54 Byp #P7,Carrboro Nc 27510
Patrick N Austin,601 Jones Ferry Rd #D-10,Carrboro NC 27510
Nicholas James Auten,310 Berryhill Dr,Carrboro NC 27510
Jared Lee Bailey,605 Jones Ferry Rd #Ff04,Carrboro NC 27510
Jodi Michelle Bailey,605 Jones Ferry Rd #Ff04,Carrboro NC 27510
Jeanne Muriel Baker,605 Jones Ferry Rd #Ee4,Carrboro NC 27510
Kara Ann Baldwin,200 Barnes St #G8,Carrboro NC 27510
Sylvia Avery Ballard,102 Walden Dr,Carrboro NC 27510
Kevin Kumar Banda,601 Jones Ferry Rd #F10,Carrboro NC 27510
Nicole Danielle Bankhead,107 Friar Ln,Carrboro NC 27510
Judith Ann Baran,111 Coleridge Ct,Carrboro NC 27510
Juan Santino Barbee,401 NC Hwy 54 Byp #J12,Carrboro Nc 27510
Charles Michael Lee Barnes Jr,401 NC Hwy 54 Byp #D28,Carrboro Nc 27510
Nancy Mariah Barnette,501 Jones Ferry Rd #D4,Carrboro NC 27510
Jessica Nicole Barnett,401 NC Hwy 54 Byp #J12,Carrboro Nc 27510
Sarah Kate Bartel,401 NC Hwy 54 Byp #F16,Carrboro Nc 27510
Kapila Basnet,105 Lantern Way,Carrboro NC 27510
Mary Cartnail Bates,501 NC Hwy 54 Byp #B-8,Carrboro Nc 27510
Dorothy Rose Battle,401 NC Hwy 54 Byp #B40,Carrboro Nc 27510
Sara Kathleen Beaman,605 Jones Ferry Rd #Ff3,Carrboro NC 27510
Richard Tuller Beard,101 Coleridge Ct,Carrboro NC 27510
Megan Elizabeth Beck,501 NC Hwy 54 Byp #D6,Carrboro Nc 27510
Kathleen Elizabeth Beetle,605 Jones Ferry Rd #Nn04,Carrboro NC 27510
Christine Ann Belconis,306 Cedarwood Ln #A,Carrboro NC 27510
Jennifer Catherine Bellis,305 Laurel Ave #A17,Carrboro NC 27510
Shira Clare Belovicz,103 W Main St #2a,Carrboro NC 27510
Julia Millicent Benbow,605 Jones Ferry Rd #Aa2,Carrboro NC 27510
Ethel Mae Benjamin,107 Walden Dr,Carrboro NC 27510
Jane Suzanne Benson,102 Weatherhill Pt,Carrboro NC 27510
Luke Edwin Berchowitz,99 South Peak Dr,Carrboro NC 27510
Matthew Edward Berginski,601 Jones Ferry Rd #G7,Carrboro NC 27510
Kachina Erita Nyshelle Best,501 Jones Ferry Rd #L10,Carrboro NC 27510
Monecia Yonee Best,605 Jones Ferry Rd #Vv09,Carrboro NC 27510
Utopia Terrell Best,605 Jones Ferry Rd #Jj3,Carrboro NC 27510
Dwight D Bethea,200 Barnes St,Carrboro NC 27510
Manna Beyene,605 Jones Ferry Rd #Dd2,Carrboro NC 27510
Aadra Prashant Bhatt,210 Cedarwood Ln,Carrboro NC 27510
Emily Page Bidgood,434 S Greensboro St #B,Carrboro NC 27510
Sarah Anna Biggerstaff,114 Ruth St,Carrboro NC 27510
Jeanne Elizabeth Biles,103 Ruth St,Carrboro NC 27510
Hayden Thompson Black,108 W Carr St #B,Carrboro NC 27510
Ida Mason Blacknell,203 King St,Carrboro NC 27510
Calvin Jamal Blocker,201 Westbrook Dr #D23,Carrboro NC 27510
Alma Martin Bocanegra,501 NC Hwy 54 Byp #A8,Carrboro Nc 27510
Herbert Bock,133 Lantern Way,Carrboro NC 27510
Kathleen Diana Bolick,114 Ruth St,Carrboro NC 27510
Maria A Bonilla,113 Barnes St,Carrboro NC 27510
Matt Ryan Boscoe,401 NC Hwy 54 Byp #C2,Carrboro Nc 27510
Sanford Anthony Bottino,132 Friar Ln,Carrboro NC 27510
Jeffrey Douglas Bowers,209 Jones Ferry Rd #A,Carrboro NC 27510
Christine E Boyle,56 Ne Buffalo St,Portland Or 97211
Jacqueline Marie Bradley,104 W Carr St,Carrboro NC 27510
Emily Laura Braley,201 Westbrook Dr #B21,Carrboro NC 27510
Natalie Ann Brann,PO Box 1012,Carrboro NC 27510
Edwin Maurice Braswell III,108 Lorilane Dr,Carrboro NC 27510
Lauren Rose Brenner,401 Westbrook Dr,Carrboro NC 27510
Lawrence Howard Brenner,401 Westbrook Dr,Carrboro NC 27510
Kimberly Alexandra Brewsaugh,122 South Peak Dr,Carrboro NC 27510
Bianca Alexandra Bricchi,200 Barnes St #H13,Carrboro NC 27510
Carolyn Briggs,116 Prince St,Carrboro NC 27510
Autumn Joy Bright,601 Jones Ferry Rd #M2,Carrboro NC 27510
Ellen Donna Brooks,605 Jones Ferry Rd #Tt06,Carrboro NC 27510
Carolyn Minter Brown,501 Jones Ferry Rd #K1,Carrboro NC 27510
Eleanor Louise Brown,105 Jones Ferry Rd #M,Carrboro NC 27510
Elizabeth Lynne Brown,401 NC Hwy 54 Byp #H5,Carrboro Nc 27510
Matthew Curtis Brown,141 Coleridge Ct,Carrboro NC 27510
Robbin Marie Brown,200 Barnes St #B20,Carrboro NC 27510
Sara Lee Brown,605 Jones Ferry Rd #Nn9,Carrboro NC 27510
William Fredric Brown,501 Jones Ferry Rd #S-4,Carrboro NC 27510
Herbert David Brumble,100 Walden Dr,Carrboro NC 27510
Melissa Ann Brzycki,305 Laurel Ave #A,Carrboro NC 27510
Courtney A Buley,130 Beechwood Dr,Carrboro NC 27510
Ricky Sherman Bunch,200 Barnes St #I-17,Carrboro NC 27510
Ruy Burgos-Lovece,PO Box 221,Chapel Hill NC 27514
Sue Green Burkett,131 Weatherhill Pt,Carrboro NC 27510
Betty Morphis Burnette,500 S Greensboro St #8,Carrboro NC 27510
Jewayne Deangelo Burnette,501 Jones Ferry Rd #Q2,Carrboro NC 27510
Sandra Faye Burnette,401 NC Hwy 54 Byp #D20,Carrboro Nc 27510
Christine Burns,605 Jones Ferry Rd #Hh-3,Carrboro NC 27510
Edward Eugene Burns,406 S Greensboro St,Carrboro NC 27510
Elizabeth Jane Burns,406 S Greensboro St,Carrboro NC 27510
Emily M Burrows,605 Jones Ferry Rd #Bb13,Carrboro NC 27510
Janice M Burton,501 NC Hwy 54 Byp #P-6,Carrboro Nc 27510
Krystal Rose-Elaine Bush,601 Jones Ferry Rd #A4,Carrboro NC 27510
Deleon Bynum,301 Laurel Ave,Carrboro NC 27510
Doris Jean Bynum,301 Laurel Ave,Carrboro NC 27510
Jason Ramon Byrd,501 Jones Ferry Rd #L10,Carrboro NC 27510
Jennifer Elizabeth Byrnes,105 Coleridge Ct,Carrboro NC 27510
Lloyd H Cabot,201 Westbrook Dr #C23,Carrboro NC 27510
Lillian Suitt Cabrera,601 Jones Ferry Rd #L9,Carrboro NC 27510
Barbara Eleanor Campbell,605 Jones Ferry Rd #Tt11,Carrboro NC 27510
Shanequa Renee Campbell,201 Cedarwood Ln #A,Carrboro NC 27510
Terry Glenn Campbell,601 Jones Ferry Rd #B4,Carrboro NC 27510
Lissa Michelle Cannady,102 Friar Ln,Carrboro NC 27510
John Allen Cannon,404 S Greensboro St,Carrboro NC 27510
Rivers Serden Caraganis,106 Old Pittsboro Rd #B,Carrboro NC 27510
Jessica Rose Carda,310 Berryhill Dr,Carrboro NC 27510
Carolee Hirtzel Carlson,105 Cedarwood Ln,Carrboro NC 27510
Albert Melvin Carpenter,200 Barnes St #H15,Carrboro NC 27510
Lessie Lee Carroll,103 W Main St #3d,Carrboro NC 27510
Tara Lauren Carr,100 Daffodil Ln,Carrboro NC 27510
Tyrell Carr,201 Westbrook Dr #B7,Carrboro NC 27510
Elaine Jones Carter,111 Prince St,Carrboro NC 27510
Ericka Michele Carter,111 Prince St,Carrboro NC 27510
Rodney Carter,203 King St,Carrboro NC 27510
Rodney A Carter,203 King St,Carrboro NC 27510
William Carter Jr,111 Prince St,Carrboro NC 27510
Anthony C Cartnail-Bates,501 NC Hwy 54 Byp #B-8,Carrboro Nc 27510
Larry Felton Carver,200 Barnes St #F5,Carrboro NC 27510
Michael John Cerminaro,112 Beechwood Dr,Carrboro NC 27510
Douglas Lawrence Chambers,601 Jones Ferry Rd #B2,Carrboro NC 27510
Walter James Chard,605 Jones Ferry Rd #Ll5,Carrboro NC 27510
Jane Yunyoung Choi,103 Coleridge Ct,Carrboro NC 27510
Ricky Christian,200 Barnes St #G-16,Carrboro NC 27510
Jonathan Peter Christie,106 Barbee Ct,Carrboro NC 27510
Maria Ann Christopher,201 Westbrook Dr #B22,Carrboro NC 27510
Amanda Joan Chunco,201 Westbrook Dr #A-10,Carrboro NC 27510
Michael Alexander Chvatal,501 NC Hwy 54 Byp #D6,Carrboro Nc 27510
Thomas Edward Clark Sr,PO Box 776,Chapel Hill NC 27514
Terence Denard Clay,139 Coleridge Ct,Carrboro NC 27510
Dwayne Clemons,401 NC Hwy 54 Byp #B47,Carrboro Nc 27510
Shawn Demark Clemons,PO Box 1012,Carrboro NC 27510
Robert Jay Clites,218 Cedarwood Ln,Carrboro NC 27510
Decatur L Cole,209 Barnes St,Carrboro NC 27510
Decatur Lee Cole Jr,209 Barnes St,Carrboro NC 27510
Gloria Jean Cole,110 Prince St,Carrboro NC 27510
Charles Edward Coleman,118 South Peak Dr,Carrboro NC 27510
Toni Anne Cole,103 Tanglewood Ln,Carrboro NC 27510
Joseph Nehemiah Cooper,200 Barnes St #H1,Carrboro NC 27510
Mary Carolyn Cooper,404 Berryhill Dr,Carrboro NC 27510
Zelda Jean Cordova,501 Jones Ferry Rd #C-4,Carrboro NC 27510
Dorothy A Corvinus,105 South Peak Dr,Carrboro NC 27510
Rebecca Lynn Costello,100 Walden Dr,Carrboro NC 27510
Heather Nicole Courson,200 Barnes St #E-19,Carrboro NC 27510
Kevin Hume Cox,113 Lorilane Dr,Carrboro NC 27510
Nikissia Lafaye Craig,501 Jones Ferry Rd #U4,Carrboro NC 27510
Jeriann Lynn Cramer,201 Westbrook Dr #D-24,Carrboro NC 27510
Altha Jane Cravey,101 W Carr St,Carrboro NC 27510
Larshonda Michelle Crisp,200 Barnes St #C10,Carrboro NC 27510
James Patrick Cronin,719 24th Ave. E,Seattle Wa 98112
Paul S Cubita Jr,601 Jones Ferry Rd #N-14,Carrboro NC 27510
Jessica Angelica Cuellar,605 Jones Ferry Rd #Ll-07,Carrboro NC 27510
Wendy Marlene Dale,501 Jones Ferry Rd #M1,Carrboro NC 27510
Jameela Fay Dallis,109 South Peak Dr,Carrboro NC 27510
Erika Elissa Zimmerma Damer,410 S Greensboro St,Carrboro NC 27510
Clara Mae Daniels,110 Beechwood Dr,Carrboro NC 27510
Blake Hunter Daughtry,401 NC Hwy 54 Byp #D7,Carrboro Nc 27510
Latonia Rechelle David,500 S Greensboro St #39,Carrboro NC 27510
Alyssa Frances Davis,101 Queen St,Carrboro NC 27510
Beckley Keith Davis,105 Weatherhill Pt,Carrboro NC 27510
Diana Davis,PO Box 16163,Chapel Hill NC 27516
Lisa B Davis,401 NC Hwy 54 Byp #J14,Carrboro Nc 27510
Mecos Lanard Davis,101 Queen St,Carrboro NC 27510
Rosemary Elsbeth Deane,601 Jones Ferry Rd #E3,Carrboro NC 27510
Ivy Joy Degraffenried,501 NC Hwy 54 Byp #K-2,Carrboro Nc 27510
Chad Roberts Deisenroth,201 Westbrook Dr #D16,Carrboro NC 27510
Sheila Suzanne Dempsey,601 Jones Ferry Rd #H9,Carrboro NC 27510
Christina Marie Denard,605 Jones Ferry Rd #Ll-04,Carrboro NC 27510
Solita Ann Denard,200 Barnes St #B7,Carrboro NC 27510
Maribel Suzanne Diaz,601 Jones Ferry Rd #F4,Carrboro NC 27510
Megan Dimaio,601 Jones Ferry Rd #A13,Carrboro NC 27510
Jeremy Lowe Dixon,200 Barnes St #F-18,Carrboro NC 27510
Anna Cunningham Dodd,106 Ruth St,Carrboro NC 27510
Anna Lauren Doherty,305 Laurel Ave,Carrboro NC 27510
Danielle Lane Doughman,105 W Carr St #B,Carrboro NC 27510
Robert Elliot Dow,205 Barnes St,Carrboro NC 27510
Nora Doyle,303 Laurel Ave #A,Carrboro NC 27510
Thaddeus Joseph Dudek,501 NC Hwy 54 Byp #M10,Carrboro Nc 27510
John Charles Duffy,501 Jones Ferry Rd #U8,Carrboro NC 27510
Brandi T Dula,202 Prince St,Carrboro NC 27510
Derrick L Dula,401 NC Hwy 54 Byp #B20,Carrboro Nc 27510
Lindsay Meehan Dunn,605 Jones Ferry Rd #Aa01,Carrboro NC 27510
Jason Aaron Dupre,200 Barnes St #F4,Carrboro NC 27510
Gregory Paul Dusek,605 Jones Ferry Rd #Mm4,Carrboro NC 27510
Katrina Noelle Nowak Dusek,605 Jones Ferry Rd #Mm4,Carrboro NC 27510
Caroline Esmat Dyar,605 Jones Ferry Rd #Mm13,Carrboro NC 27510
Doris Alexander Dyer,124 Weatherhill Pt,Carrboro NC 27510
Shalee Shontae East,401 NC Hwy 54 Byp #I9,Carrboro Nc 27510
Andrew Edwards,300 NC Hwy 54 Byp #E4,Carrboro Nc 27510
Chandra Jannell Edwards,213 Barnes St,Carrboro NC 27510
Jordan Christopher Edwards,207 Cedarwood Ln #A,Carrboro NC 27510
Lavar Quata Edwards,401 NC Hwy 54 Byp #E8,Carrboro Nc 27510
Lucy N Edwards,205 Laurel Ave,Carrboro NC 27510
Odision Esene Edwards,201 King St,Carrboro NC 27510
Robert Edwards,205 Laurel Ave,Carrboro NC 27510
Linda Elliott,500 S Greensboro St #17,Carrboro NC 27510
Michael Pelton Ellis,103 W Main St #3f,Carrboro NC 27510
Latonya M Ellison,116 South Peak Dr,Carrboro NC 27510
Jessica Mary Else,311 Berryhill Dr,Carrboro NC 27510
Kim Engie,430 S Greensboro St #6,Carrboro NC 27510
James Brian Entzminger,501 Jones Ferry Rd #M9,Carrboro NC 27510
Kathryn Elyse Eron,110 Barbee Ct,Carrboro NC 27510
Georgann Eubanks,105 Jones Ferry Rd #T,Carrboro NC 27510
Leah Njambi Evans,501 Jones Ferry Rd #U-11,Carrboro NC 27510
Stacy Latonia Evans,401 NC Hwy 54 Byp #B5,Carrboro Nc 27510
Jennifer Lynn Everett,605 Jones Ferry Rd #Dd04,Carrboro NC 27510
Nicholas Daniel Faber,202 Cedarwood Ln #B,Carrboro NC 27510
Bo Fader,401 NC Hwy 54 Byp #A10,Carrboro Nc 27510
Kimberly Marie Fagan,601 Jones Ferry Rd #F12,Carrboro NC 27510
Yolonda Yvonne Faison,201 Westbrook Dr #B-4,Carrboro NC 27510
Alex Scott Farrell,605 Jones Ferry Rd #Tt8,Carrboro NC 27510
Angela Annette Farrington,200 Barnes St #C3,Carrboro NC 27510
Mary Allen Farrington,501 Jones Ferry Rd #Y1,Carrboro NC 27510
Sandra Marie Farrington,501 Jones Ferry Rd #Y1,Carrboro NC 27510
Caryl Beth Feldacker,110 Lantern Way,Carrboro NC 27510
Christopher Fitzsimons,101 Chaucer Ct,Carrboro NC 27510
Nancy Elizabeth Floyd,104 Friar Ln,Carrboro NC 27510
Khristy Ann Fontillas,605 Jones Ferry Rd #Dd3,Carrboro NC 27510
Patrick Ford,300 NC Hwy 54 Byp #C5,Carrboro Nc 27510
Jacob Hershel Forstater,201 Westbrook Dr #E8,Carrboro NC 27510
Shirley Mae Foushee,401 NC Hwy 54 Byp #D30,Carrboro Nc 27510
Annette Fowler,401 NC Hwy 54 Byp #B47,Carrboro Nc 27510
Deanna Fowler,401 NC Hwy 54 Byp #D4,Carrboro Nc 27510
Emma Caldwell Fowler,401 NC Hwy 54 Byp #4d,Carrboro Nc 27510
#2l Fowler, Jennifer Anh","370 5th Avenue,Brooklyn Ny 11215
Lorenzo Nicklous Fowler,401 NC Hwy 54 Byp #D4,Carrboro Nc 27510
Sonya Irene Fowler,441 Old Pittsboro Rd #B,Carrboro NC 27510
Michael Charles Fowlkes,201 Westbrook Dr #B24,Carrboro NC 27510
Scott Michael Fox,110 W Carr St #C,Carrboro NC 27510
Randy William Frazier,501 Jones Ferry Rd #5m,Carrboro NC 27510
Rebecca Joy Frazier,601 Jones Ferry Rd #M10,Carrboro NC 27510
Hannah Elizabeth Frederick,209 Jones Ferry Rd,Carrboro NC 27510
Alexander Mallony Freeman,103 Ruth St,Carrboro NC 27510
Jennifer Lynn Fuentes,605 Jones Ferry Rd #Uu3,Carrboro NC 27510
Marisa Joanna Fuentes,102 Lantern Way,Carrboro NC 27510
Edwin Rudolph Fuller III,305 Westbrook Dr,Carrboro NC 27510
Janiece Delores Futrell,111 Prince St,Carrboro NC 27510
Regina Ann Futrell,401 NC Hwy 54 Byp #J10,Carrboro Nc 27510
Willow Noelle Gabriel,430 S Greensboro St #2,Carrboro NC 27510
Michael Wayne Gagnon,501 Jones Ferry Rd #Dd2,Carrboro NC 27510
Vincent Charles Gant,202 Laurel Ave,Carrboro NC 27510
Kathleen Warehime Garcia,200 Barnes St #C-7,Carrboro NC 27510
Kevin Garrett,605 Jones Ferry Rd #W9,Carrboro NC 27510
Alexa Rose Garvoille,605 Jones Ferry Rd #Ff7,Carrboro NC 27510
Marie Burnette Gattis,500 S Greensboro St #41,Carrboro NC 27510
Emily Anne Gavryck,605 Jones Ferry Rd #Uu06,Carrboro NC 27510
Edwin Arnold Gendron,308 Cedarwood Ln,Carrboro NC 27510
Heather Hope Gendron,308 Cedarwood Ln,Carrboro NC 27510
Stephen Edward Gent,601 Jones Ferry Rd #N5,Carrboro NC 27510
Paul Anthony Gilbert,601 Jones Ferry Rd #A20,Carrboro NC 27510
Cary Dean Gillenwater,140 Beechwood Dr,Carrboro NC 27510
Zoe Mickley Gillenwater,140 Beechwood Dr,Carrboro NC 27510
Deborah Lee Gingras,442 Old Pittsboro Rd,Carrboro NC 27510
Deborah Betts Ginsberg,106 W Carr St #2,Carrboro NC 27510
Ryann Elizabeth Giorgi,104 Barbee Ct,Carrboro NC 27510
Daniela Andreea Giurgiu,205 Cedarwood Ln,Carrboro NC 27510
Christopher Tyrone Glenn,501 NC Hwy 54 Byp #H-11,Carrboro Nc 27510
Tiffany Camillia Glenn,401 NC Hwy 54 Byp #B38,Carrboro Nc 27510
Catrina Lettice Gobantes,501 NC Hwy 54 Byp #H8,Carrboro Nc 27510
Donna Kathryn Goforth,605 Jones Ferry Rd #Vv12,Carrboro NC 27510
Matthew Dunning Golden,601 Jones Ferry Rd #B9,Carrboro NC 27510
Alexis Roxanne Goldman,307 Berryhill Dr,Carrboro NC 27510
Vincent Michael Gonzalez,300 NC Hwy 54 Byp #A1,Carrboro Nc 27510
Tijuana Kaye Goodwin,113 Chaucer Ct,Carrboro NC 27510
Brady Scott Gordon,212 Prince St #B,Carrboro NC 27510
Owen Evans Goslin,601 Jones Ferry Rd #F13,Carrboro NC 27510
Carlos Deriguez Gould,501 Jones Ferry Rd #A11,Carrboro NC 27510
Richard Joseph Gradman,605 Jones Ferry Rd #Kk11,Carrboro NC 27510
Joanna Elizabeth Graham,300 NC Hwy 54 Byp #D1,Carrboro Nc 27510
Carl Graves,500 S Greensboro St #47,Carrboro NC 27510
Dawn Lateda Graves,104r Nchwy 54 West #196,Carrboro NC 27510
Wanda Faye Graves,401 NC Hwy 54 Byp #B40,Carrboro Nc 27510
Karen Lisa Gray,314 Berryhill Dr,Carrboro NC 27510
Lauren B Greene-Roesel,605 Jones Ferry Rd #Cc-4,Carrboro NC 27510
Jennifer Lynn Greenstein,4721 Sharpstone Ln,Raleigh NC 27615
Brian Gorman Greenwood,113 Lantern Way,Carrboro NC 27510
Mary Casey Gregg,133 Coleridge Ct,Carrboro NC 27510
Holly Eden Gresehover,147 Coleridge Ct,Carrboro NC 27510
Robert Benton Griffin,601 Jones Ferry Rd #N2,Carrboro NC 27510
Mary Elizabeth Grigorian,105 W Carr St,Carrboro NC 27510
Madison Linn Guidici,319 Westbrook Dr,Carrboro NC 27510
Priya Gulati,601 Jones Ferry Rd #D3,Carrboro NC 27510
Olguitza Y Guzman,605 Jones Ferry Rd #Tt08,Carrboro NC 27510
Robert Leroy Habersham,605 Jones Ferry Rd #Vv09,Carrboro NC 27510
Nakia Makizie Hackney,601 Jones Ferry Rd #F2,Carrboro NC 27510
Carol Linda Haggerty,313 Berryhill Dr,Carrboro NC 27510
Brandon Lee Hairston,501 NC Hwy 54 Byp #H-1,Carrboro Nc 27510
Aaron Todd Hale-Dorrell,105 Friar Ln,Carrboro NC 27510
Amanda Parker Hall,601 Jones Ferry Rd #N15,Carrboro NC 27510
Angela Hall,501 NC Hwy 54 Byp #D9,Carrboro Nc 27510
Laura Halperin,105 Jones Ferry Rd #J,Carrboro NC 27510
David Blackburn Hamblet,103 W Main St #3e,Carrboro NC 27510
Veronica Ramirez Hamilton,601 Jones Ferry Rd #M9,Carrboro NC 27510
Christina Lynn Hamlet,601 Jones Ferry Rd #B4,Carrboro NC 27510
Theresa Diana Hammond,106 Walden Dr,Carrboro NC 27510
Michael Lance Hampton,401 NC Hwy 54 Byp #D9,Carrboro Nc 27510
Randy Lynn Handley,203 Laurel Ave #B,Carrboro NC 27510
Sheri Anne Hanson,605 Jones Ferry Rd #Aa5,Carrboro NC 27510
Elizabeth Cole Harden,216 Westbrook Dr,Carrboro NC 27510
Janet M Hargraves,501 NC Hwy 54 Byp #C12,Carrboro Nc 27510
Daniel Dunaway Harlan,401 NC Hwy 54 Byp #B6,Carrboro Nc 27510
Mary Austin Harlan,401 NC Hwy 54 Byp #B6,Carrboro Nc 27510
Genevive Jamine Harris,PO Box 9611,Chapel Hill NC 27515
Michael Anthony Harris,PO Box 411,Carrboro NC 27510
Nicole Celeste Harris,102 W Carr St,Carrboro NC 27510
Shannon Laura Harris,501 NC Hwy 54 Byp #K-1,Carrboro Nc 27510
Sonya Claire Harris,102 W Carr St,Carrboro NC 27510
Megan Elizabeth Hartranft,201 Westbrook Dr #D12,Carrboro NC 27510
Orena Chance Hartsfield,401 NC Hwy 54 Byp #B7,Carrboro Nc 27510
Claudia Benedict Haskins,123 Weatherhill Pt,Carrboro NC 27510
C Hawkins,601 Jones Ferry Rd #A-1,Carrboro NC 27510
Blonnie Cole Hayes,209 Barnes St,Carrboro NC 27510
Julie Walsh Hayes,201 Westbrook Dr #C5,Carrboro NC 27510
Katherine Marie Hayes,116 Lantern Way,Carrboro NC 27510
Stanley Jonathan Hayes,209 Barnes St,Carrboro NC 27510
Shari Michelle Headen,601 Jones Ferry Rd #F9,Carrboro NC 27510
Symfoni Aja Headen,601 Jones Ferry Rd #F9,Carrboro NC 27510
Randy Mashar Hearn,201 Westbrook Dr #B-19,Carrboro NC 27510
Stephan Anton Hearn,201 Westbrook Dr #B-24,Carrboro NC 27510
Michele Marie Hehenberger,220 Cedarwood Ln,Carrboro NC 27510
James Harvey Henderson,501 Jones Ferry Rd #T1,Carrboro NC 27510
Dale Huntigton Henion,401 NC Hwy 54 Byp #B29,Carrboro Nc 27510
Rachel Rene Henion,401 NC Hwy 54 Byp #B29,Carrboro Nc 27510
Jakeba Keshawn Henry,605 Jones Ferry Rd #Ss3,Carrboro NC 27510
Gregory Joseph Herschlag,201 Westbrook Dr #B21,Carrboro NC 27510
Stacy Nicole Hightower,401 NC Hwy 54 Byp #B20,Carrboro Nc 27510
Ashley Michelle Hill,401 NC Hwy 54 Byp #F-16,Carrboro Nc 27510
Audrey Justine Hill,432 S Greensboro St #E,Carrboro NC 27510
Jeremy Ross Hill,107 W Main St #G,Carrboro NC 27510
Andre-Karif Macdonald Hines,200 Barnes St #E-13,Carrboro NC 27510
Paul L Hinrichs,601 Jones Ferry Rd #F6,Carrboro NC 27510
Eugene Edward Hodge Jr,109 Jones Ferry Rd,Carrboro NC 27510
Rex Allen Hodges Jr,601 Jones Ferry Rd #J12,Carrboro NC 27510
Joyce Ann Holloman,PO Box 133,Carrboro NC 27510
Lillie Elizabeth Holloman,211 Barnes St,Carrboro NC 27510
Kizzy Marie Holt,PO Box 1362,Hillsborough NC 27278
Mark Steven Holt,605 Jones Ferry Rd #Ll01,Carrboro NC 27510
Ryan Jerome Horton,200 Prince St,Carrboro NC 27510
Valerie Denise Horton,200 Prince St,Carrboro NC 27510
William Christopher Horton,202 Prince St,Carrboro NC 27510
Dianna Sarah Houenou,111 Friar Ln #Kg,Carrboro NC 27510
Kaitlin Houlditch-Fair,104 W Carr St,Carrboro NC 27510
Jeffrey James Houtz,605 Jones Ferry Rd #Uu-9,Carrboro NC 27510
Alvin Resharud Howard,201 Westbrook Dr #D3,Carrboro NC 27510
Tomee L Howard,125 Weatherhill Pt,Carrboro NC 27510
Thomas Francis Howlett,601 Jones Ferry Rd #C10,Carrboro NC 27510
Matthew Ryan Hrabak,201 Westbrook Dr #E8,Carrboro NC 27510
Randall James Hucks,605 Jones Ferry Rd #Ss13,Carrboro NC 27510
Katherine Knox Hudson,122 Weatherhill Pt,Carrboro NC 27510
Thelma Lee Hulon,501 NC Hwy 54 Byp #Q8,Carrboro Nc 27510
Nicole Charmaine Humphrey,207 Barnes St,Carrboro NC 27510
Paul James Hunsucker,111 Old Pittsboro Rd,Carrboro NC 27510
Clarence Leon Hunter,500 S Greensboro St #46,Carrboro NC 27510
Haze F Hunter,500 S Greensboro St #46,Carrboro NC 27510
Lakecia Maria Hunter,500 S Greensboro St #46,Carrboro NC 27510
Samuel Moore Hunter,110 W Carr St #E,Carrboro NC 27510
Tameika Denise Hunter,500 S Greensboro St #46,Carrboro NC 27510
Franklin Eugene Hurley,401 NC Hwy 54 Byp #J6,Carrboro Nc 27510
Dwight Dorman Ingram,601 Jones Ferry Rd #F15,Carrboro NC 27510
Floyd Andrew Ingram,500 S Greensboro St #2,Carrboro NC 27510
Brittany L Jackson,605 Jones Ferry Rd #Dd3,Carrboro NC 27510
Cinderella Hemingway Jackson,100 Weatherhill Pt,Carrboro NC 27510
Courtney Lashawn Jackson,100 Weatherhill Pt,Carrboro NC 27510
Man Willie Malloy Jackson Jr,100 Weatherhill Pt,Carrboro NC 27510
Ricky Washington Jackson Jr,211 Jones Ferry Rd,Carrboro NC 27510
Robert Kwami Jackson,401 NC Hwy 54 Byp #C10,Carrboro Nc 27510
Tammy Spencer Jacobs,200 Laurel Ave,Carrboro NC 27510
Anna Louise Jacoby,601 Jones Ferry Rd #D4,Carrboro NC 27510
Jessica Anne Jahnke,601 Jones Ferry Rd #F14,Carrboro NC 27510
Edgar Kevin James,401 NC Hwy 54 Byp #E10,Carrboro Nc 27510
Molly Price Jarman,601 Jones Ferry Rd #B6,Carrboro NC 27510
Dylan Matthew Jarrell,100 Barbee Ct,Carrboro NC 27510
Kenneth Ray Jarrell,501 Jones Ferry Rd #Y-7,Carrboro NC 27510
Andrea Lynn Jerome,102 Old Pittsboro Rd,Carrboro NC 27510
Ruth Adele Johnsen,113a Old Pittsboro Rd,Carrboro NC 27510
David Paul Johnson,101 Cedarwood Ln,Carrboro NC 27510
Felicia Ann Johnson,200 Barnes St #A5,Carrboro NC 27510
Frederick Douglas Johnson,201 Cedarwood Ln #A,Carrboro NC 27510
Kristen Melissa Johnson,112 Walden Dr,Carrboro NC 27510
Mary Margaret Johnson,601 Jones Ferry Rd #B10,Carrboro NC 27510
Suzanne Lila S Johnson,201 Cedarwood Ln #A,Carrboro NC 27510
Adriana Kay Jones,605 Jones Ferry Rd #Rr08,Carrboro NC 27510
Cathy Parrish Jones,401 Berryhill Dr,Carrboro NC 27510
Jacquelyn Ann Jones,501 Jones Ferry Rd #T1,Carrboro NC 27510
Jermaine Omari Jones,501 NC Hwy 54 Byp #P1,Carrboro Nc 27510
Jacqueline E Joseph,501 NC Hwy 54 Byp #L6,Carrboro Nc 27510
Jean Justice,PO Box 966,Carrboro NC 27510
Jennifer Ann Kashatus,107 Weatherhill Pt,Carrboro NC 27510
Megan Crandal Kassabaum,601 Jones Ferry Rd #A5,Carrboro NC 27510
Brandon Joel Keith,601 Jones Ferry Rd #G8,Carrboro NC 27510
Ethan Thomas Kemp,114 Barbee Ct,Carrboro NC 27510
Andrew William Kennedy,501 NC Hwy 54 Byp #C9,Carrboro Nc 27510
Andrew Dale Kerkhoff,401 NC Hwy 54 Byp #B28,Carrboro Nc 27510
Susan A Khan,402 Berryhill Dr,Carrboro NC 27510
Jonathan Jeremy Kidder,106 W Carr St #7,Carrboro NC 27510
Nancy Hoyoung Kim,605 Jones Ferry Rd #Gg-13,Carrboro NC 27510
Christina Mariel Kimsey,102 Friar Ln,Carrboro NC 27510
Michelle Tien King,111 South Peak Dr,Carrboro NC 27510
Monica Larissa King,401 NC Hwy 54 Byp #F-5,Carrboro Nc 27510
Rachel Elizabeth King,111 Prince St,Carrboro NC 27510
Susannah Leigh Kirby,123 Lantern Way,Carrboro NC 27510
Joseph Ryan Kirkman,207 Jones Ferry Rd,Carrboro NC 27510
Sarah Michelle Klemens,605 Jones Ferry Rd #Qq07,Carrboro NC 27510
Kyle Edwin Knierim,105 Jones Ferry Rd #B,Carrboro NC 27510
Shanna Doucette Knierim,105 Jones Ferry Rd #B,Carrboro NC 27510
Andrea Lisa Knowlton,204 Cedarwood Ln,Carrboro NC 27510
Jennifer Lynn Kretchmar,300 NC Hwy 54 Byp #C3,Carrboro Nc 27510
Kimberly Noelle Kutz,303 Laurel Ave #A,Carrboro NC 27510
Stephanie Lou Ladd,102 Old Pittsboro Rd,Carrboro NC 27510
Garrett Kelly Lagan,201 Westbrook Dr #B1,Carrboro NC 27510
Druvona Sun Laitman,501 NC Hwy 54 Byp #E1,Carrboro Nc 27510
Ashleigh Sarah Lalley,605 Jones Ferry Rd #Ss15,Carrboro NC 27510
Catherine Foust Lane,207 Laurel Ave,Carrboro NC 27510
Donald Carey Lane,207 Laurel Ave,Carrboro NC 27510
Kara Beth-Nikisha Lane,125 Friar Ln,Carrboro NC 27510
Michael Everett Laney,105 King St,Carrboro NC 27510
Kara Larson,100 Beechwood Dr,Carrboro NC 27510
Alesia Monica Lassiter,114 Prince St,Carrboro NC 27510
Clyde Lockwood Lassiter,103 Cedarwood Ln,Carrboro NC 27510
Samuel Nathaniel Lassiter Jr,114 Prince St,Carrboro NC 27510
Tana Saran Lassiter,114 Prince St,Carrboro NC 27510
Shannon M Leake,112 South Peak Dr,Carrboro NC 27510
Casena Leazer,605 Jones Ferry Rd #Cc8,Carrboro NC 27510
Robyn Laura Le Blanc,200 Barnes St #C14,Carrboro NC 27510
Bernice Carolyn Lee,209 Prince St,Carrboro NC 27510
Charlene Lee,103 W Main St #1c,Carrboro NC 27510
Jane Sulggie Lee,101 Ruth St,Carrboro NC 27510
Kevin Richard Lehner,110 W Carr St #B,Carrboro NC 27510
Lamesha Lennon,501 NC Hwy 54 Byp #D2,Carrboro Nc 27510
Amy Lauren Leopold,201 Westbrook Dr #B22,Carrboro NC 27510
Adrienne Blair Lewis,310 Laurel Ave,Carrboro NC 27510
Carol Sue Lewis,605 Jones Ferry Rd #Mm2,Carrboro NC 27510
Courtney Ann Lewis,300 Cedarwood Ln #A,Carrboro NC 27510
Jessica Jaslow Lewis,115 Old Pittsboro Rd,Carrboro NC 27510
Daniel Joseph Lieberman,501 NC Hwy 54 Byp #J7,Carrboro Nc 27510
Rachael Marie Liesman,127 Coleridge Ct,Carrboro NC 27510
Sonja Lillvik,212 Prince St,Carrboro NC 27510
Jonathan Daniel Linke,204 Westbrook Dr,Carrboro NC 27510
Lauren Little,118 Chaucer Ct,Carrboro NC 27510
Ying Liu,101 Ruth St,Carrboro NC 27510
Heather Leigh Livengood,108 W Carr St #C,Carrboro NC 27510
Gisele A Long,103 Lantern Way,Carrboro NC 27510
Shawanda Meoaki Long,601 Jones Ferry Rd #M2,Carrboro NC 27510
Bethany Lorber-Custer,605 Jones Ferry Rd #Ss1,Carrboro NC 27510
Allyson Katheryn Loughrin,200 Barnes St #C8,Carrboro NC 27510
Kelly Ann Lowe,501 NC Hwy 54 Byp #O-12,Carrboro Nc 27510
Laurie Lucas,107 Cedarwood Ln,Carrboro NC 27510
Michael Ludwick,114 Beechwood Dr,Carrboro NC 27510
Christopher Keith Lunsford,601 Jones Ferry Rd #L9,Carrboro NC 27510
Vernon Telly Mack,605 Jones Ferry Rd #Hh6,Carrboro NC 27510
Christine Ann Raffo Macpherson,501 Jones Ferry Rd #N9,Carrboro NC 27510
Wayman Simon Madden III,601 Jones Ferry Rd #N13,Carrboro NC 27510
Veronica Maier,201 Westbrook Dr #A8,Carrboro NC 27510
Christina Valerie Malik,601 Jones Ferry Rd #N12,Carrboro NC 27510
Jacquelyn Hewitt Malik,100 Barbee Ct,Carrboro NC 27510
Killian E Manning,110 Marlowe Ct,Carrboro NC 27510
Michael Llewellyn Mann,200 Barnes St #3a,Carrboro NC 27510
Chailee Faythe Mann-Stadt,605 Jones Ferry Rd #Qq09,Carrboro NC 27510
Marsha Bullock Marsh,308 Berryhill Dr,Carrboro NC 27510
James Dawson Martindale,201 Westbrook Dr #F8,Carrboro NC 27510
Noah Arnel Martinson,605 Jones Ferry Rd #Cc-6,Carrboro NC 27510
Katherine Anne Mason,401 NC Hwy 54 Byp #B14,Carrboro Nc 27510
Mary Louise Mason,203 King St,Carrboro NC 27510
Robert Louis Mason Jr,203 King St,Carrboro NC 27510
Kathy Lynn Matthes,601 Jones Ferry Rd #B3,Carrboro NC 27510
Thomas Michael Maynard,102 Tanglewood Ln,Carrboro NC 27510
Ashley Johnson Mayo,107 W Main St #I,Carrboro NC 27510
Rodney Kenton Mayo,207 Cedarwood Ln,Carrboro NC 27510
Russell Frank Mayo,107 W Main St #I,Carrboro NC 27510
Eric Dale McAfee,501 Hwy 54 Bypass #C3,Carrboro NC 27510
Pamela Marie McAllister,601 Jones Ferry Rd #C-8,Carrboro NC 27510
Susan McAllister,605 Jones Ferry Rd #Kk12,Carrboro NC 27510
Lawrence Brendan McBride,132 Beechwood Dr,Carrboro NC 27510
William Evander McCauley Jr,207 Barnes St,Carrboro NC 27510
Shelly McClain,401 NC Hwy 54 Byp #B11,Carrboro Nc 27510
Alisha Dante McCorkle,102 Barbee Ct,Carrboro NC 27510
Barbara Antoni McCrain,601 Jones Ferry Rd #N8,Carrboro NC 27510
Rachel Kate McCrain,601 Jones Ferry Rd #N8,Carrboro NC 27510
William Holt McCulloch,404 Berryhill Dr,Carrboro NC 27510
Andre Lamarc McDowell,117 Friar Ln,Carrboro NC 27510
Nakiva Marie McDowell,117 Friar Ln,Carrboro NC 27510
Jennifer Lynn McGrath,601 Jones Ferry Rd #F5,Carrboro NC 27510
Amy Marie McInnis,605 Jones Ferry Rd #Jj07,Carrboro NC 27510
Daniel James McKay,115 Weatherhill Pt,Carrboro NC 27510
Merit Malcolm McMannis,114 Daffodil Ln,Carrboro NC 27510
Allison Beth McMullen,601 Jones Ferry Rd #G7,Carrboro NC 27510
Wayne Thomas McNeal,201 Westbrook Dr #A-2,Carrboro NC 27510
Christopher John McQuarters,605 Jones Ferry Rd #Tt-03,Carrboro NC 27510
Deborah Anne McSmith,402 Berryhill Dr,Carrboro NC 27510
Patrick Leonard Mehling Jr,110 Friar Ln,Carrboro NC 27510
Katherine Therese Melillo,441 Old Pittsboro Rd #C,Carrboro NC 27510
Anne Katharine Mercer,605 Jones Ferry Rd #Ff9,Carrboro NC 27510
Sarah Elizabeth Mercer,112 Daffodil Ln,Carrboro NC 27510
Charlette Merritt,501 NC Hwy 54 Byp #E5,Carrboro Nc 27510
Rodney Scott Merritt,501 NC Hwy 54 Byp #C-8,Carrboro Nc 27510
Jason Lee Metcalfe,605 Jones Ferry Rd #Mm10,Carrboro NC 27510
Karen R Miles,501 NC Hwy 54 Byp #N6,Carrboro Nc 27510
Jean Stone Miller,426 S Greensboro St,Carrboro NC 27510
Vicki L Miller,601 Jones Ferry Rd #G-3,Carrboro NC 27510
Courtney Lynne Millis,501 Jones Ferry Rd #M7,Carrboro NC 27510
David Lawrence Millman,105 Jones Ferry Rd #I,Carrboro NC 27510
Ryan Douglas Mills,216 Westbrook Dr,Carrboro NC 27510
Shivette Sunday Minor,501 Jones Ferry Rd #Q11,Carrboro NC 27510
George Richard Minter Jr,200 Barnes St #E9,Carrboro NC 27510
Angela Marie Mitchell,601 Jones Ferry Rd #M5,Carrboro NC 27510
Stephanie Jovan Mitchell,201 Westbrook Dr #E5,Carrboro NC 27510
Whitney Lee Mitchell,605 Jones Ferry Rd #Bb14,Carrboro NC 27510
Ian Brian Monahan,605 Jones Ferry Rd #Kk06,Carrboro NC 27510
Keri Lynne Monda,105 Lorilane Dr,Carrboro NC 27510
Tonia Wright Monroe,106 Cedarwood Ln,Carrboro NC 27510
Jose Montoy,501 Jones Ferry Rd #G-1,Carrboro NC 27510
Kathie Flowers Monty,124 Beechwood Dr,Carrboro NC 27510
Michael Thomas Mooney,501 Jones Ferry Rd #Q1,Carrboro NC 27510
Hattie Edwards Moore,203 Barnes St,Carrboro NC 27510
Sanae K Moorehead,605 Jones Ferry Rd #Tt02,Carrboro NC 27510
Joshua Moore,107 W Main St #A,Carrboro NC 27510
Patricia G Moore,300 NC Hwy 54 Byp #D3,Carrboro Nc 27510
Robbin Mechel Moore,500 S Greensboro St #43,Carrboro NC 27510
Javier Antonio Morales,200 Barnes St #I12,Carrboro NC 27510
Danielle Shea Moran,201 Westbrook Dr #E1,Carrboro NC 27510
Karie Louise Morgan,110 Lantern Way,Carrboro NC 27510
Meghan Lynn Morgan,605 Jones Ferry Rd #Ff1,Carrboro NC 27510
Eric Todd Morris,401 NC Hwy 54 Byp #E10,Carrboro Nc 27510
Jock Lamonte Morris,601 Jones Ferry Rd #F12,Carrboro NC 27510
Mia Susanna Morris,106 Old Pittsboro Rd #B,Carrboro NC 27510
Lynne Renee Morrison,501 NC Hwy 54 Byp #N-7,Carrboro Nc 27510
Tamara Kay Moyo,206 Cedarwood Ln,Carrboro NC 27510
Ryan Gary Mrowka,401 NC Hwy 54 Byp #A2,Carrboro Nc 27510
David Powell Muellerweiss,207 Jones Ferry Rd,Carrboro NC 27510
Cansas Phipps Mulligan,300 NC Hwy 54 Byp #D2,Carrboro Nc 27510
Brianna Blu Mullis,125 Coleridge Ct,Carrboro NC 27510
Lindsay Blair Musgrave,107 W Main St #B,Carrboro NC 27510
Jacob Matthew Myers,100 W Carr St #A,Carrboro NC 27510
Karla Jayne Nagy,601 Jones Ferry Rd #L3,Carrboro NC 27510
Yusef Wilson Napora,301 Jones Ferry Rd,Carrboro NC 27510
Subasri Narasimhan,218 Westbrook Dr,Carrboro NC 27510
Heather Dawn Nash,103 W Main St #2d,Carrboro NC 27510
David Steven Nelson,107 W Main St #C,Carrboro NC 27510
Kenneth Lee Nesbitt Jr,202 Cedarwood Ln #B,Carrboro NC 27510
Julie Beth Neville,200 Barnes St #B6,Carrboro NC 27510
Katisha Kent Newkirk,605 Jones Ferry Rd #Aa-10,Carrboro NC 27510
Bonnie Freeman Nichols,116 Beechwood Dr,Carrboro NC 27510
Daisuke Francis Nonaka,605 Jones Ferry Rd #Bb06,Carrboro NC 27510
Nyoka Niheisha Norman,501 NC Hwy 54 Byp #K11,Carrboro Nc 27510
Rykeil Kerrwane Norwood,102 Chaucer Ct,Carrboro NC 27510
Fahimeh Yazdi Nourani,307 Westbrook Dr,Carrboro NC 27510
Abigail Elizabeth Snow Obando,401 NC Hwy 54 Byp #G4,Carrboro Nc 27510
Iris Ann Ochoa,109 Coleridge Ct,Carrboro NC 27510
Alexandra Leigh Odell,116 Friar Ln,Carrboro NC 27510
Lisa Dale Oglesby,501 Jones Ferry Rd #D7,Carrboro NC 27510
Michael Forrest Oliphant,441 Old Pittsboro Rd #A,Carrboro NC 27510
Stephan Charles Oliva,605 Jones Ferry Rd #Cc6,Carrboro NC 27510
Jessica Lynn Opsal,106 Ruth St,Carrboro NC 27510
Gilbert Osei-Freduah,601 Jones Ferry Rd #B17,Carrboro NC 27510
Cecil Lloyd Outlaw,501 NC Hwy 54 Byp #H-11,Carrboro Nc 27510
Alexis Reid Pankey,605 Jones Ferry Rd #Dd02,Carrboro NC 27510
Sydni Lucia Pankey,605 Jones Ferry Rd #Dd-02,Carrboro NC 27510
Ernest Wilbert Parker Jr,200 Barnes St #C10,Carrboro NC 27510
Sunjin Jamie Park,605 Jones Ferry Rd #Tt13,Carrboro NC 27510
Terry Lynn Patrickis,104 Lantern Way,Carrboro NC 27510
Sarah Kathryn Patterson,105 W Carr St,Carrboro NC 27510
George L Paylor,100 Queen St,Carrboro NC 27510
Wilhelmina Edwards Paylor,100 Queen St,Carrboro NC 27510
James Wilson C Pendergraft,103 Prince St,Carrboro NC 27510
Christine Kay Penttila,102 Tanglewood Ln,Carrboro NC 27510
Teresa Ann Perez,406 S Greensboro St,Carrboro NC 27510
Jessica Shan Perz,310 Laurel Ave,Carrboro NC 27510
Claudia L Peterson,113 Riverbirch Pt,Carrboro NC 27510
Eliza Peterson,101 Walden Dr,Carrboro NC 27510
Nathan David Pfeifer,101 Walden Dr,Carrboro NC 27510
Fred Alphonzo Pierce,111 Barnes St,Carrboro NC 27510
Laura Ellen Pierson,105b W Carr St,Carrboro NC 27510
Whitney Pilson,105 Jones Ferry Rd #C,Carrboro NC 27510
Carrie Amanda Poe,109 Walden Dr,Carrboro NC 27510
Angela Leigh Posten,605 Jones Ferry Rd #Tt5,Carrboro NC 27510
Diana Blake Potter,301 Jones Ferry Rd,Carrboro NC 27510
Patrice Michelle Harris Powell,201 Westbrook Dr #C6,Carrboro NC 27510
Ronald Eugene Powell,500 S Greensboro St #25,Carrboro NC 27510
Ryan Conree Preston,605 Jones Ferry Rd #Kk14,Carrboro NC 27510
Huru David Price,200 Barnes St #F-10,Carrboro NC 27510
Valerie Anne Price,119 Chaucer Ct,Carrboro NC 27510
Ariadne Norton Prior-Grosch,104 W Carr St,Carrboro NC 27510
David Rice Proctor,99 South Peak Dr,Carrboro NC 27510
Abigail Pulsipher,311 Westbrook Dr,Carrboro NC 27510
Thomas Green Purefoy,107 Barnes St,Carrboro NC 27510
Daniel Wonjun Pyun,98 South Peak Dr,Carrboro NC 27510
Stephanie Vergamini Queen,201 Westbrook Dr #D4,Carrboro NC 27510
Myra Covington Quick,135 Friar Ln,Carrboro NC 27510
Kristen Marie Rake,100 Marlowe Ct,Carrboro NC 27510
Alejandro Pedro Ramirez,201 Westbrook Dr #C3,Carrboro NC 27510
Silvia Ramos,501 Jones Ferry Rd #08,Carrboro NC 27510
Joanne Carol Ramsey,210 Laurel Ave,Carrboro NC 27510
Pamela Jean Ramsey,401 NC Hwy 54 Byp #J-7,Carrboro Nc 27510
Rory Anthony Randolph,424 S Greensboro St,Carrboro NC 27510
Neepa Ray,123 Chaucer Ct,Carrboro NC 27510
Siddhartha Ray,605 Jones Ferry Rd #Ss13,Carrboro NC 27510
Katharine Carmody Rehkopf,103 Old Pittsboro Rd #A,Carrboro NC 27510
Randee Cecile Reid,401 NC Hwy 54 Byp #C11,Carrboro Nc 27510
Michael James Reklis,107 W Main St #A,Carrboro NC 27510
Konrad Reszka,106 Riverbirch Pt,Carrboro NC 27510
Crystal Fran Rhew,200 Barnes St #H4,Carrboro NC 27510
Monica L Richard,300 NC Hwy 54 Byp #D4,Carrboro Nc 27510
Julie Moore Ricker,120 Beechwood Dr,Carrboro NC 27510
Kevin Shaun Ricker,120 Beechwood Dr,Carrboro NC 27510
Jeffrey Leonard Rissman,102 Lantern Way,Carrboro NC 27510
Kirk Daniel Roberts,102 Daffodil Ln,Carrboro NC 27510
Naomi Larson Roberts,102 Daffodil Ln,Carrboro NC 27510
Amy Danielle Rodgers,105 Jones Ferry Rd #K,Carrboro NC 27510
Erica Carico Roedder,605 Jones Ferry Rd,Carrboro NC 27510
Lyna Jewell Rogers,106 Beechwood Dr,Carrboro NC 27510
Nora Emily Rogers,111 Old Pittsboro Rd #A,Carrboro NC 27510
Dominion Vincent Rognstad,501 Jones Ferry Rd #W3,Carrboro NC 27510
Catherine Lois Rohweder,109 Riverbirch Pt,Carrboro NC 27510
Jason Tamon Ashanti Rollins,501 NC Hwy 54 Byp #N5,Carrboro Nc 27510
Katharine Elizabeth Romerill,107 W Main St #B,Carrboro NC 27510
Michael Patrick Rooney,605 Jones Ferry Rd #Mm13,Carrboro NC 27510
Erica Lynn Root,110 South Peak Dr,Carrboro NC 27510
Daniel Ryan Rose,605 Jones Ferry Rd #Uu4,Carrboro NC 27510
Travis Lee Rose,200 Barnes St #E6,Carrboro NC 27510
Sarah Jolani Rosner,200 Barnes St #A4,Carrboro NC 27510
Elizabeth Ann Rowe,212 Prince St,Carrboro NC 27510
David Elton Runkle II,605 Jones Ferry Rd #Aa-09,Carrboro NC 27510
Bryce Russo,601 Jones Ferry Rd #D10,Carrboro NC 27510
Camila Antonia Salvo-Lewis,219 Cedarwood Ln,Carrboro NC 27510
Carla Violeta Salvo-Lewis,219 Cedarwood Ln,Carrboro NC 27510
Frankie Lee Santana Jr,401 NC Hwy 54 Byp #B48,Carrboro Nc 27510
Aaron Matthew Sarazan,605 Jones Ferry Rd #Hh2,Carrboro NC 27510
Carla M Sauer,300 Hwy 54 Bypass #B4,Carrboro NC 27510
Alicia Marlene Saunders,601 Jones Ferry Rd #N11,Carrboro NC 27510
Jerry Allen Saunders Jr,601 Jones Ferry Rd #N11,Carrboro NC 27510
Melissa Lamb Saunders,208 Laurel Ave,Carrboro NC 27510
Alexander Lobert Sayre,204 Westbrook Dr,Carrboro NC 27510
Benjamin Paul Scandella,305 Laurel Ave #A,Carrboro NC 27510
Leslie Page Scheunemann,309 Westbrook Dr,Carrboro NC 27510
Henry Michael Schliff,127 Lantern Way,Carrboro NC 27510
William Eric Schulz,142 Beechwood Dr,Carrboro NC 27510
Mallory Renee Scola,114 Friar Ln,Carrboro NC 27510
Nakita Monique Scott,200 Barnes St #D7,Carrboro NC 27510
Jessica Malane Sedgwick,140 Beechwood Dr,Carrboro NC 27510
Marsha Talley Segedy,601 Jones Ferry Rd #M1,Carrboro NC 27510
Christopher Lawrence Selzo,114 Friar Ln,Carrboro NC 27510
Steve Alan Serjeant,122 Weatherhill Pt,Carrboro NC 27510
Amir Mohammed Shafiq-Khan,PO Box 331,Chapel Hill NC 27514
Rayhanah Shahangian,601 Jones Ferry Rd #D5,Carrboro NC 27510
Sarah Yi-Yun Shair-Rosenfield,108 Old Pittsboro Rd #C,Carrboro NC 27510
Patrick Ryan Shannon,303 Berryhill Dr,Carrboro NC 27510
Michael Christian Sharp,107 W Main St #E,Carrboro NC 27510
Alita Shaver,503-K11 Jones Ferry Rd,Carrboro NC 27510
Vincent Michael Sico,605 Jones Ferry Rd #Nn04,Carrboro NC 27510
Nicholas John Siedentop,601 Jones Ferry Rd #N5,Carrboro NC 27510
Susan Y Siegel,112 Lantern Way,Carrboro NC 27510
Carlie Selbo Sigel,105 Jones Ferry Rd,Carrboro NC 27510
Daniel Jacob Simons,601 Jones Ferry Rd #L4,Carrboro NC 27510
Kevin Robert Slater,601 Jones Ferry Rd #F4,Carrboro NC 27510
Robin Lee Goines Smalls,103 Weatherhill Pt,Carrboro NC 27510
Garrett Ross Smith,605 Jones Ferry Rd #Ff1,Carrboro NC 27510
Matthew Thomas Smith,106 Walden Dr,Carrboro NC 27510
Paul Edward Smith,110 Barbee Ct,Carrboro NC 27510
Stephanie Ann Smith,605 Jones Ferry Rd #Dd9,Carrboro NC 27510
Kathleen Azzam Smoak,104 Marlowe Ct,Carrboro NC 27510
Shelby Raymond Smoak III,104 Marlowe Ct,Carrboro NC 27510
Marion Snyder,109 Tanglewood Ln,Carrboro NC 27510
Bernandino Sosa Sr,501 Jones Ferry Rd #S4,Carrboro NC 27510
Joy Marie Spencer,401 NC Hwy 54 Byp #B2,Carrboro Nc 27510
Latasha Nicole Saunders Spinks,501 Jones Ferry Rd,Carrboro NC 27510
Jennifer Elizabeth Spring,601 Jones Ferry Rd #H5,Carrboro NC 27510
Mark Spring,601 Jones Ferry Rd #H5,Carrboro NC 27510
Sylvia Renee Stafford,601 Jones Ferry Rd #G2,Carrboro NC 27510
Frank Stallone,405 Berryhill Dr,Carrboro NC 27510
Lillian Stallone,405 Berryhill Dr,Carrboro NC 27510
Dean Patrick Staus,601 Jones Ferry Rd #B12,Carrboro NC 27510
Jill Ilene Steigerwalt,201 Westbrook Dr #C18,Carrboro NC 27510
David Carol Steinberg,406 Berryhill Dr,Carrboro NC 27510
Dori Marie Steinberg,406 Berryhill Dr,Carrboro NC 27510
Nathaniel Stephenson,401 NC Hwy 54 Byp #C16,Carrboro Nc 27510
Karen Nordlie Stout,109 Barnes St,Carrboro NC 27510
Joshua Mark Strasburg,123 Coleridge Ct,Carrboro NC 27510
Mark Edward Stuntz,601 Jones Ferry Rd #M9,Carrboro NC 27510
Kristen Arlene Sullivan,303 Laurel Ave,Carrboro NC 27510
Lori Elaine Sullivan,605 Jones Ferry Rd #Kk-5,Carrboro NC 27510
Shauna Marie Swanson,122 Chaucer Ct,Carrboro NC 27510
John Wood Sweet,105 Jones Ferry Rd #U,Carrboro NC 27510
Betsy Jane Swope,601 Jones Ferry Rd #H7,Carrboro NC 27510
Mary Elizabeth Taub,105 Jones Ferry Rd #0,Carrboro NC 27510
Alexandra Armstrong Taylor,101 Coleridge Ct,Carrboro NC 27510
Lashunda Antoinette Taylor,PO Box 696,Carrboro NC 27510
Penelope A Taylor,106 Lantern Way,Carrboro NC 27510
Michelle Marie Temple,111 Walden Dr,Carrboro NC 27510
Suzanne Tenore,605 Jones Ferry Rd #Vv15,Carrboro NC 27510
Mercedes C Terrell,119 Weatherhill Pt,Carrboro NC 27510
Stanley S Terrell,119 Weatherhill Pt,Carrboro NC 27510
Teddy Lee Terrell,500 S Greensboro St #1,Carrboro NC 27510
Reyshawn Antonio Terry,601 Jones Ferry Rd #N7,Carrboro NC 27510
Zachary David Terry,432 S Greensboro St #C,Carrboro NC 27510
Mekdem Tesfaye,605 Jones Ferry Rd #556,Carrboro NC 27510
Jonathan Deschaux Thomas,108 Lantern Way,Carrboro NC 27510
Kandiis Monet Thomas,601 Jones Ferry Rd #N07,Carrboro NC 27510
Towanna Latrice Thomas,401 NC Hwy 54 Byp #B7,Carrboro Nc 27510
Tyler Wellington Thomas,211 Jones Ferry Rd,Carrboro NC 27510
Thomas Thompson,200 Barnes St #C4,Carrboro NC 27510
William Ben Thompson,212 Laurel Ave,Carrboro NC 27510
Amanda Brooke Tickner,106 W Carr St #7,Carrboro NC 27510
Sandra Alicia Timmons,120 South Peak Dr,Carrboro NC 27510
Lashunda Renee Tinnen,102 South Peak Dr,Carrboro NC 27510
Caitlin Elizabeth Tolbert,605 Jones Ferry Rd #Rr3,Carrboro NC 27510
Joshua Lee Tomberg,206 Westbrook Dr,Carrboro NC 27510
Ryan Christopher Treadwell,201 Westbrook Dr #B13,Carrboro NC 27510
Elizabeth Lyn Troutman,605 Jones Ferry Rd #Gg13,Carrboro NC 27510
Diane Bick Trowbridge,601 Jones Ferry Rd #K7,Carrboro NC 27510
Robert Bryant Trowbridge,601 Jones Ferry Rd #K7,Carrboro NC 27510
Gleb Tsipursky,601 Jones Ferry Rd #G-4,Carrboro NC 27510
Barbara Turrentine-Bowe,601 Jones Ferry Rd #J8,Carrboro NC 27510
Jonathan Samson Tuttle,605 Jones Ferry Rd #Ff7,Carrboro NC 27510
Ana Suisselle Twine,111 Coleridge Ct,Carrboro NC 27510
Alishia Simone Tyson,401 NC Hwy 54 Byp #B-2,Carrboro Nc 27510
Rachell Marie Underhill,400 S Greensboro St,Carrboro NC 27510
Jennifer Kikue Uno,605 Jones Ferry Rd #Rr1,Carrboro NC 27510
Guadalupe Urena,501 Jones Ferry Rd #I-1,Carrboro NC 27510
Justin Colin Valas,416 S Greensboro St #A,Carrboro NC 27510
Denise Madeline Vandermark,605 Jones Ferry Rd #Vv05,Carrboro NC 27510
Debra Lynn Vestal,601 Jones Ferry Rd #L-15,Carrboro NC 27510
Daniel Emmanuel Villanueva,601 Jones Ferry Rd #N-14,Carrboro NC 27510
Mary Ellen Voegler-Lee,202 Westbrook Dr,Carrboro NC 27510
Everitt Alex Walden,401 NC Hwy 54 Byp #C4,Carrboro Nc 27510
Julia Mae Walker,501 Jones Ferry Rd #Dd1,Carrboro NC 27510
Heather Danielle Wallace,601 Jones Ferry Rd #K9,Carrboro NC 27510
Eric J Wallen,117 W Carr St,Carrboro NC 27510
Mira Park Waller,102 Cedarwood Ln,Carrboro NC 27510
Tracy K Wall,212 Cedarwood Ln,Carrboro NC 27510
Marleen Walton,401 NC Hwy 54 Byp #B18,Carrboro Nc 27510
Crayton Kimball Wanders,103 W Main St #2-H,Carrboro NC 27510
Jeremy Robert Wang,141 Coleridge Ct,Carrboro NC 27510
Virginia Wang,208 Westbrook Dr,Carrboro NC 27510
Jack Warren Ward III,123 Lantern Way,Carrboro NC 27510
Timothy P Ward,200 Barnes St #A-16,Carrboro NC 27510
Daniel George Warfield,115 W Carr St,Carrboro NC 27510
Chase Howard Warner,214 Cedarwood Ln,Carrboro NC 27510
Sheila M Warner,214 Cedarwood Ln,Carrboro NC 27510
Blaine Reynolds Warren,401 NC Hwy 54 Byp #G5,Carrboro Nc 27510
Crystal Nicole Warren,300 NC Hwy 54 Byp #C2,Carrboro Nc 27510
Caleb Scott Waters,312 Cedarwood Ln #A,Carrboro NC 27510
Richard Lee Watkins III,200 Barnes St #E15,Carrboro NC 27510
John Donnell Watson,103 W Main St #1h,Carrboro NC 27510
Kendra Michelle Watson,3338 Friar Tuck Rd,Raleigh NC 27610
Steven Antonio Watson,103 W Main St #D1,Carrboro NC 27510
Richard Nathaniel Weaver III,601 Jones Ferry Rd #C5,Carrboro NC 27510
Jo Laverne Webb,117 Barnes St,Carrboro NC 27510
Adrianne Dawn Webb-Mitchell,300 Westbrook Dr,Carrboro NC 27510
Vernon Robert Webb,117 Barnes St,Carrboro NC 27510
Gregory Lee Weddington,501 Jones Ferry Rd #I10,Carrboro NC 27510
Clare Marie Bobbitt Weddle,605 Jones Ferry Rd #Nn02,Carrboro NC 27510
Jill Marie Weimer,105 Jones Ferry Rd #S,Carrboro NC 27510
Jodie Mara Weiner,108 Riverbirch Pt,Carrboro NC 27510
Daniel Josef Weiss,109 South Peak Dr,Carrboro NC 27510
Ellen Regina Welch,109 Lantern Way,Carrboro NC 27510
Alexis Wells,311 Westbrook Dr,Carrboro NC 27510
Lindsay Megan Wells,201 Westbrook Dr #D-14,Carrboro NC 27510
James Keith Weston,101 South Peak Dr,Carrboro NC 27510
Sara Ellen West,605 Jones Ferry Rd #Rr07,Carrboro NC 27510
Melody Wharton,301 Westbrook Dr,Carrboro NC 27510
Robert Allen Wheeler Jr,605 Jones Ferry Rd #Aa5,Carrboro NC 27510
Amy Carolyn White,101 South Peak Dr,Carrboro NC 27510
Douglas Franklin White,441 Old Pittsboro Rd #B,Carrboro NC 27510
Tiffany Nichole White,605 Jones Ferry Rd #Aa06,Carrboro NC 27510
Chelsea Katherine Whittle,605 Jones Ferry Rd #Jj01,Carrboro NC 27510
Martin Whittle,605 Jones Ferry Rd #Jj01,Carrboro NC 27510
Kirsten Ann Widener,300 Hwy 54 Bypass #A-2,Carrboro NC 27510
Genevieve Terese Will,211 Cedarwood Ln #B-2-26,Carrboro NC 27510
Allen L Williams,200 Barnes St #E1,Carrboro NC 27510
Ebony Chemena Williams,501 NC Hwy 54 Byp #F2,Carrboro Nc 27510
Jane Ann Williams,605 Jones Ferry Rd #Ll08,Carrboro NC 27510
Jon Christopher Williams,605 Jones Ferry Rd #Uu9,Carrboro NC 27510
Tiffany Ann Wills,605 Jones Ferry Rd #Uu-3,Carrboro NC 27510
Christopher Alexander Wimberley,605 Jones Ferry Rd #Vv4,Carrboro NC 27510
Chris Edward Winkler,109 Old Pittsboro Rd,Carrboro NC 27510
Jennifer Jane Winston,305 Westbrook Dr,Carrboro NC 27510
Mary Helen Wise,201 Westbrook Dr #B1,Carrboro NC 27510
Andrew Edward Wissick,113 Old Pittsboro Rd #A,Carrboro NC 27510
Ariana Elizabeth Johns Wissick,113 Old Pittsboro Rd #A,Carrboro NC 27510
Matthew Stephen Wolboldt,202 Westbrook Dr,Carrboro NC 27510
James Thomas Woodard,601 Jones Ferry Rd #E9,Carrboro NC 27510
Keshia Arrington Woodard,401 NC Hwy 54 Byp #C13,Carrboro Nc 27510
Bridgette Lynn Woodring,401 NC Hwy 54 Byp #B26,Carrboro Nc 27510
Jeffrey Jared Wright,207 Jones Ferry Rd,Carrboro NC 27510
Tanisha D Wright,605 Jones Ferry Rd #Qq1,Carrboro NC 27510
Jonathan Ryan Yee,128 Friar Ln,Carrboro NC 27510
Anna Elizabeth Young,200 Barnes St #B16,Carrboro NC 27510
Oksana Victorovna Zakharova,605 Jones Ferry Rd #Hh10,Carrboro NC 27510
Deborah Anne Zimmerman,134 Marlowe Ct,Carrboro NC 27510
Peter Thomas Zolas,605 Jones Ferry Rd #Bb16,Carrboro NC 27510
Samantha Zolas,605 Jones Ferry Rd #Bb16,Carrboro NC 27510
