Aamir Asad Abbas,180 Bpw Club Rd #U-1,Carrboro NC 27510
Christina Nathalie Abruzzini,303 Smith Level Rd #E23,Chapel Hill NC 27516
Erin Jo Adair,1000 Smith Level Rd #C6,Carrboro NC 27510
James Edward Adams Jr,180 Bpw Club Rd #K1,Carrboro NC 27510
Rachel Diane Adams,180 Bpw Club Rd #K1,Carrboro NC 27510
Shannon Leigh Adams,140 Bpw Club Rd #F23,Carrboro NC 27510
Shoshana Esther Agus-Kleinman,100 Rock Haven Rd #P105,Carrboro NC 27510
Funmi Ife Aladeniyi,303 Smith Level Rd #E13,Chapel Hill NC 27516
Martha Elizabeth Alexander,140 Bpw Club Rd #F-24,Carrboro NC 27510
Sara Beth Algoe,1000 Smith Level Rd #I-5,Carrboro NC 27510
Vernetta Rinoa Alston,PO Box 30834,Raleigh NC 27622
Casey Ann Altice,1000 Smith Level Rd #E14,Carrboro NC 27510
Stephen H D Amos,1000 Smith Level Rd #O4,Carrboro NC 27510
Amber Lyne Anderson,140 Bpw Club Rd #A11,Carrboro NC 27510
Colin Alexander Anderson,180 Bpw Club Rd #P1,Carrboro NC 27510
Elizabeth Marie Anderson,1000 Smith Level Rd #H6,Carrboro NC 27510
Emily Urso Anderson,180 Bpw Club Rd #Q6,Carrboro NC 27510
Kristen Emily Anderson,140 Bpw Club Rd #B14,Carrboro NC 27510
Tiffany Rene Anderson,140 Bpw Club Rd #E-2,Carrboro NC 27510
William Michael Anderson,1000 Smith Level Rd #N-5,Carrboro NC 27510
Majed Kasim Ardati,140 Bpw Club Rd #E5,Carrboro NC 27510
Janelle Corrinne Arthur,1000 Smith Level Rd #K10,Carrboro NC 27510
John Arthur,408 Manor Ridge Dr,Carrboro NC 27510
Kathryn Nadine Atkinson,140 Bpw Club Rd #B23,Carrboro NC 27510
Rachel Heather Atkinson,180 Bpw Club Rd #F12,Carrboro NC 27510
Philip L Atkins,103 Misty Pines Pl,Carrboro NC 27510
Sarah Elizabeth Austin,1000 Smith Level Rd #D14,Carrboro NC 27510
Brian James Auton,1000 Smith Level Rd #G1,Carrboro NC 27510
Meagan Ashley Aylward,180 Bpw Club Rd #B7,Carrboro NC 27510
Saumya Laxmi Ayyagari,303 Smith Level Rd #C-14,Chapel Hill NC 27516
Kelli Amanda Bacon,1000 Smith Level Rd #M10,Carrboro NC 27510
Danyel Ann Bailey,100 Rock Haven Rd #E103,Carrboro NC 27510
Dwayne Bradley Bailey,100 Rock Haven Rd #E103,Carrboro NC 27510
Jane Mizelle Bailey,1000 Smith Level Rd #J19,Carrboro NC 27510
Jenna Kathryn Bailey,140 Bpw Club Rd #Eo3,Carrboro NC 27510
Bonni Lynn Baird,205 Manor Ridge Dr,Carrboro NC 27510
Carol F Baker,702 Manor Ridge Dr,Carrboro NC 27510
Mandisa Renee Baker,303 Smith Level Rd #F24,Chapel Hill NC 27516
Philip Charles Baker,1000 Smith Level Rd #F14,Carrboro NC 27510
Whitney Ellen Baker,303 Smith Level Rd #C22,Chapel Hill NC 27516
Gloria Jean Baldwin,101 Rock Haven Rd #G-706,Carrboro NC 27510
David Anthony Baltrus,100 Rock Haven Rd #K302,Carrboro NC 27510
Bahby Talesa Banks,140 Bpw Club Rd #F6,Carrboro NC 27510
Adrienne Starr Barbaro,100 Rock Haven Rd #L304,Carrboro NC 27510
Brian David Barger,100 Rock Haven Rd #G203,Carrboro NC 27510
Erin Mullins Barger,100 Rock Haven Rd #G203,Carrboro NC 27510
Jason Blue Barile,304 Rossburn Way,Chapel Hill NC 27516
Jessica Lyn Barile,304 Rossburn Way,Chapel Hill NC 27516
Kirston Mandy Lang Barton,180 Bpw Club Rd #D14,Carrboro NC 27510
Benjamin Kennedy Bassett,180 Bpw Club Rd #S9,Carrboro NC 27510
John Turner Bass,1000 Smith Level Rd #P3,Carrboro NC 27510
James Russell Bateman III,1000 Smith Level Rd #B10,Carrboro NC 27510
Shawn Geoffrey Bauldry,140 Bpw Club Rd #F22,Carrboro NC 27510
Janel Beckham,100 Rock Haven Rd #P203,Carrboro NC 27510
Ellyn Katherine Bedi,303 Smith Level Rd #D34,Chapel Hill NC 27516
Melissa Watson Benfield,1000 Smith Level Rd #A7,Carrboro NC 27510
Deborah Ann Benjamin,201 Morgan Hill Ct,Carrboro NC 27510
Steven James Benjamin,201 Morgan Hill Ct,Carrboro NC 27510
Kari Jane Bennett,180 Bpw Club Rd #U-11,Carrboro NC 27510
Marc Elliot Bennett,180 Bpw Club Rd #L8,Carrboro NC 27510
Laurie Dawn Bennie,180 Bpw Club Rd #S1,Carrboro NC 27510
Waitman Wade Beorn,100 Rock Haven Rd #A202,Carrboro NC 27510
Dawn Michelle Berry,180 Bpw Club Rd #P2,Carrboro NC 27510
Kourtney Renee Bevill,180 Bpw Club Rd #E7,Carrboro NC 27510
Alejandro Bidot,100 Rock Haven Rd #D105,Carrboro NC 27510
Gagandeep Singh Bindra,303 Smith Level Rd #C-14,Chapel Hill NC 27516
Emily Anne Bisker,1000 Smith Level Rd #V2,Carrboro NC 27510
Hilary Schronce Blackwood,140 Bpw Club Rd #C6,Carrboro NC 27510
Anthony Blanford,104 Misty Pines Pl,Carrboro NC 27510
Gerard Conrad Blobe,200 Manor Ridge Dr,Carrboro NC 27510
Laura Elizabeth Blue,100 Rock Haven Rd #J302,Carrboro NC 27510
Rachel Marie Blunk,100 Rock Haven Rd #B105,Carrboro NC 27510
Charles Patrick Blyth,100 Rock Haven Rd #M204,Carrboro NC 27510
Jeffrey Paul Bocock,100 Rock Haven Rd #Q108,Carrboro NC 27510
Atiya Nicole Boddie,100 Rock Haven Rd #J-205,Carrboro NC 27510
Brandon Michael Boddie,100 Rock Haven Rd #J205,Carrboro NC 27510
Thomas Howell Bodenheimer,302 Manor Ridge Dr,Carrboro NC 27510
George Michael Boggess II,100 Rock Haven Rd #G-301,Carrboro NC 27510
Garrett Chase Boisture,1000 Smith Level Rd #L-6,Carrboro NC 27510
Louise Vollers Bolton,180 Bpw Club Rd #U6,Carrboro NC 27510
Ryan Booker,180 Bpw Club Rd #D12,Carrboro NC 27510
Melissa Suzanne Boswell,180 Bpw Club Rd #J-6,Carrboro NC 27510
Hayden Barry Bosworth,205 Morgan Hill Ct,Carrboro NC 27510
Tereasa Maria Bouyea,180 Bpw Club Rd #D10,Carrboro NC 27510
Olivia Anne Bowler,180 Bpw Club Rd #Q9,Carrboro NC 27510
Jennifer Leigh Boyle,180 Bpw Club Rd #U-8,Carrboro NC 27510
Jesse Campbell Bradford,180 Bpw Club Rd #T-9,Carrboro NC 27510
Carlotta Jane Bradsher,405 Smith Level Rd,Chapel Hill NC 27516
Amy Michelle Brann,100 Rock Haven Rd #M304,Carrboro NC 27510
Jennine Whitney Brazell,180 Bpw Club Rd #A-5,Carrboro NC 27510
Cheyenne Brewington,1000 Smith Level Rd #H8,Carrboro NC 27510
Sarah Elizabeth Bricker,1000 Smith Level Rd #V15,Carrboro NC 27510
Shane Barry Brogan,180 Bpw Club Rd #K3,Carrboro NC 27510
Walker Brooks,1000 Smith Level Rd #A15,Carrboro NC 27510
Emily Holdeman Brown,180 Bpw Club Rd #D-12,Carrboro NC 27510
Christopher Mark Browning,180 Bpw Club Rd #D-1,Carrboro NC 27510
Sarah Manning Browning,180 Bpw Club Rd #D-1,Carrboro NC 27510
Jazmin Lati Brown,1000 Smith Level Rd #A-25,Carrboro NC 27510
Johnny Louis Brown,180 Bpw Club Rd #N-11,Carrboro NC 27510
Jonathan Everett Brown,180 Bpw Club Rd #D12,Carrboro NC 27510
Linda Jackson Brown,180 Bpw Club Rd #N11,Carrboro NC 27510
Thomas Moore Brumley III,303 Smith Level Rd #B33,Chapel Hill NC 27516
Eric James Bryant,100 Rock Haven Rd #G303,Carrboro NC 27510
Ryan Matthew Bullis,140 Bpw Club Rd #D2,Carrboro NC 27510
Adam James Buntaine,100 Rock Haven Rd #L301,Carrboro NC 27510
Eithne Teresa Burke,305 Orchard Ln,Carrboro NC 27510
Kenneth Paul Burkett,180 Bpw Club Rd #L10,Carrboro NC 27510
Laurel May Burk,100 Rock Haven Rd #M-209,Carrboro NC 27510
Molly Therese Burns,100 Rock Haven Rd #M302,Carrboro NC 27510
Christian Anne Burr,180 Bpw Club Rd #F9,Carrboro NC 27510
Ryan John Buus,100 Rock Haven Rd #L-306,Carrboro NC 27510
Ashley Genelle Bynum,101 Rock Haven Rd #B200,Carrboro NC 27510
Andrea Elizabeth Byrnes,1000 Smith Level Rd #G14,Carrboro NC 27510
Jared Lamar Caldwell,1000 Smith Level Rd #A12,Carrboro NC 27510
Dorothea Calhoun-Smith,180 Bpw Club Rd #T1,Carrboro NC 27510
Muge G Calikoglu,203 Orchard Ln,Carrboro NC 27510
Christopher Daryl Cameron,1000 Smith Level Rd #L14,Carrboro NC 27510
Courtney Marie Cameron,100 Rock Haven Rd #G301,Carrboro NC 27510
Lauren Nicole Cameron,1000 Smith Level Rd #L14,Carrboro NC 27510
Heidi Isabella Campbell,180 Bpw Club Rd #Q7,Carrboro NC 27510
Jaime Nicole Campbell,1000 Smith Level Rd #L19,Carrboro NC 27510
Joshua Marcus Campbell,180 Bpw Club Rd #Q7,Carrboro NC 27510
Nathaniel Campbell,405 Smith Level Rd #119,Chapel Hill NC 27516
Kathryn Marie Cappell,100 Rock Haven Rd #P203,Carrboro NC 27510
Rocco Joseph Carbone III,100 Rock Haven Rd #M302,Carrboro NC 27510
Veronica Arneta Carlisle,100 Rock Haven Rd #L-205,Carrboro NC 27510
Sharon Louise Carlson,405 Manor Ridge Dr,Carrboro NC 27510
Mitchell Edward Carraway,140 Bpw Club Rd #D15,Carrboro NC 27510
Elizabeth Ellen Carretta,180 Bpw Club Rd #M03,Carrboro NC 27510
Rachel Lynn Carroll,100 Rock Haven Rd #C104,Carrboro NC 27510
Meghan Ashley Carter,303 Smith Level Rd #A14,Chapel Hill NC 27516
Linden Terry Cartner,303 Smith Level Rd #F31,Chapel Hill NC 27516
Michael James Cato,403 Rossburn Way,Chapel Hill NC 27516
Sonya Richardson Cato,403 Rossburn Way,Chapel Hill NC 27516
Tracey Francis Cave,180 Bpw Club Rd #F-10,Carrboro NC 27510
Landy Maryland Chance III,180 Bpw Club Rd #B-12,Carrboro NC 27510
Yin-Fu Chang,304 Orchard Ln,Carrboro NC 27510
Carl Yeosong Chao,303 Smith Level Rd #A31,Chapel Hill NC 27516
Christopher Miles Chappell,1000 Smith Level Rd #E23,Carrboro NC 27510
Hal Alexander Charles,405 Smith Level Rd,Chapel Hill NC 27516
Leia Ann Charnin,1000 Smith Level Rd #K12,Carrboro NC 27510
Emily L Chavez,PO Box 3511,Chapel Hill NC 27515
Jimmy Ben Chen,4828 Draper Rd,Raleigh NC 27616
Melody Jyjing Chen,303 Smith Level Rd #F-33,Chapel Hill NC 27516
Karen Ann Cherkis,140 Bpw Club Rd #E1,Carrboro NC 27510
Diana Ming-Lian Chou,303 Smith Level Rd #F11,Chapel Hill NC 27516
Rebecca Ellen Christenberry,507 Manor Ridge Dr,Carrboro NC 27510
Megan Ann Christopher,1000 Smith Level Rd #D6,Carrboro NC 27510
Yvette Yu-Hui Chuang,303 Smith Level Rd #E-24,Chapel Hill NC 27516
Sumeet Haresh Chugani,180 Bpw Club Rd #V1,Carrboro NC 27510
Leeann Arrington Churchill,602 Manor Ridge Dr,Carrboro NC 27510
Robin Sayre Churchill,602 Manor Ridge Dr,Carrboro NC 27510
Robin Tyler Churchill,602 Manor Ridge Dr,Carrboro NC 27510
Victoria Lee Churchill,602 Manor Ridge Dr,Carrboro NC 27510
Ginger Marie Clark,1000 Smith Level Rd #T1,Carrboro NC 27510
Laurel Elizabeth Clark,100 Rock Haven Rd #M104,Carrboro NC 27510
Kindra Clemence,1000 Smith Level Rd #F10,Carrboro NC 27510
Catherine Blythe Coleman Clemmer,409 Rossburn Way,Chapel Hill NC 27516
Jason Todd Clemmer,409 Rossburn Way,Chapel Hill NC 27516
Adrian Danby Cline,1000 Smith Level Rd #A8,Carrboro NC 27510
Carolyn Hassell Cole,309 Rossburn Way,Chapel Hill NC 27516
Jacqueline Coleman,413 Rossburn Way,Chapel Hill NC 27516
Jennifer Lynn Coleman,1000 Smith Level Rd #B10,Carrboro NC 27510
Claire Marie Colligan,1000 Smith Level Rd #D12,Carrboro NC 27510
Caitlin Marie Collins,140 Bpw Club Rd #F10,Carrboro NC 27510
John David Colpitts,100 Rock Haven Rd #Q106,Carrboro NC 27510
William Chase Comb,140 Bpw Club Rd #D9,Carrboro NC 27510
Laurie Christine Comfort,303 Smith Level Rd #A13,Chapel Hill NC 27516
Moira Patricia Conlon,180 Bpw Club Rd #H-2,Carrboro NC 27510
Melissa Lynn Cook,1000 Smith Level Rd #P3,Carrboro NC 27510
Anna Kathlene Cooper,100 Rock Haven Rd #E205,Carrboro NC 27510
Jonathan Wayne Cooper,1000 Smith Level Rd #M2,Carrboro NC 27510
Lesleigh Patrice Cooper,1000 Smith Level Rd #M2,Carrboro NC 27510
Robert Baskin Cooper,1000 Smith Level Rd #P8,Carrboro NC 27510
Kristine Elizabeth Copping,180 Bpw Club Rd #H4,Carrboro NC 27510
John Russell Corn,100 Rock Haven Rd #G303,Carrboro NC 27510
Kyle Wayne Cory,100 Rock Haven Rd #C203,Carrboro NC 27510
William Clarence Cotton,405 Smith Level Rd #107,Chapel Hill NC 27516
Ashley James Cowan,825 Valerie Dr,Raleigh NC 27606
Timothy Michael Cowan,106 Oak Spring Ct,Carrboro NC 27510
Rhonda L Craig-Schwarz,180 Bpw Club Rd #U1,Carrboro NC 27510
Eric Brandon Creed,180 Bpw Club Rd #N-10,Carrboro NC 27510
Jeremy Alan Cribb,140 Bpw Club Rd #F-8,Carrboro NC 27510
Christina Anne Crockett,1000 Smith Level Rd #M5,Carrboro NC 27510
Mark Robert Cronan,142 Bpw Club Rd,Carrboro NC 27510
Richard G Crook,1000 Smith Level Rd #H-17,Carrboro NC 27510
Julia Christina Crouse,1000 Smith Level Rd #V13,Carrboro NC 27510
Shawn Michael Crowder,1000 Smith Level Rd #V7,Carrboro NC 27510
Tessa Marie Crowl,1000 Smith Level Rd #F14,Carrboro NC 27510
Maria Carolina Cruz,100 Rock Haven Rd #E306,Carrboro NC 27510
Lydia Morgan Cuffman,100 Rock Haven Rd #J-208,Carrboro NC 27510
Sojourna Jeanette Cunningham,303 Smith Level Rd #A12,Chapel Hill NC 27516
Mary Lyle Dahlsten,303 Smith Level Rd #B11,Chapel Hill NC 27516
James Barry Daigle Jr,180 Bpw Club Rd #U1,Carrboro NC 27510
Luc Raymond Dallaire,303 Smith Level Rd #A-33,Chapel Hill NC 27516
Trang T Dam,405 Smith Level Rd #306,Chapel Hill NC 27516
Gabrielle Faye Daniel,102 River Creek Pl,Carrboro NC 27510
Joshua Reed Daniel,102 River Creek Pl,Carrboro NC 27510
Elyse Cathleen Dankoski,140 Bpw Club Rd #C15,Carrboro NC 27510
Erma Long Darnell,103 Culbreth Rd #201,Chapel Hill NC 27516
Dana Elaine Daugherty,180 Bpw Club Rd #R-3,Carrboro NC 27510
Christopher Lee Davis,140 Bpw Club Rd #F3,Carrboro NC 27510
Jessica Ann Davis,100 Rock Haven Rd #J305,Carrboro NC 27510
Steven Davis,180 Bpw Club Rd #M6,Carrboro NC 27510
James M Dawson,701 Manor Ridge Dr,Carrboro NC 27510
Rebeccah Marie Dawson,180 Bpw Club Rd #D5,Carrboro NC 27510
Lisa Tirone Decesaris,105 Oak Spring Ct,Carrboro NC 27510
Michael Decesaris,105 Oak Spring Ct,Carrboro NC 27510
Anne Marie Roe Dechert,140 Bpw Club Rd #B3,Carrboro NC 27510
Nadege Andrienne Delake,303 Smith Level Rd #C33,Chapel Hill NC 27516
Zewditu Demissie,100 Rock Haven Rd #M-107,Carrboro NC 27510
Nikkole Marie Denny,1000 Smith Level Rd #L03,Carrboro NC 27510
Bryan Shroyer Der,1000 Smith Level Rd #H16,Carrboro NC 27510
Judith D De Rojas,103 Culbreth Rd #313,Chapel Hill NC 27516
James Edward Deschryver II,1000 Smith Level Rd #L15,Carrboro NC 27510
Phillip Nicholas Deschryver,1000 Smith Level Rd #E-3,Carrboro NC 27510
Edward Heath Devany,103 Culbreth Rd #206,Chapel Hill NC 27516
Adelaide Mary Dever,101 Gateridge Pl,Carrboro NC 27510
Monique Anne Dever,101 Gateridge Pl,Carrboro NC 27510
Peter John Dever,101 Gateridge Pl,Carrboro NC 27510
Rhonda Lynetta Dickens,1000 Smith Level Rd #J8,Carrboro NC 27510
Bryan Anthony Diehl,303 Smith Level Rd #F24,Chapel Hill NC 27516
Dana Linn Di Maio,100 Rock Haven Rd #E102,Carrboro NC 27510
Jennie Marie Dimartino,180 Bpw Club Rd #C-10,Carrboro NC 27510
Nina Diprimio,140 Bpw Club Rd #B5,Carrboro NC 27510
Gregory Gerard Dito,103 River Creek Pl,Carrboro NC 27510
Melissa Ann Dito,103 River Creek Pl,Carrboro NC 27510
Philip Joseph Dito,103 River Creek Pl,Carrboro NC 27510
Renee Beatrice Dito,103 River Creek Pl,Carrboro NC 27510
Melinda Maria Divito,101 Bpw Club Rd #A,Carrboro NC 27510
Arthur Robert Dockery,103 Culbreth Rd,Chapel Hill NC 27516
Nikolay Dokholyan,402 Manor Ridge Dr,Carrboro NC 27510
Rachel Schucker Dokholyan,402 Manor Ridge Dr,Carrboro NC 27510
Barry Bruce Donow,413 Rossburn Way,Chapel Hill NC 27516
Julie Ellen Dosch-Blanford,104 Misty Pines Pl,Carrboro NC 27510
Lisa F Drake,101 Rock Haven Rd #400,Carrboro NC 27510
Anthony Charles Dube,180 Bpw Club Rd #U-7,Carrboro NC 27510
Jean T Dube,103 Culbreth Rd #310,Chapel Hill NC 27516
Stuart Scott Dunn,140 Bpw Club Rd #A1,Carrboro NC 27510
Lewis Sherman Durham,PO Box 666,Chapel Hill NC 27514
Christopher Scott Dye,140 Bpw Club Rd #F-18,Carrboro NC 27510
Mary Vivian Dye,140 Bpw Club Rd #F18,Carrboro NC 27510
Leslie Jones Dyess,313 Rossburn Way,Chapel Hill NC 27516
Timothy Martin Dyess,313 Rossburn Way,Chapel Hill NC 27516
Derrick Brandon Eads,180 Bpw Club Rd #Q-6,Carrboro NC 27510
Megan Kelly Eagen,100 Rock Haven Rd #A-105,Carrboro NC 27510
Chelsea Lynn Erickson,100 Rock Haven Rd #K303,Carrboro NC 27510
Rebecca Ann Essinger-Bosworth,205 Morgan Hill Ct,Carrboro NC 27510
Sophia Estrada,140 Bpw Club Rd #A5,Carrboro NC 27510
Allan Lawrence Evans,1000 Smith Level Rd #R-1,Carrboro NC 27510
Gregory James Evenson,180 Bpw Club Rd #N12,Carrboro NC 27510
William Fagan,180 Bpw Club Rd #P11,Carrboro NC 27510
Meagan Alayne Fahey,303 Smith Level Rd #A-24,Chapel Hill NC 27516
William Robert Feeney,100 Rock Haven Rd #K306,Carrboro NC 27510
Ryan Joseph Felix,100 Rock Haven Rd #L-203,Carrboro NC 27510
Janelle Elise Fenwick,100 Rock Haven Rd #M211,Carrboro NC 27510
Anthony Tyrone Ferguson,1000 Smith Level Rd #A-10,Carrboro NC 27510
Rita Ann Ferguson,1000 Smith Level Rd #A-10,Carrboro NC 27510
Andre Lima Fernandes,100 Rock Haven Rd #G303,Carrboro NC 27510
Brianna Nicole Fleming,180 Bpw Club Rd #Q9,Carrboro NC 27510
Wanda Smith Fletcher,103 Culbreth Rd #314,Chapel Hill NC 27516
Liza Flores,1000 Smith Level Rd #H9,Carrboro NC 27510
Vrinlli Flores,1000 Smith Level Rd #H9,Carrboro NC 27510
Eric Brian Forster,1000 Smith Level Rd #U5,Carrboro NC 27510
Julie Margaret Forster,1000 Smith Level Rd #U5,Carrboro NC 27510
Miriam Francis Foster,103 Culbreth Rd #301,Chapel Hill NC 27516
Brittany Marie Fotsch,180 Bpw Club Rd #S2,Carrboro NC 27510
Alyson Brittany Fox,180 Bpw Club Rd #L10,Carrboro NC 27510
Elizabeth Lynn Fox,140 Bpw Club Rd #F18,Carrboro NC 27510
Stanley Charles Francis,180 Bpw Club Rd #F10,Carrboro NC 27510
Caral Fay Franke,405 Smith Level Rd,Chapel Hill NC 27516
Stephen Craig Friedman,203 Manor Ridge Dr,Carrboro NC 27510
Lynn Mary Friend,140 Bpw Club Rd #E4,Carrboro NC 27510
Emily Elizabeth Fritz,100 Rock Haven Rd #G201,Carrboro NC 27510
James Gray Frye,1000 Smith Level Rd #G3,Carrboro NC 27510
Sefakor Sylvia Fudzie,1000 Smith Level Rd #H-4,Carrboro NC 27510
Michael Jerard Fuhlhage,1000 Smith Level Rd #E17,Carrboro NC 27510
Robin Alan Fulp Jr,100 Rock Haven Rd #L-206,Carrboro NC 27510
Leshara Malika Fulton,180 Bpw Club Rd #L13,Carrboro NC 27510
Andrew Michael Gaerig,1000 Smith Level Rd #P1,Carrboro NC 27510
Georgina Eleanor Gajewski,100 Rock Haven Rd #J-207,Carrboro NC 27510
Danny Howard Gale Jr,180 Bpw Club Rd #F8,Carrboro NC 27510
Sara Gallagher,180 Bpw Club Rd #R7,Carrboro NC 27510
Laura Lea Gallardo,100 Juniper Ct,Carrboro NC 27510
Christa Maria Garrett,303 Smith Level Rd #A-23,Chapel Hill NC 27516
Nicholas Oland Garvey,180 Bpw Club Rd #T12,Carrboro NC 27510
Trinity Carlee Garvey,101 Rock Haven Rd #F604,Carrboro NC 27510
Markeith Jamal Gary,1000 Smith Level Rd #O8,Carrboro NC 27510
Julie Fitzgerald Gaudet,300 Orchard Ln,Carrboro NC 27510
Walter James Gaudet,300 Orchard Ln,Carrboro NC 27510
Elizabeth Anne Gersuk,140 Bpw Club Rd #E10,Carrboro NC 27510
Adrienne Paige Giddens,140 Bpw Club Rd #E16,Carrboro NC 27510
Jamie Elizabeth Giffuni,140 Bpw Club Rd #E08,Carrboro NC 27510
Erin Marie Gilbert-Eyres,140 Bpw Club Rd #B10,Carrboro NC 27510
Karen M Gil,301 Manor Ridge Dr,Carrboro NC 27510
Gennette Delaine Gill,100 Rock Haven Rd #H304,Carrboro NC 27510
Jason Schuyler Glassbrook,104 Palomar Pt,Chapel Hill NC 27516
Norman Jay Glassbrook,104 Palomar Pt,Chapel Hill NC 27516
Sally Lynn Glassbrook,104 Palomar Pt,Chapel Hill NC 27516
Keith Anson Glover,100 Rock Haven Rd #E207,Carrboro NC 27510
Melissa Marie McLean Glyptis,100 Rock Haven Rd #C102,Carrboro NC 27510
Melanie Arlene Goforth-Moore,303 Smith Level Rd #B32,Chapel Hill NC 27516
Stephen Alexander Gonski,3312 Ocotea St,Raleigh NC 27607
Keith Gregory Goodman,1000 Smith Level Rd #I-3,Carrboro NC 27510
Sarah McQuail Goodnight,100 Misty Pines Pl,Carrboro NC 27510
William Harold Goodnight III,100 Misty Pines Pl,Carrboro NC 27510
Justin Nicholas Goodnite,100 Rock Haven Rd #J-202,Carrboro NC 27510
Delia Nichole Goolsby,100 Rock Haven Rd #K208,Carrboro NC 27510
Mark Douglas Gowland,207 Manor Ridge Dr,Carrboro NC 27510
Bettie Lou Williams Graham,103 Culbreth Rd #303,Chapel Hill NC 27516
Ryan Francis Greene,1000 Smith Level Rd #F7,Carrboro NC 27510
Jessica Turner Newth Greenfield,1000 Smith Level Rd #D23,Carrboro NC 27510
Erica Monique Greenlee,100 Rock Haven Rd #K206,Carrboro NC 27510
Andrea Talisha Gregg,180 Bpw Club Rd #T11,Carrboro NC 27510
Smith Lloyd Gregg,140 Bpw Club Rd #C8,Carrboro NC 27510
Shalia Shani Gregory,303 Smith Level Rd #E24,Chapel Hill NC 27516
Erin Ann Grey,303 Smith Level Rd #B-11,Chapel Hill NC 27516
Megan Alayne Griffin,1000 Smith Level Rd #F4,Carrboro NC 27510
Grace Nicole Gruendler,1000 Smith Level Rd #L19,Carrboro NC 27510
Megan Anne Gulla,201 Orchard Ln,Carrboro NC 27510
Shawn Michael Gumbleton,100 Rock Haven Rd #B106,Carrboro NC 27510
Joseph Donald Gustainis,300 Rossburn Way,Chapel Hill NC 27516
Mary Ellen Gustainis,300 Rossburn Way,Chapel Hill NC 27516
Ellen Elizabeth Gutman,100 Rock Haven Rd #M201,Carrboro NC 27510
Caroline Autumn Haas,140 Bpw Club Rd #B7,Carrboro NC 27510
Darlene Ora Hackney,203 Rock Haven Rd #H,Carrboro NC 27510
Lantha Hackney,100 Rock Haven Rd #H203,Carrboro NC 27510
Corey Allen Hadley,1000 Smith Level Rd #D-8,Carrboro NC 27510
Tanja Hadzic,140 Bpw Club Rd #E17,Carrboro NC 27510
Heather Noel Hall,180 Bpw Club Rd #V7,Carrboro NC 27510
Holly Collins Hamilton,1000 Smith Level Rd #F2,Carrboro NC 27510
Julie Badri Hamra,140 Bpw Club Rd #B-5,Carrboro NC 27510
Charles Truman Handy,804 Manor Ridge Dr,Carrboro NC 27510
Mary Anne Handy,804 Manor Ridge Dr,Carrboro NC 27510
Kendall Hager Hankins,140 Bpw Club Rd #B-1,Carrboro NC 27510
Melissa Marie Harlan,180 Bpw Club Rd #D7,Carrboro NC 27510
Rita M Harper,200 Morgan Hill Ct,Carrboro NC 27510
Wakefield Benjamin Harper,303 Smith Level Rd #B-14,Chapel Hill NC 27516
Benjamin Mark Harris,180 Bpw Club Rd #C4,Carrboro NC 27510
Fletcher Harris,101 Rock Haven Rd #G306,Carrboro NC 27510
Lisa Collins Harris,101 Rock Haven Rd #C306,Carrboro NC 27510
Renee Joan Harrison,PO Box 83,Carrboro NC 27510
Whitney Nicole Harris,303 Smith Level Rd #D24,Chapel Hill NC 27516
Anthony Vaughn Hartline,PO Box 853,Carrboro NC 27510
Megan Duncan Hartline,PO Box 853,Carrboro NC 27510
Vera Boulware Hart,405 Smith Level Rd #114,Chapel Hill NC 27516
Samantha Nicole Harvey,303 Smith Level Rd #A23,Chapel Hill NC 27516
Jessica Lea Hatfield,102 Oak Spring Ct,Carrboro NC 27510
Patricia McGuire Hatfield,102 Oak Spring Ct,Carrboro NC 27510
Richard Galen Hatfield,102 Oak Spring Ct,Carrboro NC 27510
Della Hayden,303 Smith Level Rd #B31,Chapel Hill NC 27516
Huldah Haynes,1000 Smith Level Rd #O2,Carrboro NC 27510
Shelley Lorraine Hay,180 Bpw Club Rd #E-8,Carrboro NC 27510
Anita Irene Haywood,180 Bpw Club Rd #K1,Carrboro NC 27510
Sheri Danielle Hazelbaker,303 Smith Level Rd #A14,Chapel Hill NC 27516
Absalom Isaac Heatwole Shank,1000 Smith Level Rd #B11,Carrboro NC 27510
Sarah Elizabeth Hebron,1000 Smith Level Rd #F3,Carrboro NC 27510
Alyssa Kathlene Heckman,303 Smith Level Rd #A13,Chapel Hill NC 27516
Erik Heckman,1000 Smith Level Rd #F24,Carrboro NC 27510
Tina Ruth Heetderks,1000 Smith Level Rd #O3,Carrboro NC 27510
Brent Douglas Hehl,303 Smith Level Rd #B14,Chapel Hill NC 27516
Hongju He,103 Culbreth Rd #208,Chapel Hill NC 27516
Lyndsey Ann Helms,1000 Smith Level Rd #J4,Carrboro NC 27510
Alyssa Rene Hemric,1000 Smith Level Rd #D-08,Carrboro NC 27510
Eva Dishion Hendershot,1000 Smith Level Rd #C-10,Carrboro NC 27510
Ashley Glyn Henderson,103 Morgan Hill Ct,Carrboro NC 27510
Carrie Eileen Henderson,1000 Smith Level Rd #G2,Carrboro NC 27510
Elizabeth Ann Hennessy,140 Bpw Club Rd #C9,Carrboro NC 27510
Jason Patrick Henning,107 Juniper Ct,Carrboro NC 27510
Linda Ruth Henning,107 Juniper Ct,Carrboro NC 27510
Chabela Hernandez,103 Culbreth Rd #307,Chapel Hill NC 27516
Alexander Collins Herrington,180 Bpw Club Rd #M6,Carrboro NC 27510
Matthew Patrick Herr,180 Bpw Club Rd #C7,Carrboro NC 27510
Danielle Lynae Herrod,100 Rock Haven Rd #N101,Carrboro NC 27510
Erica Beth Hertzberg,140 Bpw Club Rd #E22,Carrboro NC 27510
Pamela Rose Hesker,140 Bpw Club Rd #B-18,Carrboro NC 27510
Brenn Andrew Hill,100 Rock Haven Rd #J104,Carrboro NC 27510
John Anthony Hill,506 Manor Ridge Dr,Carrboro NC 27510
Lynn Sowder Hillman,1000 Smith Level Rd #G9,Carrboro NC 27510
Isaac Blair Hilton,140 Bpw Club Rd #E-2,Carrboro NC 27510
Sarah Ashley Hiser,180 Bpw Club Rd #U8,Carrboro NC 27510
William Wren Hitt,303 Smith Level Rd #E14,Chapel Hill NC 27516
Michael Edward Hogg,100 Rock Haven Rd #K304,Carrboro NC 27510
Paul Ryan Holland,1000 Smith Level Rd #E23,Carrboro NC 27510
Kristi Michelle Hollar,303 Smith Level Rd #D12,Chapel Hill NC 27516
Bridget Anne Hollingsworth,100 Rock Haven Rd #B102,Carrboro NC 27510
Christopher Chad Holloman,180 Bpw Club Rd #L14,Carrboro NC 27510
Phyllis Holt,100 Culbreth Rd #E,Chapel Hill NC 27516
Alicia Anne Holtz,140 Bpw Club Rd #E-9,Carrboro NC 27510
Tiffany Mercedes Holung,1000 Smith Level Rd #H4,Carrboro NC 27510
Charlotte Rowe Honeycutt,7518 Farmbrook Pl,Thomasville NC 27360
Dennis James Hoogendyk,180 Bpw Club Rd #A8,Carrboro NC 27510
Robert Paul Hoopes,180 Bpw Club Rd #K2,Carrboro NC 27510
Tammie Linda Hope,100 Rock Haven Rd #L104,Carrboro NC 27510
Peter Andrew Hosick,180 Bpw Club Rd #R-12,Carrboro NC 27510
Ryan Michael Houser,1000 Smith Level Rd #H8,Carrboro NC 27510
Bonnie Jolene Howell,100 Rock Haven Rd #G306,Carrboro NC 27510
Aaron James Hubbard,140 Bpw Club Rd #C06,Carrboro NC 27510
David Anthony Hubert,100 Rock Haven Rd #E-203,Carrboro NC 27510
Geoffrey Todd Hudson,400 Rossburn Way,Chapel Hill NC 27516
Manda Lea Hudson,400 Rossburn Way,Chapel Hill NC 27516
Sandra Joan Hufeisen,100 Rock Haven Rd #A103,Carrboro NC 27510
Alicia Yevon Huff,303 Smith Level Rd #A13,Chapel Hill NC 27516
Amy Rebekah Huffman,180 Bpw Club Rd #S-8,Carrboro NC 27510
Maria Danielle Huff,100 Rock Haven Rd #A102,Carrboro NC 27510
Lauren Bentley Humphries,140 Bpw Club Rd #C18,Carrboro NC 27510
Alisa Ryan Hutchison,180 Bpw Club Rd #C7,Carrboro NC 27510
Janna Elizabeth Hutz,303 Smith Level Rd #B13,Chapel Hill NC 27516
Lee Andrew Hyde,180 Bpw Club Rd #H3,Carrboro NC 27510
Andrew Marshall Iannuzzi,1000 Smith Level Rd #A25,Carrboro NC 27510
Jay Nugent Ihry,180 Bpw Club Rd #Q4,Carrboro NC 27510
Danielle Patrice Iredale,100 Rock Haven Rd #J203,Carrboro NC 27510
Mia Ives-Rublee,100 Rock Haven Rd #K-201,Carrboro NC 27510
Ronald Jerzy Jacak,140 Bpw Club Rd #A3,Carrboro NC 27510
Ashley Kristina Jackson,303 Smith Level Rd #A13,Chapel Hill NC 27516
Cornelia Devon Jackson,180 Bpw Club Rd #D7,Carrboro NC 27510
Howard Paul Jacobs,103 Culbreth Rd #207,Chapel Hill NC 27516
Pauline R Jacobs,103 Culbreth Rd #207,Chapel Hill NC 27516
Lindsey Lauren Jaco,140 Bpw Club Rd #A14,Carrboro NC 27510
Michael Edward Jakubiak,1000 Smith Level Rd #K9,Carrboro NC 27510
Ennis Lee James Jr,405 Smith Level Rd,Chapel Hill NC 27516
Jennifer Michelle James,1000 Smith Level Rd #H5,Carrboro NC 27510
Nancy Marie James,1000 Smith Level Rd #V1,Carrboro NC 27510
Amy Michelle Jaworski,303 Smith Level Rd #C32,Chapel Hill NC 27516
Consuela Ann Jenkins,140 Bpw Club Rd #D14,Carrboro NC 27510
Michael James Jenkinson,2143 Kilkenney Hill Rd,Matthews NC 28105
Jamie Leigh Jennings,180 Bpw Club Rd,Carrboro NC 27510
Coral Lee Jensen,1000 Smith Level Rd #U8,Carrboro NC 27510
Karen Jensen,1000 Smith Level Rd #U1,Carrboro NC 27510
Helen Elaine Jerome,102 Old Pittsboro Rd,Carrboro NC 27510
Tega Charles Jessa,303 Smith Level Rd #C23,Chapel Hill NC 27516
Mark Robert Jezyk,101 Bpw Club Rd #A,Carrboro NC 27510
Jennifer Job,100 Rock Haven Rd #E204,Carrboro NC 27510
Christopher Bryce Johnson,1000 Smith Level Rd #R6,Carrboro NC 27510
Danielle Nicole Johnson,1000 Smith Level Rd #R6,Carrboro NC 27510
Darius Demon Johnson,1000 Smith Level Rd #A10,Carrboro NC 27510
Jarrod Sean Johnson,140 Bpw Club Rd #F6,Carrboro NC 27510
Patrick Evan Johnson,1000 Smith Level Rd #G11,Carrboro NC 27510
Krysten Ann Jones,303 Smith Level Rd #D33,Chapel Hill NC 27516
Michele Kathleen Jones,1000 Smith Level Rd #V13,Carrboro NC 27510
Joshua Andrew Kaitz,303 Smith Level Rd #B33,Chapel Hill NC 27516
Erin Kaltenbrun,100 Rock Haven Rd #B103,Carrboro NC 27510
Danielle Catherine Kane,140 Bpw Club Rd #F22,Carrboro NC 27510
Jenna Sater Kanoy,1000 Smith Level Rd #H2,Carrboro NC 27510
Dean Allen Karrigan,604 Manor Ridge Dr,Carrboro NC 27510
Patricia Kosika Karrigan,604 Manor Ridge Dr,Carrboro NC 27510
Alane Murdock Kasrawi,104 Orchard Ln,Carrboro NC 27510
Nawwar Kasrawi,104 Orchard Ln,Carrboro NC 27510
Catherine Ida Kastleman,107 Oak Spring Ct,Carrboro NC 27510
Kenneth Mayer Kastleman,107 Oak Spring Ct,Carrboro NC 27510
Linda C Kastleman,107 Oak Spring Ct,Carrboro NC 27510
Rebecca Ruth Kastleman,107 Oak Spring Ct,Carrboro NC 27510
Bethany Anne Keene,100 Rock Haven Rd #L306,Carrboro NC 27510
Alex Randall Kemper,315 Rossburn Way,Chapel Hill NC 27516
Julie Firestone Kemper,315 Rossburn Way,Chapel Hill NC 27516
Andrew Rice Kendall,1000 Smith Level Rd #M5,Carrboro NC 27510
Sarah McAdams Kenniff,1000 Smith Level Rd,Carrboro NC 27510
Erin Sumner Kephart,1011 Branchwood Dr,Kernersville NC 27284
David Carl Kershaw,1000 Smith Level Rd #A22,Carrboro NC 27510
Kathy Tomblin Kershaw,1000 Smith Level Rd #A-22,Carrboro NC 27510
Andrew Kilb,100 Rock Haven Rd #D107,Carrboro NC 27510
Yanneka Franchesca King,303 Smith Level Rd #32b,Chapel Hill NC 27516
Jean B Kirkpatrick,140 Bpw Club Rd #A-24,Carrboro NC 27510
Pamela Whitney Klein,303 Smith Level Rd #B13,Chapel Hill NC 27516
Stuart Wilkie Knoles,1000 Smith Level Rd #I-9,Carrboro NC 27510
Susan Elizabeth Kobesky,508 Manor Ridge Dr,Carrboro NC 27510
Steven Robert Koch,100 Rock Haven Rd #G306,Carrboro NC 27510
Robert Steven Kochuk,205 Manor Ridge Dr,Carrboro NC 27510
Jan E B Koelb,180 Bpw Club Rd #R9,Carrboro NC 27510
Jean Louise Koher,103 Culbreth Rd #202,Chapel Hill NC 27516
Jenna Sue Kolling,100 Rock Haven Rd #Q-107,Carrboro NC 27510
Josef John Komenda,180 Bpw Club Rd #R10,Carrboro NC 27510
Jennifer Marie Kowalewski,180 Bpw Club Rd #Q3,Carrboro NC 27510
Matthew Kozey,140 Bpw Club Rd #B16,Carrboro NC 27510
Anthony Paul Kozumplik,PO Box 4571,Chapel Hill NC 27515
Corey Douglas Krafte,106 Gateridge Pl,Carrboro NC 27510
Douglas Scott Krafte,106 Gateridge Pl,Carrboro NC 27510
Grace Alexandra Krafte,106 Gateridge Pl,Carrboro NC 27510
Kathleen Elizabeth Krafte,106 Gateridge Pl,Carrboro NC 27510
Mary McLellan Krebs,103 Culbreth Rd #105,Chapel Hill NC 27516
Sarah Rachel Kreiger,140 Bpw Club Rd #C21,Carrboro NC 27510
Sumati Krishnan,140 Bpw Club Rd #B23,Carrboro NC 27510
William Kirk Krueger,1000 Smith Level Rd #A-16,Carrboro NC 27510
Matthew David Kusel,303 Smith Level Rd #C34,Chapel Hill NC 27516
Kelsey Taltha Greenros Kusterer,1000 Smith Level Rd #G6,Carrboro NC 27510
Matthew David Kutch,1000 Smith Level Rd #D5,Carrboro NC 27510
Richard King-Fai Kwok,102 Gateridge Pl,Carrboro NC 27510
Valerie Jane Nancy Lalonde,1000 Smith Level Rd #V15,Carrboro NC 27510
Amy Elizabeth Lambert,140 Bpw Club Rd #D18,Carrboro NC 27510
Viki Lambertus,1000 Smith Level Rd #J15,Carrboro NC 27510
Andrea Carole Lammonds,180 Bpw Club Rd #S6,Carrboro NC 27510
Pamela Renee Lammonds,180 Bpw Club Rd #S-6,Carrboro NC 27510
Amy Riche Lane,101 Rock Haven Rd #F-604,Carrboro NC 27510
Kerry Mariama Langhorne,180 Bpw Club Rd #D8,Carrboro NC 27510
Peggy Iris Lanier,103 Culbreth Rd #301,Chapel Hill NC 27516
Lindsay Rae Lankford,303 Smith Level Rd #F11,Chapel Hill NC 27516
Susan L Lannon,1000 Smith Level Rd #D10,Carrboro NC 27510
Angela Maria Lanza,180 Bpw Club Rd #H8,Carrboro NC 27510
Bethann Lynn Lapiene,180 Bpw Club Rd #P4,Carrboro NC 27510
Brittany Marie Larson,303 Smith Level Rd #D-21,Chapel Hill NC 27516
Beth Anne Latshaw,140 Bpw Club Rd #B19,Carrboro NC 27510
Lauren Marie Lebrun,180 Bpw Club Rd #A8,Carrboro NC 27510
Daphne Nichole Lee,303 Smith Level Rd #F-31,Chapel Hill NC 27516
Paul P Lee,307 Rossburn Way,Chapel Hill NC 27516
Steven Micheal Leeson,140 Bpw Club Rd #F9,Carrboro NC 27510
Justin Stark Lefkowitz,180 Bpw Club Rd #M13,Carrboro NC 27510
Luciana Eleanor Leopold,180 Bpw Club Rd #V3,Carrboro NC 27510
Matthew William Leroy,100 Rock Haven Rd #K103,Carrboro NC 27510
Sarah Margaret Leroy,100 Rock Haven Rd #K103,Carrboro NC 27510
Carol Elaine Lert,308 Rossburn Way,Chapel Hill NC 27516
Rachel Joanne Levandoski,100 Rock Haven Rd #L101,Carrboro NC 27510
Ashley Nicole Lewis,101 Rock Haven Rd #102a,Carrboro NC 27510
Meredith Ann Lewis,1000 Smith Level Rd #R4,Carrboro NC 27510
Shannon Miramanee Lewis,303 Smith Level Rd #F32,Chapel Hill NC 27516
Alicea Jacova Lieberman,180 Bpw Club Rd #T-4,Carrboro NC 27510
Jason Dillon Lieb,204 Morgan Hill Ct,Carrboro NC 27510
Sarah Jean Liljegren,704 Manor Ridge Dr,Carrboro NC 27510
Ana Carolina Lima,201 Manor Ridge Dr,Carrboro NC 27510
Gloria Margarita Lima,201 Manor Ridge Dr,Carrboro NC 27510
Christopher Eugene Lim,1000 Smith Level Rd #J1,Carrboro NC 27510
Krysta Marie Lindley,101 Misty Pines Pl,Carrboro NC 27510
Keith Adam Lindsay,303 Smith Level Rd #F13,Chapel Hill NC 27516
Crystal Jean Nolan Lineberry,180 Bpw Club Rd #D11,Carrboro NC 27510
Tori Denise Lineberry,303 Smith Level Rd #B11,Chapel Hill NC 27516
Peggy Lynne Linton,180 Bpw Club Rd #E01,Carrboro NC 27510
Monica Marie Livingston,100 Rock Haven Rd #E201,Carrboro NC 27510
Dolores Helen Lloyd,1000 Smith Level Rd #L17,Carrboro NC 27510
Nickolas Tyler Lloyd,1000 Smith Level Rd #L-17,Carrboro NC 27510
Sally Jordalen Lockwood,1000 Smith Level Rd #L02,Carrboro NC 27510
Eric Thomas Lofgren,180 Bpw Club Rd #N9,Carrboro NC 27510
James Lofton,405 Smith Level Rd,Chapel Hill NC 27516
James Anthony Logrando,180 Bpw Club Rd #S-11,Carrboro NC 27510
John Eugene Long,180 Bpw Club Rd #H8,Carrboro NC 27510
Nathan Wayne Lonnen,303 Smith Level Rd #C12,Chapel Hill NC 27516
Amy Nicole Loria,100 Rock Haven Rd #E306,Carrboro NC 27510
James Barrett Lowe,1000 Smith Level Rd #I-8,Carrboro NC 27510
Felicia Danielle Lowrance,303 Smith Level Rd #A-23,Chapel Hill NC 27516
Anthony John Luca,405 Rossburn Way,Chapel Hill NC 27516
Mary Beth Ludlow,100 River Creek Pl,Carrboro NC 27510
Stephanie Lu,303 Smith Level Rd #B13,Chapel Hill NC 27516
Lantz C Mackey,1000 Smith Level Rd #J20,Carrboro NC 27510
John Cameron Maclachlan,103 Culbreth Rd #308,Chapel Hill NC 27516
Jeremy C Main,180 Bpw Club Rd #P-13,Carrboro NC 27510
Justin Thomas Malinowski,1000 Smith Level Rd #N-14,Carrboro NC 27510
Teresa Marie Mallon,1000 Smith Level Rd #J7,Carrboro NC 27510
Melinda Louise Manning,102 Gateridge Pl,Carrboro NC 27510
Michelle Lloyd Manning,100 Rock Haven Rd #204h,Carrboro NC 27510
John R Mapp,303 Smith Level Rd,Chapel Hill NC 27516
Erin Joy Marcinowski,100 Rock Haven Rd #D104,Carrboro NC 27510
Michael Stephen Marion,140 Bpw Club Rd #B24,Carrboro NC 27510
Gary Everett Martin,100 Rock Haven Rd #M102,Carrboro NC 27510
Kelli Sanders Martin,1000 Smith Level Rd #S7,Carrboro NC 27510
Kelly Lynn Martin,100 Rock Haven Rd #M202,Carrboro NC 27510
Meaghan Elizabeth Martin,180 Bpw Club Rd #V-1,Carrboro NC 27510
Catherine Lauren Mason,100 Rock Haven Rd #A-201,Carrboro NC 27510
William Henry Mathewson,1000 Smith Level Rd #O-16,Carrboro NC 27510
Sarah Ann Matista,180 Bpw Club Rd #P13,Carrboro NC 27510
Robert Walker Matteson,1000 Smith Level Rd #L18,Carrboro NC 27510
Brian David Matthew,1000 Smith Level Rd #A16,Carrboro NC 27510
Catherine Eileen Mau,180 Bpw Club Rd #S9,Carrboro NC 27510
Joel Adam Maxwell,1000 Smith Level Rd #B4,Carrboro NC 27510
Amy Christine McAtee,140 Bpw Club Rd #F15,Carrboro NC 27510
Mary Margaret McCamic,1000 Smith Level Rd #T4,Carrboro NC 27510
George Louis McCauley,140 Bpw Club Rd #A-16,Carrboro NC 27510
Marilyn Felicia McClain,180 Bpw Club Rd #M-8,Carrboro NC 27510
Kelly Theresa McClean,303 Smith Level Rd #E21,Chapel Hill NC 27516
Brittany Nichole McCombs,100 Rock Haven Rd #E101,Carrboro NC 27510
Margaret Elizabeth McCormick,303 Smith Level Rd #F-32,Chapel Hill NC 27516
Kimberly S McCown,603 Manor Ridge Dr,Carrboro NC 27510
Thomas J McCown,603 Manor Ridge Dr,Carrboro NC 27510
Jennifer Lynn McDaniel,100 Rock Haven Rd #M105,Carrboro NC 27510
Megale Deann McDaniels,607 Manor Ridge Dr,Carrboro NC 27510
Heather McDonald,1000 Smith Level Rd #H7,Carrboro NC 27510
Shaun Neil McDonald,1000 Smith Level Rd #G13,Carrboro NC 27510
Chrysa Lyn McDuffie,100 Rock Haven Rd #Q103,Carrboro NC 27510
Morgan Alexandra McFall-Smith,1000 Smith Level Rd #D-22,Carrboro NC 27510
Mandy Lea McGregor,100 Rock Haven Rd #C105,Carrboro NC 27510
Jordan Tyler McGuire,1000 Smith Level Rd #J18,Carrboro NC 27510
Elizabeth Ellen Wedel McInerney,303 Smith Level Rd #A11,Chapel Hill NC 27516
Kate McKenzie Mcintyre,303 Smith Level Rd #B-21,Chapel Hill NC 27516
Leann Jean McKenzie,100 Rock Haven Rd #Q104,Carrboro NC 27510
Ryan Nicholas McKenzie,100 Rock Haven Rd #Q104,Carrboro NC 27510
Angel Lee McLaughlin,1000 Smith Level Rd #A8,Carrboro NC 27510
Katherine Ann McLean,303 Smith Level Rd #E-21,Chapel Hill NC 27516
Thomas Wesley McLeod,180 Bpw Club Rd #N11,Carrboro NC 27510
Vonnie Cile McLoyd,605 Manor Ridge Dr,Carrboro NC 27510
Donnie Lee McMahand Jr,100 Rock Haven Rd #C301,Carrboro NC 27510
Mikhala Renee McMasters,507 Peele St,Burlington NC 27215
Richard Sean McNally,140 Bpw Club Rd #E11,Carrboro NC 27510
Christopher Anthony McPherson,303 Smith Level Rd #B14,Chapel Hill NC 27516
Douglas Rowland McQuoid,1000 Smith Level Rd #J14,Carrboro NC 27510
Chenetta Lashayda McRae,180 Bpw Club Rd #M14,Carrboro NC 27510
Beth Erin Mechum,180 Bpw Club Rd #V-7,Carrboro NC 27510
Daniel William Meechan,1000 Smith Level Rd #H5,Carrboro NC 27510
Carrie Eileen Meier,100 Rock Haven Rd #C101,Carrboro NC 27510
Victor Manuel Melendez,1000 Smith Level Rd #E-7,Carrboro NC 27510
Robert Remen Mele,1000 Smith Level Rd #F15,Carrboro NC 27510
Mary Rebecca Mellon,100 Rock Haven Rd #J208,Carrboro NC 27510
Christopher David Menjivar,1000 Smith Level Rd #I7,Carrboro NC 27510
David Lawrence Mermin,303 Smith Level Rd #E22,Chapel Hill NC 27516
Kurt Metscher,180 Bpw Club Rd #V-2,Carrboro NC 27510
Susan Meyer,1000 Smith Level Rd #D22,Carrboro NC 27510
Taylar Paige Middleton,101 Rock Haven Rd #E504,Carrboro NC 27510
Jason Will Miles,100 Rock Haven Rd #M106,Carrboro NC 27510
Holly Katleen Millar,180 Bpw Club Rd #E7,Carrboro NC 27510
Erin Aldrich Miller,180 Bpw Club Rd #U12,Carrboro NC 27510
Gerald Michael Miller,1000 Smith Level Rd #U3,Carrboro NC 27510
James Adam Miller III,1000 Smith Level Rd #A4,Carrboro NC 27510
Matthew George Miller,180 Bpw Club Rd #U12,Carrboro NC 27510
Michael Gregory Miller,303 Smith Level Rd #B34,Chapel Hill NC 27516
Ronald Conrad Miller,140 Bpw Club Rd #B20,Carrboro NC 27510
Stephen Miller,100 Rock Haven Rd #M103,Carrboro NC 27510
Celeste Alessandra Mitchell,100 Rock Haven Rd #L201,Carrboro NC 27510
Erin Elizabeth Mitchell,1000 Smith Level Rd #E-3,Carrboro NC 27510
Katharine Kendra Leigh Mitchell,303 Smith Level Rd #B21,Chapel Hill NC 27516
Kevin Michael Mitchell,102 Juniper Ct,Carrboro NC 27510
Meaghan Colleen Mitchell,303 Smith Level Rd #D31,Chapel Hill NC 27516
Roger Emmit Mitchell,102 Juniper Ct,Carrboro NC 27510
Stacy Modlin,1000 Smith Level Rd #T1,Carrboro NC 27510
Karen Lynn Moen,140 Bpw Club Rd #A12,Carrboro NC 27510
Kelsey Moeslinger,101 Rock Haven Rd #102a,Carrboro NC 27510
Menaka Chimalgi Mohan,140 Bpw Club Rd #E6,Carrboro NC 27510
Beth Joellen Moore,303 Orchard Ln,Carrboro NC 27510
John Kevin Moore,303 Orchard Ln,Carrboro NC 27510
Joseph Earl Moore,PO Box 711,Chapel Hill NC 27514
Michael Joseph Moore,303 Smith Level Rd #B32,Chapel Hill NC 27516
Timothy John Moore,303 Smith Level Rd #D12,Chapel Hill NC 27516
Tyler Patrick Moore,303 Orchard Ln,Carrboro NC 27510
Laura Hayes Morgan,311 Rossburn Way,Chapel Hill NC 27516
Kolletta Nycole Morgan-Yell,303 Smith Level Rd #D23,Chapel Hill NC 27516
Clara Bray Moseley,1000 Smith Level Rd #J4,Carrboro NC 27510
Jacqueline C Mosley,1000 Smith Level Rd #D-24,Carrboro NC 27510
Andrew Bradley Moss,313 Smith Level Rd #C12,Chapel Hill NC 27516
Osman Nadir Mostafa,140 Bpw Club Rd #E9,Carrboro NC 27510
Matthew Aaron Mowrer,100 Rock Haven Rd #A104,Carrboro NC 27510
Brendan Joseph Murphy,305 Rossburn Way,Chapel Hill NC 27516
Florence P Myers,103 Culbreth Rd #111,Chapel Hill NC 27516
Rachel Lee Nabors,180 Bpw Club Rd #R10,Carrboro NC 27510
Savithri Nageswaran,209 Manor Ridge Dr,Carrboro NC 27510
Rebecca Lynn Nappa,140 Bpw Club Rd #A19,Carrboro NC 27510
Alexandra Lucile Meara Navarre,180 Bpw Club Rd #K12,Carrboro NC 27510
Thomas Anthony Navarre,180 Bpw Club Rd #K12,Carrboro NC 27510
Steven Ward Nedrud,100 Rock Haven Rd #M-109,Carrboro NC 27510
Emily Elizabeth Nein,140 Bpw Club Rd #C2,Carrboro NC 27510
Elizabeth Michelle Neuffer,140 Bpw Club Rd #C10,Carrboro NC 27510
Gloria J Barkley Neville,100 Culbreth Rd #B,Chapel Hill NC 27516
Alyssa Lauren Jane Newton,140 Bpw Club Rd #B7,Carrboro NC 27510
Anh Tram Nguyen,180 Bpw Club Rd #K5,Carrboro NC 27510
Jimmy Huu Nguyen,303 Smith Level Rd #A11,Chapel Hill NC 27516
Theresa Hoang Nguyen,100 Rock Haven Rd #K303,Carrboro NC 27510
Mindy Lea Nichamin,104 Oak Spring Ct,Carrboro NC 27510
Taryn Michelle Nicoletta,180 Bpw Club Rd #D-5,Carrboro NC 27510
Saket Nigam,180 Bpw Club Rd #M12,Carrboro NC 27510
Peadar Gerard Noone,305 Orchard Ln,Carrboro NC 27510
Peter John Noone,305 Orchard Ln,Carrboro NC 27510
Tammy Simone Norwood,1000 Smith Level Rd #F-3,Carrboro NC 27510
Jessica Paige Nosworthy,1000 Smith Level Rd #L8,Carrboro NC 27510
Musheni Nsa,140 Bpw Club Rd #D18,Carrboro NC 27510
Joseph Chidinma Nwadiuko,303 Smith Level Rd #F-12,Chapel Hill NC 27516
Tashauna Dawn Obriant,PO Box 1502,Carrboro NC 27510
Lynne Marie Obrien,102 Juniper Ct,Carrboro NC 27510
Scott Christopher Obrien,1000 Smith Level Rd #B-9,Carrboro NC 27510
Ebun Olubukonla Odeneye,303 Smith Level Rd #E24,Chapel Hill NC 27516
Shannon Renee Odom,1000 Smith Level Rd #O-9,Carrboro NC 27510
Garry Owen Ogrady,400 Manor Ridge Dr,Carrboro NC 27510
Marion Kilculllen Ogrady,400 Manor Ridge Dr,Carrboro NC 27510
Seog Hwan Oh,306 Orchard Ln,Carrboro NC 27510
Jill Cathaline Okane,202 Manor Ridge Dr,Carrboro NC 27510
Samuel Joseph Okane,202 Manor Ridge Dr,Carrboro NC 27510
Michael Ekwunife Okoli III,180 Bpw Club Rd #V10,Carrboro NC 27510
Stephen Lecler Olivier,140 Bpw Club Rd #A13,Carrboro NC 27510
Andrew Fergus Olshan,100 Orchard Ln,Carrboro NC 27510
Oluwaseun Adeola Omofoye,1000 Smith Level Rd #M-7,Carrboro NC 27510
Bert Howard Oneil,208 Manor Ridge Dr,Carrboro NC 27510
Adriana Maria Ortiz,507 Manor Ridge Dr,Carrboro NC 27510
Elizabeth Tomaro Ortiz,100 Rock Haven Rd #M205,Carrboro NC 27510
Jose Daniel Ortiz,507 Manor Ridge Dr,Carrboro NC 27510
Jonathan William Outlaw,100 Rock Haven Rd #C104,Carrboro NC 27510
Mehmet Sait Ozturk,101 Rock Haven Rd #G-700,Carrboro NC 27510
Benjamin Cheek Palmer,203 Morgan Hill Ct,Carrboro NC 27510
Margaret Elizabeth Palmer,203 Morgan Hill Ct,Carrboro NC 27510
Sarah Miriam Palmer,100 Rock Haven Rd #C203,Carrboro NC 27510
Thomas C Palmer,203 Morgan Hill Ct,Carrboro NC 27510
Athena Elizabeth Pantazis,1000 Smith Level Rd #K12,Carrboro NC 27510
Alice Abella Parent,103 Culbreth Rd #103,Chapel Hill NC 27516
Alexander Michael Parets,100 Rock Haven Rd #M111,Carrboro NC 27510
Susan Lynn Parish,106 Oak Spring Ct,Carrboro NC 27510
Arum Park,303 Smith Level Rd #D33,Chapel Hill NC 27516
Bryan Rayvon Parker,180 Bpw Club Rd #V11,Carrboro NC 27510
Drew Parker,180 Bpw Club Rd #V5,Carrboro NC 27510
Jessica Leigh-Ann Parker,100 Rock Haven Rd #B107,Carrboro NC 27510
Joseph Frederick Parker,100 Rock Haven Rd #J304,Carrboro NC 27510
Michael James Parks,180 Bpw Club Rd #N13,Carrboro NC 27510
Able Parris,1000 Smith Level Rd #L7,Carrboro NC 27510
Julia Patrice Parris,1000 Smith Level Rd #L7,Carrboro NC 27510
Ronald Edward Parr,601 Manor Ridge Dr,Carrboro NC 27510
Dayson Joshue Panos Pasion,180 Bpw Club Rd #V9,Carrboro NC 27510
Jessica Victoria Panos Pasion,180 Bpw Club Rd #V9,Carrboro NC 27510
Lisa A Patel,140 Bpw Club Rd #C-20,Carrboro NC 27510
Travis Rashod Patterson,1000 Smith Level Rd #G15,Carrboro NC 27510
Sunita Devi Paul,140 Bpw Club Rd #A-6,Carrboro NC 27510
Ellen Marie Pautler,403 Manor Ridge Dr,Carrboro NC 27510
Erin Elizabeth Pearson,303 Smith Level Rd #F32,Chapel Hill NC 27516
Lisa Ann Pepin,303 Smith Level Rd #C-22,Chapel Hill NC 27516
Nichole Lynn Perez,100 Rock Haven Rd #J306,Carrboro NC 27510
Robert Douglas Perez,100 Rock Haven Rd #J306,Carrboro NC 27510
Amy Henjes Perou,103 Oak Spring Ct,Carrboro NC 27510
Lauren Elizabeth Perry,1000 Smith Level Rd #D15,Carrboro NC 27510
Robert William Perry,303 Smith Level Rd #C11,Chapel Hill NC 27516
Timothy David Perry Jr,100 Rock Haven Rd #P102,Carrboro NC 27510
Brienne Jayne Petcher,180 Bpw Club Rd #V-2,Carrboro NC 27510
Rhonda Ann Petty,180 Bpw Club Rd #B3,Carrboro NC 27510
Michael Van Pham,180 Bpw Club Rd #S2,Carrboro NC 27510
Jeffery Dean Phillips,500 Manor Ridge Dr,Carrboro NC 27510
Lisa Jean Phillips,1000 Smith Level Rd #F15,Carrboro NC 27510
Norris Bishop Phillips,500 Manor Ridge Dr,Carrboro NC 27510
Raymond John Pickles,103 Morgan Hill Ct,Carrboro NC 27510
Patricia M Pinto,105 Juniper Ct,Carrboro NC 27510
Damein John Pitsenbarger,101 Rock Haven Rd #G702,Carrboro NC 27510
Benjamin Scotton Piven,103 Palomar Pt,Chapel Hill NC 27516
Joseph Piven,103 Palomar Pt,Chapel Hill NC 27516
Mary Lynn Piven,103 Palomar Pt,Chapel Hill NC 27516
Micah Gabrielle Piven,103 Palomar Pt,Chapel Hill NC 27516
Melissa Lorraine Pojasek,140 Bpw Club Rd #F7,Carrboro NC 27510
Elizabeth Rose Polley,202 Morgan Hill Ct,Carrboro NC 27510
Erica Rose Polley,202 Morgan Hill Ct,Carrboro NC 27510
Richard Craig Polley,202 Morgan Hill Ct,Carrboro NC 27510
Francis Thomas Polson,180 Bpw Club Rd #T6,Carrboro NC 27510
Sandra Kay Polson,180 Bpw Club Rd #T6,Carrboro NC 27510
Emily Erin Portner,140 Bpw Club Rd #A18,Carrboro NC 27510
Benjamin Matthew Posey,303 Smith Level Rd #F22,Chapel Hill NC 27516
Colleen Marie Potocki,180 Bpw Club Rd #C10,Carrboro NC 27510
Candice Shields Fleming Powell,1000 Smith Level Rd #E22,Carrboro NC 27510
Corinthian Glade Powell,1000 Smith Level Rd #Ae22,Carrboro NC 27510
Domenic Randazzo Powell,303 Smith Level Rd #F34,Chapel Hill NC 27516
Alison Leyton Prentice,1000 Smith Level Rd #R5,Carrboro NC 27510
Amy Naseme Prentice,180 Bpw Club Rd #B-8,Carrboro NC 27510
Matthew Prentice,180 Bpw Club Rd #B8,Carrboro NC 27510
Matthew Mark Presby,140 Bpw Club Rd #E-8,Carrboro NC 27510
Brandon William Prince,1000 Smith Level Rd #N-7,Carrboro NC 27510
Madeline Suzanne Puglia,100 Rock Haven Rd #N103,Carrboro NC 27510
Elizabeth Peyton Purcell,140 Bpw Club Rd #A7,Carrboro NC 27510
Jainiki K Purefoy-Thaxton,101 Rock Haven Rd #F605,Carrboro NC 27510
Javana Shenell Quick,140 Bpw Club Rd #D23,Carrboro NC 27510
Brian Martin Quinn,303 Smith Level Rd #B33,Chapel Hill NC 27516
Paul J Quinzi,539 Smith Level Rd #A,Carrboro NC 27510
William E Rader III,105 River Creek Pl,Carrboro NC 27510
Laelah Elizabeth Rafati-Aslzadeh,303 Smith Level Rd #D24,Chapel Hill NC 27516
Laylah Gity Rais-Dana,1000 Smith Level Rd #L-6,Carrboro NC 27510
Keith Robert Raitano,301 Orchard Ln,Carrboro NC 27510
Mary Catherine Raitano,301 Orchard Ln,Carrboro NC 27510
Jessica Ra,303 Smith Level Rd #A32,Chapel Hill NC 27516
Arthur Conly Ramsey,100 Rock Haven Rd #D103,Carrboro NC 27510
Neaha Pradipsinh Raol,1000 Smith Level Rd #B12,Carrboro NC 27510
Byron Samuel Raphael,180 Bpw Club Rd #R8,Carrboro NC 27510
Emily Anne Raphael,180 Bpw Club Rd #R8,Carrboro NC 27510
Naim Ur Rashid,1000 Smith Level Rd #A13,Carrboro NC 27510
Laura Grace Rauschenberg,140 Bpw Club Rd #F11,Carrboro NC 27510
Susannah Childres Ray,140 Bpw Club Rd #F11,Carrboro NC 27510
Barbara Ann Recchie,140 Bpw Club Rd #D10,Carrboro NC 27510
Alan Earl Reed,505 Manor Ridge Dr,Carrboro NC 27510
Kathrin Reed,505 Manor Ridge Dr,Carrboro NC 27510
Lois Eunmie Reid,1000 Smith Level Rd #F10,Carrboro NC 27510
Karen Teresa Reidy,100 Rock Haven Rd #K301,Carrboro NC 27510
Daniel Aaron Reinholz,100 Rock Haven Rd #B-107,Carrboro NC 27510
Daniel Albert Riccio,100 Rock Haven Rd #J304,Carrboro NC 27510
Sarah C Richardson,1000 Smith Level Rd #G5,Carrboro NC 27510
Melody Deloris Richmond,180 Bpw Club Rd #S4,Carrboro NC 27510
Cassandra Leigh Rico,180 Bpw Club Rd #S1,Carrboro NC 27510
Alexander James Riemen,1000 Smith Level Rd #A9,Carrboro NC 27510
Jaleshea S Riggsbee,101 Rock Haven Rd #B-205,Carrboro NC 27510
Rebecca Suzanne Riley,1000 Smith Level Rd #G9,Carrboro NC 27510
Bryan Patrick Roach,140 Bpw Club Rd #C16,Carrboro NC 27510
Abby R Roberts,180 Bpw Club Rd #E4,Carrboro NC 27510
Alice Taylor Robertson,104 River Creek Pl,Carrboro NC 27510
Janeria Riggsbee Robinson,101 Rock Haven Rd #B-205,Carrboro NC 27510
Courtney Danielle Rosenthal,100 Rock Haven Rd #E202,Carrboro NC 27510
Megan Marjorie Jean Ross,180 Bpw Club Rd #R9,Carrboro NC 27510
Aleeza Jane Roth,1000 Smith Level Rd #F13,Carrboro NC 27510
Haley Diana Routh,1000 Smith Level Rd #L-08,Carrboro NC 27510
Emilie Elizabeth Rudisill,100 Rock Haven Rd #C-204,Carrboro NC 27510
Leonard Henry Ruemker,303 Manor Ridge Dr,Carrboro NC 27510
Mary Elizabeth Ruemker,303 Manor Ridge Dr,Carrboro NC 27510
Ann Elizabeth Ruiz,401 Rossburn Way,Chapel Hill NC 27516
Amy Kolling Russell,180 Bpw Club Rd #P14,Carrboro NC 27510
Bradley Arnond Russell,180 Bpw Club Rd #P-14,Carrboro NC 27510
Kristen Jane Russell,180 Bpw Club Rd #A12,Carrboro NC 27510
Anthony Michael Russo,180 Bpw Club Rd #N12,Carrboro NC 27510
Jonathan M Rutland,1000 Smith Level Rd #C-9,Carrboro NC 27510
Arlene Marie Safay,1000 Smith Level Rd #L10,Carrboro NC 27510
James Henry Safay,1000 Smith Level Rd #L10,Carrboro NC 27510
Andrea Eileen Saffer,140 Bpw Club Rd #A23,Carrboro NC 27510
Kyle Brandon Saffie,108 Juniper Ct,Carrboro NC 27510
Lauren Brittany Saffie,108 Juniper Ct,Carrboro NC 27510
Lynn Dunn Saffie,108 Juniper Ct,Carrboro NC 27510
Mitchell Saffie,108 Juniper Ct,Carrboro NC 27510
Liliana Valencia Salazar,180 Bpw Club Rd #F6,Carrboro NC 27510
Lauren Virginia Salley,100 Rock Haven Rd #J305,Carrboro NC 27510
Amy Ellen Samuels,302 Rossburn Way,Chapel Hill NC 27516
Maria Joan Sanchez,180 Bpw Club Rd #L8,Carrboro NC 27510
John Benjamin Marion Sanders,100 Rock Haven Rd #L304,Carrboro NC 27510
Shanina Devondia Sanders,180 Bpw Club Rd #K13,Carrboro NC 27510
Courtney Lauren Schnabel,303 Smith Level Rd #D12,Chapel Hill NC 27516
Lauren Christine Schnepper,303 Smith Level Rd #34d,Chapel Hill NC 27516
Jacob Marcus Schonberg,180 Bpw Club Rd #F12,Carrboro NC 27510
Laura Elizabeth Schulte,1000 Smith Level Rd #J20,Carrboro NC 27510
Jamila Irene Schwartz,1000 Smith Level Rd,Carrboro NC 27510
Robert S Schwarz,180 Bpw Club Rd #U1,Carrboro NC 27510
Calloway Brewster Scott,100 Rock Haven Rd #E306,Carrboro NC 27510
Jacqueline Jean Sculli,180 Bpw Club Rd #R6,Carrboro NC 27510
Justin B Seifts,303 Rossburn Way,Chapel Hill NC 27516
Rachel Hannah Joo Ah Seifts,303 Rossburn Way,Chapel Hill NC 27516
James Randolph Selby,404 Rossburn Way,Chapel Hill NC 27516
Kathryn Elizabeth Selby,404 Rossburn Way,Chapel Hill NC 27516
Leigha Rene Selby,404 Rossburn Way,Chapel Hill NC 27516
Robert Steven Selby,404 Rossburn Way,Chapel Hill NC 27516
Patrick Lyndon Selvey Jr,1000 Smith Level Rd #E24,Carrboro NC 27510
Emily Rachel Bing Shadur,100 Rock Haven Rd #N104,Carrboro NC 27510
Julia Madeleine Shadur,100 Rock Haven Rd #M-207,Carrboro NC 27510
Laura Ann Shaffer,100 Rock Haven Rd #208k,Carrboro NC 27510
Lisa Cummins Shaffer,180 Bpw Club Rd #B10,Carrboro NC 27510
Shantae Pearl Shahied,1000 Smith Level Rd #V16,Carrboro NC 27510
Ramzi A Shamma,303 Smith Level Rd #C13,Chapel Hill NC 27516
Kendra Heatwole Shank,1000 Smith Level Rd #B-11,Carrboro NC 27510
Amanda Clare Sharko,1000 Smith Level Rd #H3,Carrboro NC 27510
Marilyn Zych Shenk,100 Rock Haven Rd #K102,Carrboro NC 27510
Kelley Michelle Shepherd,101 Rock Haven Rd #A101,Carrboro NC 27510
Betsy Katherine Sherman,180 Bpw Club Rd #D9,Carrboro NC 27510
Laura Nicole Shew,100 Rock Haven Rd #K-305,Carrboro NC 27510
Bernard Demott Shieh,111 Loch Stone Lane,Cary NC 27518
Nicholas Scott Shuman,140 Bpw Club Rd #A19,Carrboro NC 27510
Alice Murray Simmons,103 Culbreth Rd #112,Chapel Hill NC 27516
Jeremy Mark Simon,1000 Smith Level Rd #S8,Carrboro NC 27510
Britney Lynn Sink,1000 Smith Level Rd #M-1,Carrboro NC 27510
Jill Elizabeth Skidmore,180 Bpw Club Rd #J3,Carrboro NC 27510
Michael Dale Smallwood,1000 Smith Level Rd #P4,Carrboro NC 27510
Patricia Ann Smar,303 Smith Level Rd #F32,Chapel Hill NC 27516
Allison Elizabeth Smith,100 Rock Haven Rd #G-101,Carrboro NC 27510
Dwight James Smith,100 Rock Haven Rd #D106,Carrboro NC 27510
Elisabeth Hagen Smith,304 Manor Ridge Dr,Carrboro NC 27510
Evan Frances Smith,1000 Smith Level Rd #M3,Carrboro NC 27510
Jessica Smith-Kaprosy,180 Bpw Club Rd #N9,Carrboro NC 27510
Laura Diane Smith,101 Rock Haven Rd #E504,Carrboro NC 27510
Laurie Diane Smith,100 Rock Haven Rd #D106,Carrboro NC 27510
Madeline C Smith,103 Culbreth Rd #104,Chapel Hill NC 27516
Matthew David Smith,180 Bpw Club Rd #H14,Carrboro NC 27510
Nathaniel Coates Smith,102 Misty Pines Pl,Carrboro NC 27510
Raphael Anthony Smith,180 Bpw Club Rd #T12,Carrboro NC 27510
Shasta Kim Smith,180 Bpw Club Rd #M13,Carrboro NC 27510
Zachary Philip Smith,100 Rock Haven Rd #B106,Carrboro NC 27510
Charles Burton Snell,105 Gateridge Pl,Carrboro NC 27510
Josiah Clinton Snovel,1000 Smith Level Rd #F16,Carrboro NC 27510
Opal May Zimmerman Snyder,103 Culbreth Rd #213,Chapel Hill NC 27516
Stephen Peter Sojka,180 Bpw Club Rd #V8,Carrboro NC 27510
Octavia Soule,1000 Smith Level Rd #R3,Carrboro NC 27510
Peter Soule,1000 Smith Level Rd #R3,Carrboro NC 27510
Bren Murray Sparling,411 Rossburn Way,Chapel Hill NC 27516
Whitaker Rand Sparling,411 Rossburn Way,Chapel Hill NC 27516
James Donald Speckart,140 Bpw Club Rd #D4,Carrboro NC 27510
Lisa Marie Spencer,303 Smith Level Rd #A13,Chapel Hill NC 27516
Sarah Louise Wynhause Sperry,140 Bpw Club Rd #D24,Carrboro NC 27510
Cory M Spicer,100 Rock Haven Rd #L208,Carrboro NC 27510
Casey James Spillman,100 Rock Haven Rd #J305,Carrboro NC 27510
Margaret Alston Coe Spivey,103 Culbreth Rd #302,Chapel Hill NC 27516
Patricia Elaine Sprigg,103 Orchard Ln,Carrboro NC 27510
Kurt Michael Spurlock,180 Bpw Club Rd #J-6,Carrboro NC 27510
Jennifer Marie Staab,180 Bpw Club Rd #L9,Carrboro NC 27510
Meagan Christina Staffiere,140 Bpw Club Rd #D9,Carrboro NC 27510
Juliette Ramona Stancil,180 Bpw Club Rd #H5,Carrboro NC 27510
Austin Jude Stanion,105 Oak Spring Ct,Carrboro NC 27510
Gregory Lynn Stanley,1000 Smith Level Rd #V9,Carrboro NC 27510
Kimberly Ann Stanley,1000 Smith Level Rd #V-10,Carrboro NC 27510
Steve Michael Stanley,1000 Smith Level Rd #V-10,Carrboro NC 27510
Katherine Alexa Steere,1000 Smith Level Rd #V15,Carrboro NC 27510
Matthew Lyndon Steere,100 Rock Haven Rd #E102,Carrboro NC 27510
Maria Gabriella Steinmetz,305 Rossburn Way,Chapel Hill NC 27516
Alexander Falk Stephan,1000 Smith Level Rd #K2,Carrboro NC 27510
Derick Anton Stephan,1000 Smith Level Rd #K2,Carrboro NC 27510
Kathleen A Stewart,100 Juniper Ct,Carrboro NC 27510
Nicole Rae St John,185 Bpw Club Rd #Q10,Carrboro NC 27510
Rene Jovanie Stokes,1000 Smith Level Rd #G8,Carrboro NC 27510
Jason Stover III,303 Smith Level Rd,Chapel Hill NC 27516
Alissandra Terese Stoyan,100 Rock Haven Rd #L208,Carrboro NC 27510
Natasha Tiffany Strande,1000 Smith Level Rd #G-10,Carrboro NC 27510
Samantha Lynn Strickland,180 Bpw Club Rd #K2,Carrboro NC 27510
Sean Edward Strickler,303 Smith Level Rd #F-22,Chapel Hill NC 27516
Rebecca Page Stroud,101 Rock Haven Rd #B206,Carrboro NC 27510
Sarah Anne Stucke,180 Bpw Club Rd #V4,Carrboro NC 27510
Osamu Joseph Sueyoshi,1000 Smith Level Rd #I8,Carrboro NC 27510
Andrea Lauren Summers,180 Bpw Club Rd #E-5,Carrboro NC 27510
Adam Zackery Sumrall,1000 Smith Level Rd #0-9,Carrboro NC 27510
Carol Ann Sundheimer,180 Bpw Club Rd #L11,Carrboro NC 27510
Jonathan David Sundheimer,180 Bpw Club Rd #L11,Carrboro NC 27510
Matthew James Susen,303 Smith Level Rd #D33,Chapel Hill NC 27516
Kristyn Nicole Swan,100 Rock Haven Rd #G206,Carrboro NC 27510
Jacob Garvey Sweat,140 Bpw Club Rd #B21,Carrboro NC 27510
Robert William Sweatt,1000 Smith Level Rd #K5,Carrboro NC 27510
William Samuel Swindell,180 Bpw Club Rd #D11,Carrboro NC 27510
Susan Elizabeth Swogger,180 Bpw Club Rd #H7,Carrboro NC 27510
Mary Hyunmee Sym,204 Morgan Hill Ct,Carrboro NC 27510
Wilma Catherine Szafarczyk,103 Culbreth Rd #203,Chapel Hill NC 27516
Marta Szmacinski,180 Bpw Club Rd #F-5,Carrboro NC 27510
Edward Eugene Tabares Jr,100 Rock Haven Rd #C-204,Carrboro NC 27510
Daniel Robert Taber,1000 Smith Level Rd #J-17,Carrboro NC 27510
Kristen Marie Tamburro,1000 Smith Level Rd #S1,Carrboro NC 27510
Jason Allen Tapley,180 Bpw Club Rd #H-1,Carrboro NC 27510
Daniel Philip Tappen,100 Rock Haven Rd #K207,Carrboro NC 27510
Deirdre Catherine Tatomer,100 Rock Haven Rd #E302,Carrboro NC 27510
Brian George Taylor,100 Rock Haven Rd #M112,Carrboro NC 27510
Ezekiel Mattew Taylor,140 Bpw Club Rd #D13,Carrboro NC 27510
Leigh Ann Taylor,1000 Smith Level Rd #L13,Carrboro NC 27510
Dwain Posey Teague,100 Rock Haven Rd #D-102,Carrboro NC 27510
Jessica Dawn Teeples,1000 Smith Level Rd #U2,Carrboro NC 27510
Elizabeth Rose Thill,1000 Smith Level Rd #J10,Carrboro NC 27510
Stephen Donald Thill,1000 Smith Level Rd #E1,Carrboro NC 27510
Danita Francine Thomas,180 Bpw Club Rd #42,Carrboro NC 27510
Jacqueline Tyler Thomas,303 Smith Level Rd #B32,Chapel Hill NC 27516
Joel Wesley Thomas,303 Smith Level Rd #E12,Chapel Hill NC 27516
Elizabeth Jordan Thorndyke,142 Bpw Club Rd #E03,Carrboro NC 27510
Samuel Robert Thornton,180 Bpw Club Rd #L14,Carrboro NC 27510
Frances Jean Thorpe,405 Smith Level Rd,Chapel Hill NC 27516
David Robert Ticehurst,303 Smith Level Rd #E-34,Chapel Hill NC 27516
Aaron Marlow Tingey,1000 Smith Level Rd #P7,Carrboro NC 27510
Deborah A Tobias Murphy,304 Rossburn Way,Chapel Hill NC 27516
Aaron Drew Todd,303 Smith Level Rd #C34,Chapel Hill NC 27516
Arrel Dwayne Toews,202 Orchard Ln,Carrboro NC 27510
Kathleen Neufeld Toews,202 Orchard Ln,Carrboro NC 27510
Julianne Denice Toler,180 Bpw Club Rd #J12,Carrboro NC 27510
Laura Ann Tollini,140 Bpw Club Rd #C17,Carrboro NC 27510
Rebecca Byars Tompkins,1000 Smith Level Rd #D9,Carrboro NC 27510
Curt Allsion Torell,103 Orchard Ln,Carrboro NC 27510
Joshua Sprigg Torell,103 Orchard Ln,Carrboro NC 27510
Matthew Sprigg Torell,103 Orchard Ln,Carrboro NC 27510
Karen Patricia Tosti,101 Rock Haven Rd #F-604,Carrboro NC 27510
Charlotte Louise Townes,180 Bpw Club Rd #K2,Carrboro NC 27510
Armond Rasheen Towns,100 Rock Haven Rd #D108,Carrboro NC 27510
Carolyn Linnea Treasure,303 Smith Level Rd #D-13,Chapel Hill NC 27516
Benjamin Andrew Triplett,101 Rock Haven Rd #A101,Carrboro NC 27510
Sarah Elizabeth Truluck,100 Rock Haven Rd #L204,Carrboro NC 27510
Alana Marie Tucker,303 Smith Level Rd #F-31,Chapel Hill NC 27516
John Richard Tumbleston,180 Bpw Club Rd #E-14,Carrboro NC 27510
William Jackson Turbyfill III,100 Rock Haven Rd #J101,Carrboro NC 27510
Amy Loren Turner,140 Bpw Club Rd #B15,Carrboro NC 27510
Arrick Jerome Turner,180 Bpw Club Rd #A10,Carrboro NC 27510
Melissa Anne Turner,180 Bpw Club Rd #A10,Carrboro NC 27510
Christian Randolph Tyner,140 Bpw Club Rd #D23,Carrboro NC 27510
Rachel Dyane Upton,1000 Smith Level Rd #E15,Carrboro NC 27510
Rycel Lim Uy,303 Smith Level Rd #F-33,Chapel Hill NC 27516
Tanya Vacharkulksemsuk,140 Bpw Club Rd #D18,Carrboro NC 27510
Natarajan Vaidhyanathan,209 Manor Ridge Dr,Carrboro NC 27510
Jose Ramon Valencia,1000 Smith Level Rd #E9,Carrboro NC 27510
Glenn Stephen Vance,100 Rock Haven Rd #M203,Carrboro NC 27510
Melody Susan Hoskins Van Lidth De Jeude,105 Bpw Club Rd #B,Carrboro NC 27510
Peter Cornelis Philip Van Lidth De Jeude,105 Bpw Club Rd #B,Carrboro NC 27510
Maria Weems Van Ryn,140 Bpw Club Rd #B17,Carrboro NC 27510
Jeanette Ann Vanvickle,404 Rossburn Way,Chapel Hill NC 27516
Jennifer Sue Vanvickle,309 Rossburn Way,Chapel Hill NC 27516
Valerie Leigh Varnell,180 Bpw Club Rd #N14,Carrboro NC 27510
Elizabeth Ann Vasievich,303 Smith Level Rd #D23,Chapel Hill NC 27516
Alejandro Velazquez,100 Rock Haven Rd #N-106,Carrboro NC 27510
Ricardo Velazquez,100 Rock Haven Rd #N-106,Carrboro NC 27510
Melissa Rose Verdin,100 Rock Haven Rd #K305,Carrboro NC 27510
Mary Paul Viverette,140 Bpw Club Rd #F17,Carrboro NC 27510
Meagen Kathleen Voss,1000 Smith Level Rd #B7,Carrboro NC 27510
Carolyn Eileen Wait,180 Bpw Club Rd #S1,Carrboro NC 27510
Ashley Estelle Walker,101 Rock Haven Rd #102-A,Carrboro NC 27510
Brandon Winston Walker,101 Rock Haven Rd #E505,Carrboro NC 27510
Brenton James Walker,101 Rock Haven Rd #E505,Carrboro NC 27510
Eleanor L Walker,101 Rock Haven Rd #E-505,Carrboro NC 27510
John Alexander Walker III,140 Bpw Club Rd #E-15,Carrboro NC 27510
Tabitha Elizabeth Walker,303 Smith Level Rd #E32,Chapel Hill NC 27516
Brittany Marie Walla,140 Bpw Club Rd #A9,Carrboro NC 27510
Michael Lyn Wallace,1000 Smith Level Rd #D2,Carrboro NC 27510
Richard C Wall,103 Culbreth Rd #110,Chapel Hill NC 27516
Rachael Kenney Walsh,102 Orchard Ln,Carrboro NC 27510
Sean P Walsh,102 Orchard Ln,Carrboro NC 27510
Martha Alberta Lasley Warner,101 Rock Haven Rd #G-700,Carrboro NC 27510
Joyce A Waterbury,703 Manor Ridge Dr,Carrboro NC 27510
Angela Watson,101 Rock Haven Rd #102a,Carrboro NC 27510
Paul Steven Watson,104 Gateridge Pl,Carrboro NC 27510
Angie Michelle Watts,1000 Smith Level Rd #S-5,Carrboro NC 27510
Dionna Rachel Weaver,180 Bpw Club Rd #L6,Carrboro NC 27510
Juliana Dee Weaver,1000 Smith Level Rd #K-3,Carrboro NC 27510
Christy Anne Webb,140 Bpw Club Rd #F7,Carrboro NC 27510
Jennifer Nicole Weinberg,104 Juniper Ct,Carrboro NC 27510
Mark Andrew Weinberg,104 Juniper Ct,Carrboro NC 27510
Rachel Elizabeth Weiner,303 Smith Level Rd #A24,Chapel Hill NC 27516
Frances K Welden,103 Culbreth Rd #311,Chapel Hill NC 27516
James Anthony Wells Jr,180 Bpw Club Rd #D8,Carrboro NC 27510
Catherine Elizabeth Welsh,140 Bpw Club Rd #E23,Carrboro NC 27510
Joann Patrice Whetsell,180 Bpw Club Rd #M5,Carrboro NC 27510
Gregory Harold Whisenhunt,100 Rock Haven Rd #L103,Carrboro NC 27510
Bernice S Whitefield,405 Smith Level Rd,Chapel Hill NC 27516
Alicia Burnette Whitley,100 Rock Haven Rd #G304,Carrboro NC 27510
Jeremy Scott Whitley,100 Rock Haven Rd #G304,Carrboro NC 27510
Sarah Elizabeth Whitmarsh,1000 Smith Level Rd #J8,Carrboro NC 27510
Jean Alice Wiatrak,1000 Smith Level Rd #P9,Carrboro NC 27510
Jeffrey Scott Widmayer,1000 Smith Level Rd #E-10,Carrboro NC 27510
Benjamin Francis Wildfire,303 Smith Level Rd #F22,Chapel Hill NC 27516
David Michael Wiley,180 Bpw Club Rd #V8,Carrboro NC 27510
Jordan Reid Wilkes,100 Rock Haven Rd #P201,Carrboro NC 27510
David Raymond Williams,180 Bpw Club Rd #T7,Carrboro NC 27510
Shandel Jacque Williams-Johnson,303 Smith Level Rd #E13,Chapel Hill NC 27516
Melissa Ann Wills,100 Rock Haven Rd #J206,Carrboro NC 27510
Raymond Junior Wilson II,303 Smith Level Rd #F24,Chapel Hill NC 27516
Tiffany Scarlett Wilson,303 Smith Level Rd #D21,Carrboro NC 27510
Jerome Michael Winchester,180 Bpw Club Rd #T9,Carrboro NC 27510
Nekeshia Evette Winchester,180 Bpw Club Rd #T9,Carrboro NC 27510
Lois Chappell Winkler,1000 Smith Level Rd #E7,Carrboro NC 27510
Alison Sara Wise,140 Bpw Club Rd #D24,Carrboro NC 27510
Denise A Wisnowski,610 Manor Ridge Dr,Carrboro NC 27510
Michael G Wisnowski,610 Manor Ridge Dr,Carrboro NC 27510
Ryan Lee Witherspoon,1000 Smith Level Rd #L13,Carrboro NC 27510
Samuel Paul Woods,100 Rock Haven Rd #G201,Carrboro NC 27510
Nathan Michael Woodward,100 Rock Haven Rd #G103,Carrboro NC 27510
Christine Reisha Woolford,180 Bpw Club Rd #N5,Carrboro NC 27510
Terrance Duanta Worlds,180 Bpw Club Rd #A9,Carrboro NC 27510
Rebecca Jane Worsham,1000 Smith Level Rd #B-7,Carrboro NC 27510
Edward K Wotortsi,303 Smith Level Rd #C24,Chapel Hill NC 27516
Kristin Marie Wouk,100 Rock Haven Rd #L303,Carrboro NC 27510
Crystally Fontail Wright,180 Bpw Club Rd #E9,Carrboro NC 27510
Dashia Wright,180 Bpw Club Rd #J1,Carrboro NC 27510
James William Wright,1000 Smith Level Rd #F23,Carrboro NC 27510
Brett Andrew Yates,180 Bpw Club Rd #R5,Carrboro NC 27510
Elizabeth Anne Yates,303 Smith Level Rd #B21,Chapel Hill NC 27516
Glenn Anthony Yount Jr,1000 Smith Level Rd #T-3,Carrboro NC 27510
Jared David Zajac,303 Smith Level Rd #A23,Chapel Hill NC 27516
Bryon Munro Zandt,303 Smith Level Rd #E12,Chapel Hill NC 27516
Lindsay Dawn Zastrow,100 Rock Haven Rd #K-305,Carrboro NC 27510
Alison Kara Zink,140 Bpw Club Rd #F24,Carrboro NC 27510
Paige Jennings Zinn,306 Rossburn Way,Chapel Hill NC 27516
